net/minecraft/client/gui/narration/NarrationSupplier	0	0
net/minecraft/client/searchtree/SuffixArray	229	218
	20	22
	21	23
	23	24
	27	27
	36	35
	37	36
	38	37
	40	38
	41	40
	42	41
	43	42
	44	43
	46	46
	47	47
	48	48
	49	49
	52	52
	54	53
	56	54
	57	55
	58	56
	60	57
	61	57
	62	57
	64	57
	67	58
	68	59
	69	60
	70	61
	71	62
	73	63
	74	64
	75	65
	77	66
	78	67
	79	68
	81	70
	83	72
	84	73
	87	76
	89	78
	90	78
	91	79
	92	80
	93	81
	94	79
	97	84
	99	86
	100	87
	101	88
	103	90
	107	78
	110	95
	111	96
	113	97
	114	98
	115	100
	116	101
	117	102
	118	103
	120	106
	121	107
	123	109
	126	112
	127	113
	129	116
	130	117
	133	120
	134	121
	136	122
	137	124
	138	125
	139	126
	141	129
	142	130
	145	134
	147	137
	152	141
	153	142
	155	144
	156	145
	157	146
	158	147
	161	150
	162	151
	163	152
	164	153
	165	156
	166	157
	170	161
	174	165
	178	166
	179	167
	181	169
	182	170
	183	171
	184	172
	185	173
	187	176
	188	177
	190	179
	194	183
	195	218
	198	184
	200	185
	201	187
	202	188
	203	189
	204	190
	205	191
	207	194
	208	195
	210	197
	214	201
	217	202
	218	204
	219	205
	222	208
	223	209
	225	210
	226	212
	227	213
	229	216
net/minecraft/client/MouseHandler	335	312
	256	234
	257	235
	260	238
	261	239
	263	240
	264	241
	265	242
	268	245
	269	246
	270	247
	272	253
	275	256
	279	260
	283	264
	287	268
	291	272
	295	276
	296	277
	43	38
	44	39
	301	280
	47	42
	48	114
	305	284
	306	299
	51	43
	52	44
	308	285
	309	299
	55	47
	311	286
	312	287
	58	48
	314	290
	59	49
	315	291
	60	50
	316	292
	61	51
	317	293
	62	52
	318	294
	319	295
	64	54
	320	296
	65	55
	321	299
	66	56
	324	302
	325	308
	70	60
	71	61
	327	303
	72	62
	328	304
	73	63
	329	305
	330	306
	75	66
	331	308
	76	67
	77	68
	78	69
	334	311
	79	70
	335	312
	81	73
	83	76
	85	77
	87	78
	88	79
	89	80
	92	83
	93	84
	94	85
	96	86
	97	87
	98	88
	100	90
	103	95
	104	96
	105	97
	106	98
	107	99
	108	100
	109	101
	112	104
	113	105
	114	106
	115	107
	117	109
	121	114
	124	117
	126	118
	127	119
	129	120
	130	121
	131	122
	132	123
	133	124
	134	125
	135	126
	136	127
	138	130
	139	131
	140	132
	141	133
	144	136
	146	137
	147	138
	148	139
	150	141
	151	142
	154	145
	158	150
	161	153
	162	154
	164	156
	167	160
	168	161
	169	162
	170	163
	172	165
	173	167
	174	168
	176	171
	177	172
	179	174
	182	177
	183	209
	185	178
	186	179
	187	180
	188	181
	191	184
	192	185
	193	186
	194	187
	196	188
	198	189
	199	190
	200	191
	201	192
	203	195
	206	198
	208	199
	209	200
	210	201
	213	204
	215	205
	216	206
	218	207
	219	209
	223	212
	224	213
	225	214
	227	215
	228	250
	229	251
	231	253
	237	216
	238	217
	239	218
	241	221
	242	222
	243	223
	244	224
	245	225
	246	226
	247	227
	248	228
	250	229
	251	230
	253	232
	254	233
net/minecraft/client/model/WitherBossModel	106	95
	64	62
	67	64
	68	65
	69	65
	72	67
	73	67
	74	68
	75	69
	77	70
	82	75
	87	79
	88	80
	90	81
	91	82
	93	83
	94	84
	95	85
	32	31
	33	32
	34	33
	99	88
	36	34
	100	89
	37	35
	101	90
	38	36
	39	37
	104	93
	105	94
	42	40
	106	95
	43	41
	45	42
	46	43
	47	43
	51	45
	53	46
	54	48
	55	49
	56	51
	57	53
	58	55
	59	57
	61	59
	62	61
	63	61
com/mojang/realmsclient/client/RealmsClient	488	476
	45	459
	46	460
	47	461
	53	467
	54	468
	55	469
	58	472
	59	473
	60	474
	61	475
	62	476
	67	45
	70	47
	123	95
	124	96
	128	100
	129	101
	131	102
	132	103
	133	104
	134	104
	135	105
	136	105
	139	108
	143	112
	144	113
	147	116
	148	117
	151	120
	152	121
	155	124
	156	125
	157	126
	159	127
	160	128
	163	131
	164	132
	165	133
	169	137
	170	138
	171	139
	173	140
	174	140
	176	140
	181	144
	182	146
	183	147
	184	148
	187	152
	191	156
	192	157
	193	158
	196	161
	197	162
	198	163
	201	166
	202	167
	203	168
	207	172
	208	173
	209	174
	213	178
	214	179
	215	180
	219	184
	220	185
	221	186
	225	190
	226	191
	227	192
	228	193
	229	194
	232	197
	233	198
	234	199
	238	203
	239	204
	240	205
	244	209
	245	210
	249	213
	250	214
	251	215
	254	213
	258	220
	259	221
	260	222
	263	225
	264	226
	265	227
	268	230
	269	231
	271	232
	272	233
	273	234
	277	238
	278	239
	279	240
	283	244
	284	245
	285	246
	286	247
	289	250
	290	251
	291	252
	292	253
	296	256
	297	257
	298	258
	302	262
	303	263
	304	264
	307	267
	308	270
	309	271
	313	275
	314	276
	315	277
	319	281
	320	282
	321	283
	325	287
	326	288
	327	289
	331	293
	332	294
	333	295
	337	299
	338	300
	339	301
	343	306
	344	308
	345	309
	346	310
	350	314
	351	315
	352	316
	353	317
	357	321
	358	322
	359	323
	364	327
	368	331
	369	332
	370	333
	371	334
	372	335
	377	340
	378	341
	379	342
	381	343
	386	348
	387	349
	388	350
	391	353
	392	354
	393	355
	398	360
	399	361
	403	365
	404	366
	405	367
	408	370
	409	371
	410	372
	413	375
	414	376
	415	377
	419	381
	420	382
	421	383
	424	386
	425	387
	426	388
	430	392
	431	393
	432	394
	435	397
	440	402
	441	403
	442	404
	447	409
	448	410
	449	411
	452	414
	454	415
	455	435
	456	436
	459	416
	461	417
	462	419
	463	420
	464	421
	465	422
	468	424
	469	425
	470	426
	471	427
	473	429
	474	430
	475	431
	479	418
	480	438
	481	439
	486	444
	487	445
	488	446
com/mojang/realmsclient/exception/RealmsServiceException	40	43
	32	34
	33	35
	34	36
	36	38
	40	43
	16	18
	17	19
	18	20
	19	21
	20	22
	23	25
	24	26
	25	27
	26	28
	27	29
	31	33
net/minecraft/client/gui/components/toasts/ToastComponent	162	158
	130	132
	131	133
	132	134
	133	134
	135	134
	140	138
	142	139
	143	140
	144	141
	147	144
	148	145
	151	148
	152	149
	153	150
	26	26
	154	151
	27	27
	156	152
	157	153
	30	30
	158	154
	31	54
	159	155
	34	31
	162	158
	35	32
	36	33
	37	34
	38	35
	40	37
	43	40
	44	41
	45	42
	46	43
	47	44
	48	45
	49	46
	50	47
	52	49
	55	54
	58	57
	59	58
	60	60
	61	61
	62	62
	63	63
	64	64
	68	69
	72	73
	78	78
	79	79
	80	80
	83	84
	84	85
	85	86
	88	90
	92	94
	93	95
	94	96
	95	97
	98	100
	99	101
	102	104
	106	108
	120	122
	121	123
	122	124
	123	125
	126	128
net/minecraft/client/renderer/texture/OverlayTexture	73	64
	64	55
	34	25
	35	26
	68	59
	40	31
	72	63
	41	32
	73	64
	42	33
	43	34
	44	35
	48	39
	17	14
	49	40
	52	43
	53	44
	22	15
	23	18
	56	47
	27	20
	28	21
	60	51
	29	22
	31	23
com/mojang/realmsclient/dto/RealmsServerPing	5	9
	4	8
	5	9
net/minecraft/client/renderer/entity/layers/EnderEyesLayer	18	21
	18	21
	10	13
	13	16
	14	17
net/minecraft/client/gui/components/MultiLineLabel	151	180
	67	94
	68	94
	72	95
	76	99
	17	19
	81	104
	82	106
	83	107
	84	108
	149	178
	22	24
	86	111
	150	179
	151	180
	27	29
	91	116
	92	118
	93	119
	94	120
	32	34
	96	123
	37	39
	101	128
	102	130
	103	131
	104	132
	41	43
	106	135
	46	48
	111	140
	112	141
	113	142
	114	142
	51	57
	116	144
	55	68
	120	148
	59	78
	125	153
	63	88
net/minecraft/client/gui/screens/BackupConfirmScreen	63	73
	21	23
	22	24
	23	25
	24	26
	25	27
	26	28
	30	32
	32	33
	34	34
	35	36
	36	41
	37	46
	38	48
	39	49
	40	50
	42	52
	46	56
	47	57
	48	58
	49	59
	50	60
	54	64
	59	69
	60	70
	61	71
	63	73
net/minecraft/client/resources/metadata/texture/package-info	0	0
com/mojang/realmsclient/util/task/ResettingWorldTask	59	63
	11	14
	19	20
	20	21
	21	22
	22	23
	28	29
	29	30
	30	31
	32	35
	33	36
	36	39
	38	40
	39	41
	42	44
	44	45
	45	46
	46	47
	47	48
	49	51
	50	53
	51	54
	52	55
	54	58
	55	59
	56	60
	57	52
	59	63
net/minecraft/client/renderer/entity/layers/SlimeOuterLayer	44	43
	34	32
	35	33
	37	35
	40	38
	41	39
	42	40
	43	41
	44	43
	20	23
	21	24
	22	25
	26	28
	27	29
	29	30
	30	43
net/minecraft/client/renderer/entity/RabbitRenderer	37	39
	32	34
	33	35
	34	36
	35	37
	36	38
	37	39
	10	13
	11	14
	12	15
	13	16
	14	17
	15	18
	16	19
	17	20
	20	23
	21	24
	25	27
	26	28
	27	29
	30	32
	31	33
net/minecraft/client/renderer/texture/SimpleTexture	124	128
	19	21
	24	25
	25	26
	29	30
	32	31
	34	32
	35	35
	36	36
	37	37
	39	39
	40	40
	42	43
	43	44
	44	45
	45	45
	46	45
	48	47
	50	49
	53	52
	54	53
	55	54
	58	57
	70	70
	71	71
	72	72
	73	73
	76	76
	77	77
	78	78
	79	79
	83	83
	86	86
	87	87
	89	90
	91	93
	92	94
	93	95
	95	98
	96	99
	97	100
	103	106
	107	110
	108	111
	110	113
	115	119
	116	120
	118	122
	121	125
	122	126
	124	128
net/minecraft/client/multiplayer/resolver/ResolvedServerAddress	33	36
	33	36
	18	21
	23	26
	28	31
	15	18
com/mojang/blaze3d/shaders/package-info	0	0
net/minecraft/client/particle/SculkChargeParticle	46	48
	33	33
	34	34
	35	35
	40	42
	41	43
	10	13
	42	44
	11	14
	43	45
	44	46
	13	15
	45	47
	14	16
	46	48
	16	17
	18	18
	19	19
	23	23
	28	28
net/minecraft/client/renderer/GameRenderer	1538	1701
	1024	1207
	1025	1208
	1026	1209
	1027	1210
	1029	1212
	1031	1214
	1033	1216
	1036	1219
	1037	1220
	1040	1223
	1041	1224
	1042	1225
	1044	1226
	1045	1227
	1046	1228
	1047	1229
	1048	1230
	1049	1231
	1050	1232
	1052	1234
	1053	1235
	1054	1236
	1058	1242
	1062	1246
	1063	1247
	1064	1248
	1067	1251
	1069	1252
	1070	1253
	1072	1254
	1073	1255
	1074	1256
	1075	1257
	1077	1258
	1078	1259
	1080	1260
	1081	1261
	1082	1262
	1084	1265
	1085	1266
	1086	1267
	1087	1268
	1089	1269
	1090	1270
	1092	1271
	1093	1272
	1094	1273
	1095	1274
	1096	1275
	1099	1278
	1100	1279
	1102	1280
	1104	1287
	1105	1288
	1106	1289
	1107	1290
	1109	1291
	1110	1294
	89	88
	91	89
	1134	1295
	1135	1296
	1136	1297
	1137	1298
	1139	1301
	1140	1302
	1143	1305
	1144	1306
	1145	1307
	1146	1308
	1147	1309
	1150	1312
	1154	1316
	1155	1317
	1156	1318
	1157	1319
	1158	1320
	1161	1323
	1162	1351
	1165	1324
	1166	1325
	1167	1326
	1168	1327
	1169	1328
	1170	1329
	148	142
	1172	1330
	1173	1331
	1175	1332
	1176	1333
	1177	1334
	1178	1335
	1179	1336
	1180	1337
	1181	1338
	1182	1339
	1183	1340
	1184	1341
	1185	1342
	1186	1343
	1187	1346
	1188	1347
	1189	1348
	1190	1349
	1191	1351
	1194	1354
	1195	1355
	1197	1356
	174	150
	1198	1357
	1199	1358
	1200	1359
	1201	1360
	1203	1361
	1204	1362
	1205	1363
	1207	1364
	1208	1365
	1209	1366
	1210	1367
	1211	1368
	1212	1369
	1213	1370
	1214	1371
	1215	1372
	1216	1373
	1217	1374
	1219	1375
	1220	1376
	1223	1379
	1227	1383
	1231	1387
	1235	1391
	1239	1395
	1243	1399
	1248	1404
	1253	1409
	1258	1414
	1263	1419
	1268	1424
	1273	1429
	1278	1434
	1283	1439
	1288	1444
	1293	1449
	1298	1454
	1303	1459
	1308	1464
	1313	1469
	1318	1474
	1323	1479
	303	276
	304	277
	1328	1484
	305	278
	306	279
	307	280
	308	281
	1333	1489
	310	282
	311	283
	1338	1494
	315	287
	316	288
	317	289
	318	290
	319	291
	1343	1499
	320	292
	321	293
	323	295
	1348	1504
	326	298
	327	299
	1353	1509
	330	302
	331	303
	334	306
	1358	1514
	335	307
	338	310
	1363	1519
	342	314
	343	315
	1368	1524
	345	318
	346	319
	347	320
	1373	1529
	350	323
	351	324
	354	327
	1378	1534
	355	328
	357	331
	359	332
	1383	1539
	360	333
	361	334
	362	335
	363	336
	364	337
	1388	1544
	366	339
	369	342
	1393	1549
	370	354
	373	343
	374	344
	1398	1554
	378	347
	379	348
	1403	1559
	380	349
	382	351
	384	354
	1408	1564
	387	357
	388	358
	1413	1569
	392	362
	393	363
	394	364
	1418	1574
	395	365
	396	366
	397	367
	398	368
	399	369
	1423	1579
	400	370
	401	371
	402	372
	404	374
	1428	1584
	1433	1589
	409	1700
	410	1701
	411	1701
	413	1701
	1438	1594
	418	377
	1443	1599
	422	379
	423	382
	424	383
	1448	1604
	426	389
	427	390
	428	391
	429	392
	1453	1609
	430	393
	431	394
	433	395
	1458	1614
	435	397
	436	398
	1463	1619
	441	402
	442	403
	443	404
	1468	1624
	445	407
	446	408
	447	409
	449	411
	1473	1629
	451	413
	1478	1634
	455	416
	1483	1639
	461	422
	462	423
	1488	1644
	465	427
	466	428
	467	429
	1493	1649
	470	432
	471	433
	472	434
	473	435
	474	436
	1498	1654
	475	437
	476	438
	479	439
	1503	1659
	480	440
	484	444
	1508	1664
	485	445
	486	446
	487	447
	488	448
	1513	1669
	493	453
	1518	1674
	497	454
	498	455
	499	456
	1523	1679
	500	457
	502	458
	1528	1684
	505	461
	506	462
	507	464
	508	469
	509	475
	1533	1689
	510	481
	511	485
	512	490
	513	496
	514	502
	1538	1694
	516	506
	517	511
	518	515
	519	519
	520	525
	521	531
	522	537
	523	543
	524	549
	525	555
	526	561
	527	567
	528	573
	529	579
	530	585
	531	591
	532	596
	533	602
	534	608
	535	614
	536	620
	537	624
	538	629
	539	635
	540	640
	541	646
	542	652
	543	658
	544	664
	545	669
	546	675
	547	681
	548	687
	549	693
	550	699
	551	705
	552	711
	553	717
	554	723
	555	729
	556	733
	557	737
	558	743
	559	749
	560	754
	561	758
	562	763
	563	769
	564	775
	565	778
	566	779
	567	780
	570	783
	572	784
	573	785
	574	786
	575	787
	576	788
	577	789
	580	792
	581	793
	582	794
	583	795
	587	799
	588	799
	590	799
	594	803
	595	804
	597	805
	598	806
	600	809
	602	810
	604	811
	605	812
	607	813
	608	814
	609	815
	610	816
	611	817
	613	819
	614	820
	617	823
	618	824
	619	825
	620	826
	623	829
	627	833
	631	837
	632	838
	635	841
	636	842
	639	845
	640	846
	641	894
	643	847
	644	894
	647	848
	649	849
	651	850
	652	851
	654	852
	657	853
	658	854
	661	855
	662	856
	663	857
	664	858
	666	860
	667	861
	669	864
	672	867
	674	868
	675	869
	678	872
	679	873
	680	874
	682	875
	684	876
	686	877
	687	878
	688	879
	689	880
	690	881
	691	882
	693	883
	694	884
	695	885
	696	886
	701	891
	702	894
	705	897
	706	898
	707	899
	709	900
	712	903
	713	904
	715	905
	716	906
	718	909
	719	910
	721	912
	724	915
	725	916
	728	919
	729	920
	730	921
	731	922
	733	925
	734	926
	736	927
	739	930
	740	931
	741	932
	744	935
	748	939
	749	940
	751	941
	753	942
	754	943
	756	944
	759	947
	760	948
	762	951
	763	952
	765	953
	767	954
	768	955
	769	956
	770	957
	772	959
	775	962
	776	971
	778	963
	780	964
	781	965
	782	966
	783	967
	784	968
	785	969
	786	971
	789	974
	790	975
	791	976
	792	977
	793	978
	794	979
	795	980
	796	981
	799	984
	800	1020
	803	985
	804	986
	806	987
	807	988
	808	989
	809	990
	812	993
	814	994
	815	998
	816	999
	817	1007
	820	1010
	821	1011
	822	1012
	823	1013
	825	1016
	826	1017
	828	1020
	831	1023
	832	1024
	835	1027
	836	1028
	838	1029
	839	1030
	840	1031
	843	1034
	844	1042
	848	1046
	852	1050
	853	1051
	854	1051
	856	1051
	861	1055
	862	1062
	864	1058
	865	1059
	869	1065
	870	1169
	873	1066
	874	1067
	876	1068
	877	1069
	878	1070
	880	1071
	882	1072
	884	1073
	886	1074
	887	1075
	888	1076
	890	1077
	892	1078
	894	1081
	897	1084
	898	1085
	900	1087
	902	1088
	904	1089
	905	1090
	906	1091
	907	1092
	908	1093
	910	1094
	912	1095
	914	1096
	915	1097
	916	1098
	917	1099
	918	1100
	919	1101
	920	1102
	924	1106
	925	1107
	926	1108
	927	1109
	929	1112
	932	1115
	934	1117
	935	1118
	936	1119
	937	1120
	939	1121
	941	1122
	943	1124
	945	1126
	946	1127
	947	1128
	948	1129
	950	1130
	951	1133
	952	1138
	954	1147
	959	1151
	960	1152
	962	1154
	963	1155
	964	1156
	965	1157
	967	1158
	971	1162
	972	1163
	973	1164
	975	1165
	977	1166
	978	1167
	979	1169
	982	1172
	983	1188
	986	1173
	987	1174
	988	1188
	990	1175
	992	1176
	993	1177
	994	1188
	997	1178
	998	1179
	999	1180
	1002	1182
	1004	1184
	1005	1188
	1008	1191
	1009	1192
	1010	1193
	1011	1194
	1012	1195
	1013	1196
	1014	1197
	1015	1198
	1016	1199
	1017	1200
	1019	1202
	1020	1203
	1023	1206
net/minecraft/client/telemetry/events/GameLoadTimesEvent	76	89
	64	74
	65	76
	66	77
	68	79
	69	81
	72	84
	73	85
	76	89
	19	21
	21	22
	28	28
	29	29
	32	32
	33	33
	36	36
	37	37
	40	42
	41	43
	44	46
	45	47
	46	48
	47	54
	49	50
	50	51
	52	54
	55	57
	56	60
	57	61
	58	64
	59	65
	60	66
	62	68
net/minecraft/client/model/EntityModel	32	33
	16	18
	32	33
	19	21
	20	22
	25	27
	29	30
	30	31
	15	14
	31	32
net/minecraft/client/gui/screens/worldselection/OptimizeWorldScreen	123	153
	32	34
	34	35
	35	37
	36	38
	37	39
	38	40
	39	41
	46	61
	47	55
	48	56
	49	57
	50	77
	51	78
	52	79
	53	80
	58	92
	59	93
	60	94
	61	95
	65	99
	67	100
	68	101
	69	102
	70	103
	71	104
	75	108
	76	109
	78	111
	82	115
	83	116
	87	120
	88	121
	92	125
	94	126
	96	127
	97	128
	98	129
	99	130
	101	131
	103	132
	104	133
	106	134
	107	135
	108	136
	110	139
	111	141
	112	142
	113	143
	114	144
	117	147
	118	148
	119	149
	122	152
	123	153
net/minecraft/client/renderer/entity/ZombieVillagerRenderer	31	34
	16	18
	17	21
	18	22
	19	23
	21	26
	22	27
	26	30
	11	14
	14	17
	31	34
net/minecraft/client/renderer/texture/StitcherException	22	18
	18	14
	19	15
	22	18
	10	13
	13	13
	14	13
	15	13
net/minecraft/client/renderer/entity/GlowSquidRenderer	28	25
	19	20
	24	24
	25	25
	26	25
	11	13
	28	25
	14	16
	15	17
net/minecraft/client/renderer/entity/layers/ArrowLayer	36	39
	32	35
	33	36
	18	21
	34	37
	19	22
	35	38
	20	23
	36	39
	24	27
	29	32
	30	33
	31	34
net/minecraft/client/renderer/debug/WaterDebugRenderer	54	58
	32	34
	33	34
	35	34
	36	35
	40	44
	41	45
	42	46
	43	47
	46	50
	47	51
	16	19
	48	52
	17	20
	49	53
	21	24
	22	25
	54	58
	24	27
	25	28
	26	29
	27	30
	29	31
	30	34
	31	34
net/minecraft/client/renderer/entity/PolarBearRenderer	25	26
	18	20
	23	24
	24	25
	25	26
	10	13
	13	16
	14	17
net/minecraft/client/model/SkullModelBase	8	11
	7	10
	8	11
com/mojang/realmsclient/gui/screens/RealmsLongConfirmationScreen	75	81
	65	67
	66	68
	69	72
	70	73
	73	79
	74	80
	75	81
	13	15
	14	16
	24	26
	25	27
	26	28
	27	29
	28	30
	29	31
	30	32
	34	36
	35	38
	36	40
	38	42
	40	44
	44	48
	49	53
	50	54
	51	55
	53	57
	58	63
	60	64
	61	65
	63	66
net/minecraft/client/tutorial/CompletedTutorialStepInstance	5	9
	5	9
net/minecraft/client/gui/screens/recipebook/RecipeCollection	121	124
	64	66
	65	67
	66	68
	67	69
	69	71
	71	74
	72	75
	74	77
	77	80
	80	83
	84	87
	88	91
	25	26
	26	27
	28	28
	92	95
	29	29
	31	31
	96	99
	33	33
	97	100
	99	102
	36	36
	100	103
	37	37
	101	104
	38	39
	39	40
	40	41
	41	42
	105	108
	44	46
	109	112
	111	114
	48	50
	112	115
	113	116
	52	54
	117	120
	56	58
	57	59
	121	124
	58	60
	61	63
net/minecraft/client/gui/screens/package-info	0	0
net/minecraft/client/renderer/debug/ChunkDebugRenderer	111	134
	31	35
	32	36
	36	40
	37	41
	38	42
	40	43
	42	44
	43	45
	45	47
	49	51
	50	52
	51	53
	52	55
	53	56
	54	57
	55	58
	56	59
	58	62
	59	63
	60	65
	61	67
	62	79
	66	83
	73	91
	74	92
	75	93
	76	94
	78	95
	79	96
	80	98
	81	99
	82	100
	83	101
	84	102
	85	103
	86	104
	87	105
	89	107
	90	108
	92	111
	95	115
	96	116
	97	117
	98	118
	99	119
	101	122
	102	123
	103	125
	104	126
	105	127
	106	128
	109	132
	111	134
net/minecraft/client/gui/components/spectator/package-info	0	0
net/minecraft/client/gui/narration/package-info	0	0
net/minecraft/client/color/block/BlockColors	143	137
	128	122
	130	124
	133	127
	134	128
	136	130
	139	133
	140	134
	143	137
	30	31
	31	32
	34	35
	36	36
	37	37
	38	39
	40	38
	42	43
	44	44
	45	45
	46	47
	48	46
	51	53
	52	54
	53	55
	54	55
	56	55
	58	57
	62	60
	63	61
	65	62
	66	63
	67	65
	69	64
	72	73
	73	74
	74	76
	76	75
	79	82
	80	85
	82	86
	83	87
	84	89
	86	88
	89	92
	91	93
	92	94
	93	95
	94	96
	95	97
	96	98
	98	100
	100	101
	101	101
	102	101
	104	101
	107	102
	111	106
	113	107
	114	108
	117	111
	118	112
	122	116
	123	117
	127	121
net/minecraft/client/gui/screens/inventory/MerchantScreen	338	310
	256	232
	257	233
	258	234
	260	236
	263	239
	268	244
	269	245
	270	246
	271	247
	273	250
	19	22
	278	255
	280	256
	281	257
	282	258
	283	259
	285	260
	286	261
	288	262
	290	263
	292	265
	297	271
	298	272
	43	41
	299	273
	44	42
	45	43
	301	274
	305	275
	307	278
	53	50
	54	51
	55	52
	56	53
	314	286
	59	56
	315	287
	60	57
	316	288
	61	58
	317	289
	62	59
	320	292
	66	63
	68	64
	324	296
	69	65
	325	297
	326	298
	71	66
	327	299
	72	68
	328	300
	73	69
	329	301
	74	70
	330	302
	75	71
	331	303
	76	72
	333	305
	78	74
	334	306
	335	307
	80	75
	82	77
	338	310
	86	81
	87	82
	88	83
	89	84
	90	85
	91	86
	93	88
	95	91
	97	92
	98	93
	99	94
	103	98
	104	99
	106	100
	108	101
	109	102
	110	103
	111	104
	112	105
	115	108
	116	109
	117	110
	120	113
	123	116
	124	117
	126	118
	127	133
	130	119
	132	120
	133	121
	134	133
	137	122
	138	123
	139	124
	141	125
	142	126
	143	127
	144	128
	145	129
	147	133
	150	136
	151	137
	152	138
	153	139
	154	140
	155	141
	156	142
	158	143
	160	146
	162	148
	164	150
	168	154
	169	155
	171	156
	172	157
	173	158
	174	159
	176	160
	177	161
	179	162
	181	163
	182	165
	183	166
	184	187
	188	167
	189	168
	190	169
	191	170
	193	171
	194	172
	196	173
	198	174
	200	175
	201	176
	202	177
	205	180
	207	181
	208	182
	209	183
	211	184
	212	185
	215	191
	216	192
	218	193
	219	194
	222	197
	223	198
	226	201
	227	202
	228	203
	230	206
	233	209
	236	212
	237	213
	240	216
	241	217
	242	218
	244	220
	246	222
	249	225
	250	226
	251	227
	253	229
	254	230
	255	231
net/minecraft/client/renderer/blockentity/BannerRenderer	140	140
	128	115
	131	128
	133	130
	134	131
	135	132
	136	136
	137	138
	138	138
	140	140
	46	48
	47	49
	48	50
	49	51
	50	52
	53	55
	54	56
	56	57
	57	57
	58	57
	61	58
	62	58
	63	58
	66	59
	67	59
	68	59
	71	60
	76	64
	77	65
	78	66
	80	67
	83	69
	84	70
	85	71
	86	72
	88	74
	90	75
	91	76
	92	77
	94	78
	95	79
	97	80
	99	82
	100	83
	101	84
	102	85
	104	86
	107	90
	108	91
	109	92
	110	93
	111	94
	113	95
	115	96
	116	97
	118	98
	120	99
	122	100
	123	101
	124	102
	127	114
net/minecraft/client/telemetry/TelemetryEventSender	13	16
	10	13
	11	14
	12	15
	13	16
net/minecraft/client/resources/metadata/animation/VillagerMetadataSectionSerializer	15	16
	10	12
	15	16
net/minecraft/client/gui/screens/inventory/BrewingStandScreen	58	57
	14	14
	15	15
	18	18
	19	19
	23	23
	24	24
	25	25
	29	29
	30	30
	31	31
	32	32
	36	36
	37	37
	38	38
	40	39
	41	40
	42	41
	43	42
	46	45
	47	46
	48	47
	49	48
	50	49
	53	52
	54	53
	55	54
	58	57
net/minecraft/client/sounds/package-info	0	0
net/minecraft/client/renderer/block/model/multipart/OrCondition	25	25
	18	19
	19	20
	23	24
	25	25
net/minecraft/client/model/CamelModel	171	176
	129	136
	130	137
	132	138
	133	139
	135	140
	136	141
	139	144
	140	145
	141	146
	144	149
	145	150
	147	152
	148	153
	151	156
	152	157
	154	159
	158	163
	159	164
	160	165
	33	33
	161	166
	34	34
	162	167
	35	35
	163	168
	36	36
	37	37
	165	170
	38	38
	167	172
	41	41
	42	42
	171	176
	44	43
	46	44
	47	45
	48	45
	50	47
	51	48
	52	48
	54	50
	55	51
	56	51
	58	53
	59	56
	60	58
	61	60
	62	62
	64	64
	65	65
	66	65
	68	67
	69	68
	70	68
	72	70
	73	71
	74	71
	76	73
	77	74
	78	74
	80	76
	81	77
	82	77
	84	79
	85	80
	86	80
	88	82
	89	85
	90	87
	91	89
	92	91
	94	93
	95	96
	96	98
	97	100
	98	102
	100	104
	101	107
	102	109
	103	111
	104	113
	105	115
	106	118
	108	120
	113	124
	116	125
	117	126
	119	127
	121	128
	122	129
	123	130
	124	131
	125	132
	126	133
net/minecraft/client/renderer/entity/TippableArrowRenderer	16	18
	16	18
	7	10
	8	11
	11	14
	12	15
net/minecraft/client/renderer/MultiBufferSource	101	100
	64	68
	65	69
	67	72
	69	74
	73	77
	74	78
	75	79
	76	80
	78	82
	79	84
	16	18
	80	85
	82	87
	20	22
	85	90
	87	91
	89	92
	90	100
	93	93
	94	100
	32	35
	33	36
	97	94
	34	37
	98	95
	99	96
	101	100
	38	41
	40	42
	42	43
	43	44
	44	45
	45	46
	46	47
	49	51
	50	52
	52	55
	54	58
	58	62
	62	66
	63	67
net/minecraft/client/ClientRecipeBook	125	134
	26	29
	28	30
	29	31
	32	34
	34	35
	35	36
	37	37
	38	39
	41	42
	42	47
	45	51
	46	52
	47	53
	50	56
	51	57
	53	59
	54	60
	58	61
	59	62
	61	63
	63	64
	65	66
	66	67
	67	68
	68	69
	69	70
	71	73
	74	78
	78	82
	79	83
	80	84
	81	85
	82	86
	83	87
	87	91
	88	92
	89	93
	90	94
	91	95
	92	96
	93	97
	94	98
	98	103
	99	104
	101	107
	102	108
	104	111
	105	112
	109	116
	110	117
	112	120
	113	121
	116	124
	117	125
	121	130
	125	134
net/minecraft/client/model/AllayModel	117	138
	32	33
	33	34
	34	35
	35	36
	36	37
	37	38
	38	39
	39	40
	40	41
	44	45
	48	49
	49	50
	51	51
	52	52
	53	55
	54	60
	55	64
	56	69
	57	74
	58	79
	60	84
	65	88
	67	89
	68	90
	69	91
	70	92
	71	93
	72	94
	73	95
	75	96
	76	97
	77	98
	78	99
	79	100
	80	101
	81	102
	82	103
	83	104
	84	105
	86	107
	87	108
	90	111
	91	112
	92	113
	93	114
	94	115
	95	116
	96	117
	97	118
	98	119
	99	120
	100	121
	101	122
	102	123
	103	124
	104	125
	105	126
	109	130
	110	131
	111	132
	112	133
	113	134
	114	135
	115	136
	116	137
	117	138
net/minecraft/client/renderer/debug/ChunkBorderRenderer	112	102
	16	18
	17	19
	20	22
	21	23
	25	27
	27	28
	28	29
	30	30
	31	31
	32	32
	34	33
	36	34
	39	36
	40	37
	41	38
	42	39
	43	40
	44	41
	49	45
	50	46
	51	47
	52	48
	53	49
	54	50
	56	51
	57	52
	58	53
	59	54
	63	57
	64	58
	65	59
	66	60
	67	61
	68	62
	70	63
	71	64
	72	65
	73	66
	77	69
	78	70
	79	71
	80	72
	81	73
	82	74
	83	75
	84	76
	85	77
	86	78
	89	81
	92	83
	93	84
	94	85
	95	86
	96	87
	97	88
	102	92
	103	93
	104	94
	105	95
	106	96
	107	97
	108	98
	109	99
	110	100
	112	102
net/minecraft/client/renderer/texture/TextureAtlasSprite	125	120
	66	63
	67	64
	70	65
	74	69
	75	70
	79	74
	80	75
	84	79
	22	22
	23	23
	88	83
	25	24
	26	25
	28	26
	92	87
	29	27
	93	88
	30	28
	31	29
	32	30
	97	92
	98	93
	35	33
	102	97
	39	37
	43	41
	107	102
	47	45
	111	106
	112	107
	51	49
	115	110
	116	111
	117	112
	56	54
	57	55
	121	116
	61	58
	125	120
	62	59
net/minecraft/client/renderer/entity/layers/package-info	0	0
net/minecraft/client/server/LanServerDetection	105	107
	68	31
	69	32
	70	33
	71	34
	73	35
	74	36
	75	37
	76	38
	77	39
	82	43
	19	21
	20	22
	84	45
	85	46
	87	49
	23	73
	88	50
	89	51
	90	52
	91	53
	92	54
	28	78
	29	79
	30	80
	95	57
	31	81
	96	58
	97	59
	33	83
	101	63
	37	88
	102	64
	38	89
	39	90
	104	67
	40	107
	105	68
	43	91
	45	92
	46	94
	47	95
	48	96
	49	97
	50	98
	54	102
	55	103
	56	104
	58	107
net/minecraft/client/renderer/entity/DolphinRenderer	20	21
	16	18
	20	21
	10	13
	13	16
	15	17
net/minecraft/client/multiplayer/resolver/ServerNameResolver	37	34
	32	28
	34	29
	37	32
	8	11
	16	19
	17	20
	18	21
	19	22
	23	25
	26	26
	27	26
	28	34
	31	27
net/minecraft/client/player/LocalPlayer	1256	1064
	1024	945
	1034	881
	1035	882
	1036	883
	1037	884
	1041	887
	1044	888
	1045	889
	1049	890
	1050	891
	1051	892
	1055	893
	1056	894
	1060	895
	1061	896
	1064	897
	1065	898
	1066	899
	1067	900
	1070	901
	1071	902
	1076	903
	1078	905
	1079	906
	1080	907
	1087	908
	1088	909
	1089	910
	1092	912
	1093	913
	1094	914
	1095	916
	1096	917
	1097	918
	1098	919
	1101	923
	1102	924
	1103	925
	1104	926
	1105	927
	1115	935
	1116	945
	95	99
	1124	936
	1125	937
	1126	945
	1130	938
	1131	945
	1135	948
	1136	949
	1137	950
	1138	951
	1139	952
	1140	953
	1141	954
	1142	955
	1143	960
	1145	956
	1146	957
	1147	958
	1151	965
	1153	967
	1154	968
	1155	969
	1156	970
	1157	971
	1161	975
	1162	976
	1166	980
	1167	981
	1168	982
	1169	983
	1170	984
	1171	985
	1172	986
	1176	990
	155	155
	156	156
	157	157
	158	158
	1182	994
	159	159
	1183	995
	160	160
	161	161
	162	162
	163	163
	1187	999
	164	164
	165	165
	1191	1003
	1192	1004
	169	168
	1194	1007
	1195	1008
	1196	1009
	1197	1010
	175	172
	1199	1013
	1200	1014
	1201	1015
	179	175
	180	176
	1205	1019
	183	179
	1207	1020
	1209	1022
	187	180
	188	181
	1213	1025
	191	184
	1218	1029
	1219	1030
	196	188
	197	189
	1221	1031
	198	190
	1222	1032
	1225	1035
	202	193
	1226	1036
	1227	1037
	1230	1040
	207	197
	1231	1041
	208	197
	210	197
	1234	1044
	215	202
	1239	1048
	1240	1049
	217	220
	1241	1050
	1242	1051
	219	203
	1243	1052
	1244	1053
	221	204
	222	205
	1246	1055
	223	206
	224	207
	225	208
	226	209
	227	210
	1251	1060
	1252	1061
	230	213
	1256	1064
	233	216
	234	217
	236	220
	239	223
	240	224
	241	225
	244	229
	248	233
	250	234
	251	235
	252	236
	253	237
	254	238
	257	241
	258	242
	259	243
	260	244
	262	245
	263	246
	265	247
	267	248
	268	249
	270	250
	271	251
	272	252
	273	253
	275	254
	276	255
	277	256
	278	257
	279	258
	280	259
	281	260
	282	261
	286	264
	287	265
	288	266
	289	267
	290	268
	292	271
	293	272
	294	273
	296	276
	298	277
	300	279
	303	282
	304	283
	305	284
	306	285
	307	286
	309	288
	312	291
	313	294
	314	295
	315	296
	320	300
	321	301
	322	302
	326	305
	327	306
	328	307
	332	310
	333	313
	335	311
	336	313
	340	316
	341	317
	342	318
	346	321
	347	322
	348	323
	351	326
	352	327
	353	328
	354	329
	355	330
	356	331
	359	334
	360	335
	361	336
	362	337
	363	338
	366	341
	367	342
	369	344
	373	347
	374	348
	378	351
	383	355
	388	359
	393	363
	397	367
	398	368
	401	371
	402	372
	405	375
	406	376
	410	380
	414	384
	418	388
	422	392
	423	393
	424	394
	426	396
	430	399
	434	403
	435	404
	439	407
	440	408
	443	411
	445	412
	446	437
	449	413
	450	414
	452	415
	453	416
	455	417
	456	419
	457	420
	458	421
	459	422
	460	423
	461	424
	465	428
	467	429
	468	430
	469	431
	471	433
	474	437
	478	440
	479	441
	480	442
	484	446
	485	447
	486	448
	487	449
	491	452
	492	453
	496	456
	497	457
	499	459
	501	461
	504	464
	505	465
	508	468
	513	472
	514	473
	518	476
	519	477
	523	480
	528	484
	529	485
	530	490
	533	486
	535	487
	536	488
	537	490
	541	493
	546	497
	547	498
	548	499
	553	502
	558	506
	560	507
	561	508
	562	509
	564	510
	565	511
	566	512
	567	513
	570	517
	571	517
	572	518
	575	520
	579	524
	583	528
	588	532
	593	536
	594	537
	596	539
	598	541
	602	544
	603	545
	607	548
	608	549
	612	552
	613	553
	617	556
	618	557
	622	560
	623	561
	625	563
	629	566
	630	567
	634	570
	635	571
	639	574
	644	578
	648	582
	653	586
	655	587
	656	588
	657	589
	658	590
	659	591
	660	592
	661	593
	662	594
	664	596
	667	599
	671	603
	672	604
	673	605
	674	605
	675	606
	676	607
	679	605
	681	612
	682	613
	685	616
	686	617
	687	618
	691	621
	692	622
	695	625
	696	626
	699	629
	700	630
	701	631
	703	632
	705	636
	707	637
	708	638
	709	639
	710	640
	711	641
	712	642
	714	645
	715	646
	716	647
	717	648
	718	649
	721	652
	722	653
	723	654
	724	655
	725	656
	728	659
	729	660
	732	663
	733	664
	734	665
	736	666
	737	667
	738	670
	740	668
	743	674
	744	675
	746	678
	747	679
	748	680
	749	681
	750	682
	751	683
	753	685
	754	686
	758	690
	759	691
	760	692
	761	693
	762	694
	763	695
	764	696
	767	698
	768	699
	769	700
	770	701
	771	702
	772	703
	773	704
	774	705
	780	710
	781	711
	782	712
	783	712
	784	713
	788	717
	790	718
	791	719
	794	722
	795	723
	796	724
	797	725
	798	726
	799	727
	802	730
	804	731
	806	732
	807	733
	809	736
	810	737
	813	740
	814	741
	818	745
	819	746
	820	747
	821	748
	822	749
	824	750
	827	754
	829	755
	830	756
	831	757
	832	758
	834	759
	835	760
	836	761
	838	762
	839	763
	840	764
	842	766
	846	770
	849	773
	850	774
	851	775
	852	776
	854	778
	859	781
	860	782
	861	783
	863	785
	866	788
	867	789
	869	790
	870	791
	871	792
	872	793
	874	796
	877	799
	878	800
	880	803
	881	804
	882	805
	883	806
	885	807
	886	808
	890	811
	891	812
	892	813
	896	816
	897	817
	899	818
	900	819
	902	820
	904	822
	907	825
	913	830
	914	831
	915	832
	918	835
	923	839
	924	840
	925	841
	926	842
	927	843
	930	846
	934	850
	935	945
	969	851
	970	852
	971	853
	974	854
	975	855
	976	856
	981	857
	982	858
	983	859
	986	860
	987	861
	988	862
	990	863
	993	864
	994	865
	999	869
	1000	870
	1004	871
	1005	872
	1006	873
	1007	945
	1010	874
	1015	875
	1016	876
	1017	877
	1018	945
	1021	878
	1022	879
	1023	880
net/minecraft/client/tutorial/TutorialStepInstance	33	36
	33	36
	18	21
	21	24
	24	27
	27	30
	12	15
	30	33
	15	18
net/minecraft/client/animation/package-info	0	0
com/mojang/blaze3d/platform/ClipboardManager	51	53
	32	34
	33	35
	34	36
	35	37
	38	40
	40	41
	41	42
	42	43
	44	45
	46	48
	16	17
	48	50
	19	20
	51	53
	20	21
	21	22
	22	23
	23	24
	24	25
	26	28
	30	32
	31	33
net/minecraft/client/renderer/entity/layers/SheepFurLayer	74	68
	64	56
	65	57
	67	59
	68	60
	69	61
	70	62
	73	65
	74	68
	19	22
	24	26
	25	27
	26	28
	30	31
	31	68
	34	32
	35	33
	36	34
	37	35
	38	36
	39	37
	40	38
	42	39
	43	40
	46	68
	53	46
	55	47
	56	48
	57	49
	58	50
	59	51
	60	52
	61	53
	62	54
	63	55
net/minecraft/client/resources/sounds/Sound	107	108
	64	64
	66	66
	69	69
	73	73
	13	15
	77	77
	81	81
	85	91
	86	92
	25	26
	26	27
	27	28
	91	97
	28	29
	92	98
	29	30
	30	31
	31	32
	32	33
	96	102
	33	34
	97	103
	98	104
	36	37
	101	108
	40	41
	107	86
	44	45
	48	49
	53	54
	58	58
	63	63
net/minecraft/client/model/SnifferModel	99	127
	24	23
	25	24
	26	25
	27	25
	28	25
	29	25
	30	26
	33	29
	34	30
	36	31
	37	31
	39	32
	40	35
	41	37
	42	39
	44	43
	45	45
	46	48
	47	50
	48	53
	49	55
	50	58
	51	60
	52	63
	53	65
	54	68
	55	70
	57	73
	58	76
	59	78
	61	82
	62	84
	63	87
	64	89
	65	92
	66	94
	67	97
	68	99
	70	102
	75	106
	77	107
	78	108
	80	109
	81	110
	83	112
	86	115
	87	116
	88	117
	89	118
	90	119
	92	120
	93	121
	95	123
	99	127
net/minecraft/client/model/VillagerModel	128	114
	128	114
	24	26
	25	27
	26	28
	27	29
	28	30
	29	31
	30	32
	31	33
	34	36
	35	37
	37	38
	39	39
	40	40
	41	40
	44	42
	45	43
	46	43
	49	45
	50	46
	51	46
	52	46
	54	48
	55	49
	56	49
	57	49
	59	51
	60	52
	61	52
	64	54
	65	55
	66	55
	69	57
	70	59
	71	60
	72	62
	73	64
	74	66
	76	68
	77	69
	78	69
	79	69
	81	71
	82	72
	83	72
	84	72
	87	74
	92	79
	97	84
	98	85
	99	86
	102	89
	103	90
	105	91
	106	92
	107	93
	109	95
	112	98
	113	99
	114	100
	115	101
	116	102
	120	106
	125	111
	126	112
	127	113
net/minecraft/client/renderer/entity/IllagerRenderer	18	20
	16	18
	17	19
	18	20
	10	13
	11	14
	12	15
net/minecraft/client/GameNarrator	115	121
	66	68
	68	69
	70	70
	71	71
	72	72
	73	73
	75	76
	78	81
	15	18
	16	19
	80	87
	83	90
	22	24
	23	25
	87	94
	88	97
	26	28
	90	95
	27	29
	91	97
	28	30
	29	31
	94	100
	31	33
	95	101
	34	36
	98	104
	35	37
	99	107
	36	38
	37	39
	39	41
	42	44
	43	45
	107	113
	46	48
	110	115
	47	49
	48	50
	49	51
	50	52
	114	120
	115	121
	53	55
	56	58
	60	62
	61	63
	63	65
net/minecraft/client/model/LeashKnotModel	45	40
	33	28
	38	33
	43	38
	44	39
	45	40
	19	20
	20	21
	21	22
	24	25
	25	26
	27	27
	28	27
	29	27
com/mojang/blaze3d/shaders/Shader	0	0
net/minecraft/client/renderer/blockentity/BellRenderer	75	67
	64	57
	65	58
	66	59
	70	63
	71	64
	73	65
	74	66
	75	67
	22	25
	28	30
	29	31
	30	32
	33	35
	34	36
	36	37
	37	38
	38	38
	39	38
	41	40
	42	41
	43	41
	44	41
	47	43
	52	47
	54	48
	55	49
	57	50
	58	51
	59	52
	60	53
	61	54
	62	55
	63	56
net/minecraft/client/resources/model/MultiPartBakedModel	116	121
	64	66
	65	68
	66	69
	67	70
	70	74
	75	79
	80	84
	85	89
	90	94
	95	99
	34	35
	36	36
	100	104
	37	37
	38	38
	39	39
	40	40
	41	41
	105	109
	42	42
	43	43
	109	114
	47	47
	48	48
	112	117
	113	118
	51	51
	52	52
	116	121
	53	53
	54	55
	55	56
	56	57
	57	58
	60	62
	63	65
net/minecraft/client/model/RabbitModel	178	171
	39	39
	40	40
	41	41
	42	42
	43	43
	44	44
	45	45
	46	46
	47	47
	48	48
	49	49
	50	50
	51	51
	54	54
	55	55
	57	56
	58	57
	59	57
	60	57
	62	59
	63	60
	64	60
	65	60
	67	62
	68	64
	69	64
	70	65
	72	67
	73	69
	74	69
	75	70
	77	72
	78	74
	79	74
	80	75
	82	77
	83	79
	84	79
	85	80
	87	82
	88	84
	89	84
	90	85
	92	87
	93	88
	94	88
	95	88
	97	90
	98	92
	99	92
	100	93
	102	95
	103	97
	104	97
	105	98
	107	100
	108	102
	109	102
	110	103
	112	105
	113	106
	114	106
	115	106
	118	108
	125	113
	126	114
	127	115
	128	116
	129	117
	131	118
	132	119
	133	120
	134	121
	135	122
	136	124
	137	125
	139	127
	140	128
	141	129
	143	144
	145	145
	147	147
	151	150
	153	151
	154	152
	155	153
	156	154
	158	155
	159	156
	161	157
	162	158
	163	159
	165	160
	166	161
	167	162
	168	163
	169	164
	170	165
	171	166
	175	169
	177	170
	178	171
net/minecraft/client/renderer/culling/package-info	0	0
net/minecraft/client/resources/DefaultPlayerSkin	61	64
	32	32
	48	49
	49	50
	36	36
	54	55
	55	56
	8	19
	40	40
	44	44
	60	63
	61	64
net/minecraft/client/renderer/entity/layers/PandaHoldsItemLayer	39	40
	32	31
	33	32
	35	35
	36	36
	37	37
	38	38
	39	40
	18	21
	19	22
	20	23
	24	26
	25	27
	26	40
	29	28
	30	29
	31	30
net/minecraft/client/gui/screens/PauseScreen	154	145
	129	117
	130	118
	134	122
	135	123
	137	126
	139	127
	140	128
	142	132
	145	135
	149	139
	150	140
	151	141
	153	144
	154	145
	29	29
	30	30
	31	31
	32	32
	33	33
	34	34
	35	35
	36	36
	37	37
	38	38
	39	39
	40	40
	41	41
	49	47
	50	48
	51	49
	55	53
	56	54
	59	57
	60	58
	63	61
	64	62
	66	63
	68	64
	69	64
	70	65
	71	66
	72	67
	73	67
	76	68
	77	69
	79	70
	80	75
	82	78
	84	79
	85	80
	87	82
	90	85
	91	86
	92	86
	94	87
	95	88
	96	89
	100	90
	101	91
	103	92
	104	93
	107	96
	108	97
	110	98
	111	99
	112	100
	114	102
	117	105
	118	106
	119	107
	120	108
	121	109
	123	111
	125	113
net/minecraft/client/renderer/entity/EndermiteRenderer	22	23
	17	19
	22	23
	9	12
	12	15
	13	16
com/mojang/realmsclient/gui/RealmsNewsManager	45	46
	34	36
	35	37
	37	38
	38	39
	39	40
	40	41
	43	44
	44	45
	13	15
	45	46
	14	16
	15	17
	16	18
	17	19
	20	22
	24	26
	28	30
	29	31
	30	32
	31	33
net/minecraft/client/profiling/package-info	0	0
net/minecraft/client/player/package-info	0	0
net/minecraft/client/renderer/entity/layers/SnowGolemHeadLayer	63	76
	26	31
	27	32
	28	33
	29	34
	33	37
	34	76
	37	38
	39	39
	40	76
	43	40
	44	41
	46	42
	47	43
	48	44
	49	45
	51	46
	52	47
	53	48
	54	49
	55	50
	57	51
	58	52
	60	58
	62	73
	63	76
net/minecraft/client/renderer/entity/LeashKnotRenderer	40	35
	33	30
	35	31
	36	32
	40	35
	13	16
	18	20
	19	21
	20	22
	24	25
	26	26
	28	27
	30	28
	31	29
net/minecraft/client/renderer/RunningTrimmedMean	38	38
	32	36
	35	38
	36	38
	38	38
	9	13
	10	14
	13	17
	14	18
	16	21
	17	22
	19	23
	20	24
	22	25
	23	27
	24	28
	25	29
	26	30
	27	31
	30	34
	31	35
com/mojang/realmsclient/dto/ServerActivityList	34	35
	32	32
	34	35
	15	15
	18	18
	19	19
	21	22
	22	23
	23	24
	24	25
	25	26
	26	27
	27	27
	28	28
	29	29
net/minecraft/client/gui/screens/inventory/AbstractFurnaceScreen	134	125
	129	120
	130	121
	134	125
	16	20
	23	32
	24	33
	26	34
	27	35
	31	39
	33	40
	34	41
	35	42
	37	43
	38	44
	39	45
	41	46
	42	47
	44	48
	45	49
	49	53
	51	54
	52	55
	56	59
	58	60
	59	61
	60	62
	62	64
	63	65
	64	66
	67	69
	68	70
	69	71
	73	75
	74	76
	75	77
	76	78
	77	79
	78	80
	81	83
	82	84
	83	85
	87	89
	88	90
	91	92
	92	92
	95	92
	100	98
	102	99
	103	100
	107	104
	108	104
	110	104
	115	109
	116	110
	121	115
	122	115
	124	115
net/minecraft/client/model/ChickenModel	107	90
	27	28
	28	29
	29	30
	30	31
	31	32
	32	33
	33	34
	34	35
	35	36
	38	39
	39	40
	41	41
	42	42
	43	43
	44	43
	45	43
	47	45
	48	46
	49	46
	50	46
	52	48
	53	49
	54	49
	55	49
	57	51
	58	53
	59	53
	60	54
	62	56
	63	56
	65	57
	66	58
	68	59
	69	60
	70	60
	71	60
	73	62
	74	63
	75	63
	76	63
	79	65
	84	70
	89	75
	94	80
	95	81
	97	82
	98	83
	100	84
	101	85
	103	86
	104	87
	105	88
	106	89
	107	90
net/minecraft/client/gui/screens/advancements/package-info	0	0
net/minecraft/client/particle/Particle	240	241
	19	21
	20	22
	57	54
	59	55
	60	56
	61	57
	62	58
	63	59
	65	60
	66	61
	69	64
	71	65
	72	66
	73	67
	74	68
	76	69
	77	70
	78	71
	79	72
	80	73
	83	76
	84	77
	85	78
	86	79
	90	83
	91	84
	92	85
	93	86
	96	89
	97	90
	101	94
	102	95
	103	96
	104	97
	107	100
	108	101
	111	104
	112	105
	115	108
	119	112
	120	113
	121	114
	123	115
	124	116
	125	133
	128	118
	129	119
	130	120
	131	121
	132	122
	134	125
	135	126
	136	127
	138	128
	139	129
	140	130
	142	133
	150	141
	154	161
	155	162
	158	165
	159	166
	160	167
	161	168
	162	169
	163	170
	164	171
	166	173
	169	176
	170	177
	171	178
	172	179
	173	180
	174	181
	175	182
	178	185
	179	214
	182	186
	183	187
	184	188
	186	189
	187	190
	188	191
	189	192
	190	193
	193	196
	194	197
	195	198
	198	201
	199	202
	202	205
	204	206
	205	207
	207	210
	208	211
	210	214
	213	217
	214	218
	215	219
	216	220
	217	221
	220	224
	221	225
	222	225
	224	225
	228	229
	232	233
	236	237
	237	238
	240	241
net/minecraft/client/renderer/block/model/BlockElementFace	55	54
	34	35
	36	36
	37	37
	38	38
	39	39
	41	40
	45	44
	49	48
	54	53
	23	24
	55	54
	24	25
	25	26
	26	27
	27	28
net/minecraft/client/gui/screens/GenericDirtMessageScreen	21	24
	18	21
	19	22
	20	23
	21	24
	8	11
	9	12
	13	16
net/minecraft/client/renderer/entity/layers/StrayClothingLayer	27	30
	20	22
	21	23
	22	24
	26	28
	27	30
	15	18
com/mojang/blaze3d/audio/Listener	36	39
	34	37
	35	38
	36	39
	8	11
	9	12
	12	15
	13	16
	14	17
	17	20
	21	24
	22	25
	25	28
	26	29
	27	30
	30	33
net/minecraft/client/CameraType	28	30
	16	18
	17	19
	4	8
	20	22
	5	9
	6	10
	24	26
	9	12
	28	30
	15	17
net/minecraft/client/resources/model/BuiltInModel	65	67
	65	67
	35	37
	40	42
	45	47
	50	52
	22	24
	23	25
	55	57
	24	26
	25	27
	26	28
	60	62
	30	32
net/minecraft/client/resources/sounds/SoundInstance	60	54
	48	46
	52	50
	60	54
net/minecraft/client/gui/screens/inventory/AbstractCommandBlockEditScreen	170	157
	128	128
	129	129
	132	125
	137	134
	138	134
	141	134
	146	139
	19	20
	147	139
	20	21
	21	22
	150	139
	155	144
	157	145
	158	146
	159	147
	32	31
	33	32
	161	148
	162	149
	163	150
	164	151
	37	36
	165	152
	38	37
	39	38
	168	155
	41	40
	169	156
	170	157
	49	49
	50	52
	51	54
	52	55
	53	57
	54	58
	55	59
	56	60
	57	61
	58	62
	59	63
	62	65
	65	68
	68	71
	69	72
	70	73
	72	74
	73	75
	74	76
	75	77
	76	78
	78	79
	80	80
	81	81
	82	82
	84	83
	85	84
	89	88
	90	89
	91	90
	93	91
	94	92
	97	95
	98	96
	101	99
	102	100
	104	101
	105	102
	107	105
	108	106
	113	111
	114	112
	119	116
	120	117
	123	120
	124	121
	127	124
net/minecraft/client/AttackIndicatorStatus	35	34
	35	34
	20	21
	21	22
	22	23
	9	12
	10	13
	26	26
	11	14
	14	16
	31	30
net/minecraft/client/renderer/blockentity/ChestRenderer	199	156
	128	101
	129	102
	130	102
	131	102
	133	104
	134	105
	135	105
	136	105
	139	107
	144	112
	145	113
	147	114
	148	115
	149	116
	150	116
	151	148
	153	116
	154	117
	156	118
	158	119
	159	120
	160	121
	161	122
	164	124
	165	125
	167	127
	170	130
	172	131
	173	132
	175	133
	176	134
	178	135
	179	136
	180	137
	53	52
	181	138
	54	53
	55	54
	183	140
	58	57
	186	143
	59	58
	60	59
	61	60
	189	146
	190	148
	63	61
	64	62
	65	63
	193	151
	66	64
	194	152
	68	65
	196	153
	69	66
	197	154
	70	67
	198	155
	71	68
	199	156
	72	69
	75	72
	76	73
	78	74
	79	74
	80	74
	83	75
	84	76
	85	76
	86	76
	88	78
	89	79
	90	79
	91	79
	94	81
	98	85
	99	86
	101	87
	102	87
	103	87
	106	88
	107	89
	108	89
	109	89
	111	91
	112	92
	113	92
	114	92
	116	94
	120	98
	121	99
	123	100
	124	100
	125	100
com/mojang/blaze3d/platform/GLX	164	162
	128	122
	129	123
	130	124
	132	127
	133	128
	134	129
	136	132
	137	133
	138	134
	139	135
	140	136
	141	137
	143	140
	144	141
	145	142
	147	145
	148	146
	149	147
	151	150
	153	151
	154	152
	155	153
	156	154
	159	157
	32	32
	35	36
	163	161
	36	37
	164	162
	37	38
	39	39
	43	43
	44	44
	45	45
	46	46
	48	49
	49	50
	53	54
	54	55
	58	59
	59	60
	60	61
	63	63
	65	64
	68	65
	69	69
	71	71
	72	72
	75	66
	78	75
	79	76
	83	80
	84	81
	85	82
	86	83
	88	85
	92	88
	98	92
	101	95
	102	96
	103	98
	106	101
	107	102
	110	105
	114	109
	115	110
	116	111
	118	112
	120	113
	121	114
	122	115
	123	116
	124	117
	125	118
	126	119
com/mojang/realmsclient/dto/RealmsServerList	35	39
	32	35
	33	36
	35	39
	15	17
	20	21
	21	22
	23	25
	24	26
	25	27
	26	28
	27	29
	28	31
	29	32
net/minecraft/client/resources/metadata/animation/FrameSize	0	0
net/minecraft/client/resources/sounds/SimpleSoundInstance	67	103
	64	100
	65	101
	66	102
	67	103
	13	16
	14	17
	17	20
	21	24
	25	29
	29	35
	33	41
	37	47
	41	52
	45	56
	49	60
	50	61
	53	76
	54	77
	57	93
	58	94
	59	95
	60	96
	61	97
	62	98
	63	99
net/minecraft/client/renderer/block/model/BlockElement	176	193
	129	133
	130	134
	131	136
	132	137
	133	138
	135	141
	139	145
	140	146
	141	147
	143	149
	147	154
	148	155
	149	158
	151	163
	153	161
	157	168
	158	169
	159	172
	33	37
	161	177
	34	38
	35	39
	163	175
	36	40
	37	41
	39	42
	167	182
	40	43
	168	183
	169	184
	43	46
	44	47
	172	187
	45	48
	173	189
	174	190
	47	50
	176	193
	50	53
	52	55
	54	57
	57	60
	59	62
	61	64
	63	66
	72	75
	73	76
	74	77
	75	78
	76	79
	77	80
	78	81
	80	84
	82	85
	87	90
	88	91
	89	92
	90	93
	91	94
	92	95
	93	96
	94	97
	96	98
	98	101
	102	105
	103	106
	104	107
	106	109
	110	114
	111	115
	112	116
	113	117
	115	119
	119	124
	121	125
	122	126
	125	128
net/minecraft/client/gui/font/glyphs/EmptyGlyph	17	20
	17	20
	12	15
	13	16
net/minecraft/client/gui/screens/recipebook/SmeltingRecipeBookComponent	19	21
	19	21
	10	12
	14	16
net/minecraft/client/renderer/blockentity/TheEndGatewayRenderer	49	52
	34	37
	39	42
	12	15
	44	47
	15	18
	16	19
	49	52
	20	22
	21	23
	22	24
	23	25
	24	26
	25	27
	26	28
	27	29
	29	32
	30	33
net/minecraft/client/gui/screens/DatapackLoadFailureScreen	37	46
	32	41
	33	42
	37	46
	15	17
	16	18
	17	19
	21	23
	23	24
	24	26
	25	31
	26	35
	30	39
	31	40
net/minecraft/client/gui/screens/SymlinkWarningScreen	94	74
	64	48
	65	48
	68	49
	70	50
	71	51
	72	52
	76	56
	77	57
	78	58
	18	19
	82	62
	19	20
	83	63
	84	64
	88	68
	25	26
	26	27
	27	28
	93	73
	94	74
	31	32
	33	33
	34	34
	36	35
	37	36
	39	37
	41	38
	42	39
	43	40
	44	41
	46	41
	48	41
	49	41
	51	43
	52	44
	54	44
	56	45
	57	46
	59	48
	60	48
	62	48
net/minecraft/client/gui/font/FontManager	309	323
	257	190
	259	191
	261	193
	264	196
	266	198
	267	199
	268	200
	269	202
	270	204
	272	206
	273	207
	274	208
	276	210
	277	211
	280	215
	284	219
	285	220
	288	223
	292	227
	296	231
	301	236
	302	237
	303	238
	48	52
	304	239
	50	54
	51	55
	307	273
	308	273
	53	56
	309	274
	62	64
	63	66
	64	68
	69	245
	75	253
	76	255
	78	257
	79	258
	80	259
	81	261
	83	263
	95	287
	100	288
	103	291
	104	292
	105	293
	108	296
	109	297
	112	300
	116	304
	117	306
	118	307
	119	308
	120	312
	122	309
	125	315
	130	319
	131	320
	136	323
	144	78
	145	79
	147	80
	148	81
	149	82
	153	86
	155	88
	156	89
	157	90
	158	91
	160	92
	161	94
	162	95
	163	96
	164	96
	165	97
	166	98
	167	99
	168	99
	170	102
	174	106
	175	109
	176	112
	177	113
	179	114
	180	117
	182	120
	183	122
	184	123
	185	124
	192	142
	194	137
	195	138
	196	139
	198	140
	203	146
	205	147
	206	148
	208	150
	209	152
	214	156
	216	157
	217	159
	218	160
	222	163
	223	164
	224	171
	226	165
	227	166
	231	171
	232	172
	235	175
	237	176
	239	177
	240	178
	242	179
	243	180
	245	181
	246	182
	247	183
	248	184
	249	185
	250	186
	252	187
	254	188
	255	189
net/minecraft/client/resources/SkinManager	144	138
	128	127
	131	130
	132	131
	133	131
	136	131
	140	135
	141	136
	142	137
	144	138
	39	42
	40	43
	41	44
	43	45
	44	45
	45	46
	46	47
	50	49
	51	50
	53	53
	54	54
	55	55
	59	59
	62	62
	66	68
	67	69
	68	70
	70	71
	71	72
	72	73
	73	74
	74	75
	75	76
	77	78
	78	79
	79	80
	80	81
	83	84
	87	88
	88	89
	89	90
	90	91
	92	93
	96	97
	97	98
	100	101
	101	102
	104	105
	105	106
	106	107
	107	108
	108	109
	110	111
	112	114
	113	115
	118	124
	119	120
	120	121
	121	122
	123	124
	125	125
	127	126
com/mojang/realmsclient/dto/RealmsDescriptionDto	15	17
	13	15
	14	16
	15	17
net/minecraft/client/gui/components/tabs/TabNavigationBar	224	220
	128	103
	129	103
	130	103
	131	103
	136	108
	137	108
	138	109
	139	110
	140	111
	141	112
	142	113
	143	114
	145	116
	148	119
	149	120
	150	121
	151	122
	154	125
	158	129
	159	130
	160	132
	161	133
	163	135
	36	36
	167	139
	172	143
	173	144
	174	146
	47	44
	175	147
	48	45
	49	46
	177	150
	178	151
	51	47
	179	152
	52	48
	180	153
	54	49
	55	50
	56	52
	184	156
	57	53
	185	157
	59	56
	187	159
	60	57
	189	161
	192	164
	193	165
	194	166
	195	167
	196	168
	68	210
	69	211
	70	212
	199	172
	73	215
	74	216
	203	176
	204	177
	205	180
	206	181
	78	220
	207	182
	208	183
	209	184
	83	60
	212	188
	87	64
	88	65
	216	192
	217	193
	218	194
	92	69
	93	70
	94	71
	223	199
	96	73
	224	200
	100	77
	101	78
	102	79
	104	81
	109	86
	110	87
	111	88
	112	89
	115	93
	116	93
	118	93
	123	98
net/minecraft/client/model/ElytraModel	100	94
	22	23
	23	24
	24	25
	27	28
	28	29
	30	30
	31	31
	32	33
	33	33
	34	34
	36	36
	37	38
	38	38
	39	39
	42	41
	47	46
	52	51
	57	55
	58	56
	59	57
	60	58
	62	59
	64	60
	65	61
	66	62
	67	63
	68	64
	71	67
	72	68
	73	69
	74	70
	75	71
	76	72
	77	73
	80	76
	82	77
	83	77
	84	78
	85	79
	86	80
	87	81
	88	82
	89	83
	91	85
	92	86
	93	87
	96	90
	97	91
	98	92
	99	93
	100	94
net/minecraft/client/model/AbstractZombieModel	15	17
	8	11
	9	12
	13	15
	14	16
	15	17
net/minecraft/client/gui/components/toasts/Toast	48	50
	32	34
	48	50
	20	22
	36	39
	37	40
	24	26
	43	45
	12	15
	28	30
	44	46
	47	49
net/minecraft/client/model/HorseModel	335	291
	256	229
	257	230
	258	231
	259	232
	260	233
	262	234
	263	235
	264	236
	266	237
	267	238
	269	239
	270	240
	271	241
	274	242
	275	243
	276	244
	278	245
	279	246
	281	247
	283	248
	284	249
	286	250
	287	251
	288	252
	289	253
	291	254
	292	255
	294	256
	295	257
	296	258
	297	259
	299	260
	300	261
	301	262
	303	263
	304	264
	306	266
	51	49
	52	50
	53	51
	309	269
	310	270
	55	52
	311	271
	56	53
	312	272
	57	54
	313	273
	58	55
	314	274
	315	275
	60	56
	316	276
	61	57
	317	277
	62	58
	318	278
	63	59
	319	279
	320	280
	65	60
	66	61
	322	281
	67	62
	68	63
	324	282
	69	64
	325	283
	70	65
	326	284
	71	66
	327	285
	72	67
	329	286
	74	68
	330	287
	75	69
	331	288
	76	70
	332	289
	334	290
	79	73
	335	291
	80	74
	82	75
	83	77
	84	77
	85	78
	89	80
	90	82
	91	82
	92	83
	95	85
	96	86
	97	86
	99	88
	100	89
	101	89
	104	91
	105	92
	106	92
	110	94
	111	96
	112	96
	113	97
	115	99
	116	101
	117	101
	118	102
	120	104
	121	106
	122	106
	123	107
	125	109
	126	111
	127	111
	128	112
	132	114
	133	115
	134	117
	135	117
	136	118
	138	120
	139	122
	140	122
	141	123
	143	125
	144	127
	145	127
	146	128
	148	130
	149	132
	150	132
	151	133
	154	135
	155	137
	156	137
	157	138
	159	140
	160	141
	161	141
	164	143
	165	144
	166	144
	169	146
	170	147
	171	147
	174	149
	175	151
	176	151
	177	152
	179	154
	180	156
	181	156
	182	157
	184	159
	185	160
	186	160
	189	162
	190	163
	191	163
	195	165
	196	166
	197	166
	200	168
	201	169
	202	169
	205	171
	210	175
	211	176
	213	178
	214	179
	217	182
	218	183
	220	186
	221	187
	225	191
	230	197
	235	210
	237	211
	238	212
	239	213
	240	214
	243	215
	244	216
	245	217
	247	220
	248	221
	251	224
	252	225
	255	228
net/minecraft/client/renderer/entity/layers/PlayerItemInHandLayer	56	63
	32	42
	33	43
	35	45
	37	47
	40	52
	42	53
	43	54
	44	55
	45	56
	46	57
	48	58
	50	59
	51	60
	53	61
	55	62
	56	63
	26	28
	27	29
	28	30
net/minecraft/client/renderer/texture/SpriteContents	357	324
	258	279
	259	280
	261	282
	269	223
	270	224
	271	225
	280	185
	281	186
	282	187
	283	188
	30	27
	291	191
	295	195
	42	37
	43	38
	299	199
	44	39
	300	200
	301	201
	46	40
	302	202
	47	41
	48	42
	49	43
	305	205
	53	47
	309	209
	54	48
	310	210
	55	49
	57	50
	313	213
	58	51
	59	52
	61	53
	62	54
	64	57
	66	58
	69	60
	70	61
	326	294
	71	62
	327	295
	72	63
	328	296
	73	64
	75	65
	332	300
	77	67
	333	301
	334	302
	335	303
	80	70
	336	304
	337	305
	339	306
	340	307
	85	75
	341	308
	86	76
	87	77
	343	310
	344	311
	89	78
	345	312
	90	79
	347	314
	92	80
	94	81
	350	317
	95	82
	98	85
	354	321
	99	86
	355	322
	101	88
	357	324
	102	88
	103	89
	104	90
	105	91
	106	92
	107	93
	109	96
	110	97
	111	98
	114	101
	115	102
	117	104
	119	88
	122	108
	123	109
	124	110
	128	114
	129	114
	132	114
	136	118
	137	119
	139	121
	143	125
	148	130
	153	135
	157	139
	162	144
	167	149
	168	150
	170	152
	174	156
	178	160
	179	161
	180	162
	181	163
	182	164
	184	167
	188	171
	189	172
	191	174
	193	176
	201	233
	202	234
	203	235
	204	236
	206	238
	210	241
	211	242
	212	243
	213	244
	215	245
	216	246
	217	247
	218	248
	219	249
	220	250
	221	252
	222	253
	223	254
	224	255
	225	256
	226	257
	227	258
	229	259
	233	264
	246	266
	249	269
	253	274
net/minecraft/client/renderer/ViewArea	113	107
	20	22
	21	23
	23	24
	24	25
	25	26
	28	29
	29	30
	31	33
	32	34
	34	36
	35	37
	36	38
	37	39
	38	40
	42	44
	45	47
	46	48
	48	50
	51	53
	55	57
	56	58
	57	59
	58	60
	59	61
	62	64
	63	65
	65	67
	66	68
	68	69
	69	70
	71	72
	72	73
	74	74
	75	75
	77	77
	78	78
	80	79
	82	80
	83	81
	84	82
	89	87
	92	90
	93	91
	94	92
	96	93
	97	94
	98	95
	102	99
	103	100
	104	101
	106	102
	107	107
	110	103
	111	104
	113	105
net/minecraft/realms/RealmsLabel	27	30
	16	19
	17	20
	18	21
	19	22
	23	26
	24	27
	27	30
	15	18
net/minecraft/client/model/CatModel	97	87
	13	15
	14	16
	18	19
	19	20
	20	21
	22	22
	24	23
	25	24
	26	25
	27	26
	28	27
	29	28
	30	29
	31	30
	32	31
	33	32
	34	33
	35	34
	38	37
	40	38
	41	39
	42	40
	43	41
	44	42
	45	43
	47	44
	48	45
	49	46
	50	47
	51	48
	52	49
	54	50
	55	51
	56	52
	58	53
	59	54
	60	55
	62	56
	63	57
	64	58
	66	59
	67	60
	68	61
	69	62
	71	64
	75	67
	77	68
	78	69
	79	70
	80	71
	81	72
	82	73
	83	74
	84	75
	85	76
	86	77
	87	78
	88	79
	90	80
	91	81
	94	84
	95	85
	97	87
net/minecraft/client/particle/ExplodeParticle	48	49
	35	36
	36	37
	37	38
	10	13
	11	14
	43	45
	12	15
	44	46
	13	16
	14	17
	15	18
	16	19
	48	49
	18	20
	19	21
	20	22
	21	23
	22	24
	24	25
	25	26
	26	27
	30	31
com/mojang/blaze3d/pipeline/RenderPipeline	104	97
	65	58
	69	62
	70	63
	72	64
	73	65
	74	66
	76	68
	80	73
	81	74
	83	76
	20	11
	86	79
	87	80
	88	81
	89	82
	27	21
	91	84
	28	22
	31	25
	96	89
	35	29
	36	30
	100	93
	39	31
	40	32
	104	97
	41	33
	42	34
	44	36
	48	41
	49	42
	52	45
	53	46
	54	47
	57	50
	58	51
	60	53
net/minecraft/client/renderer/debug/CollisionBoxRenderer	39	42
	32	34
	35	37
	36	39
	37	40
	23	25
	39	42
	24	26
	28	30
	29	31
	30	32
	31	33
com/mojang/realmsclient/gui/screens/RealmsBackupInfoScreen	145	146
	128	140
	134	146
	140	91
	141	92
	142	93
	143	96
	17	18
	145	98
	25	24
	26	25
	27	26
	28	27
	32	31
	36	35
	37	36
	39	40
	40	41
	41	42
	42	43
	46	47
	47	48
	48	49
	50	51
	55	57
	57	58
	58	59
	60	60
	61	61
	64	64
	65	65
	66	66
	67	68
	68	68
	70	68
	75	74
	76	75
	77	76
	83	82
	84	83
	85	84
	90	103
	91	104
	92	105
	93	106
	94	107
	95	108
	96	109
	97	110
	98	111
	99	112
	100	113
	106	118
	107	119
	108	120
	112	124
	113	125
	114	126
	117	129
	118	130
	119	131
	120	132
	121	133
	122	134
	123	135
	124	136
	125	137
	126	138
	127	139
net/minecraft/client/gui/narration/NarrationElementOutput	17	20
	16	19
	17	20
	8	11
	9	12
	12	15
	13	16
net/minecraft/client/gui/screens/worldselection/EditGameRulesScreen	282	295
	256	257
	257	258
	258	259
	259	260
	261	262
	262	263
	265	266
	266	267
	269	269
	270	274
	271	283
	272	284
	273	286
	277	290
	278	291
	279	292
	280	293
	282	295
	44	54
	45	55
	46	56
	47	57
	51	61
	52	62
	54	63
	55	63
	56	63
	58	64
	59	64
	60	64
	62	65
	63	65
	64	65
	66	67
	67	69
	68	70
	69	71
	73	75
	74	76
	78	80
	79	81
	81	82
	82	83
	83	84
	86	87
	87	88
	90	91
	91	92
	92	93
	95	96
	96	97
	97	98
	104	228
	105	229
	112	127
	113	128
	114	129
	118	133
	119	134
	123	138
	128	143
	131	146
	136	151
	137	152
	152	169
	153	170
	154	171
	158	175
	163	180
	167	184
	168	185
	169	186
	170	187
	171	188
	173	190
	180	105
	181	106
	182	107
	183	108
	184	109
	185	110
	186	111
	190	115
	191	116
	192	117
	193	118
	194	119
	201	198
	203	199
	204	200
	205	201
	206	202
	207	203
	208	204
	210	206
	211	207
	213	209
	214	210
	215	211
	219	215
	220	216
	221	217
	222	218
	223	219
	228	235
	230	236
	232	237
	235	239
	236	240
	240	243
	241	244
	244	247
	245	248
	247	249
	248	250
	249	251
	250	252
	254	255
	255	256
net/minecraft/client/renderer/entity/PiglinRenderer	55	66
	32	42
	34	45
	37	48
	38	49
	39	50
	41	53
	46	57
	47	58
	48	59
	17	20
	50	61
	55	66
	27	36
	29	37
	30	40
	31	41
net/minecraft/client/gui/spectator/SpectatorMenuCategory	0	0
net/minecraft/client/particle/CherryParticle	101	68
	65	46
	66	68
	70	47
	71	48
	73	49
	74	50
	76	51
	77	52
	80	53
	82	54
	84	55
	85	56
	88	57
	91	58
	28	19
	92	59
	29	20
	94	62
	95	68
	32	21
	33	22
	34	23
	98	63
	99	64
	100	65
	37	24
	101	68
	39	25
	42	26
	43	27
	44	28
	47	29
	48	30
	52	34
	58	39
	59	40
	60	41
	62	42
	63	43
com/mojang/blaze3d/font/package-info	0	0
net/minecraft/client/renderer/entity/NoopRenderer	14	17
	9	12
	10	13
	14	17
net/minecraft/client/ComponentCollector	34	34
	33	33
	18	20
	34	34
	19	21
	21	23
	22	23
	24	23
	10	12
	28	28
	13	15
	29	29
	14	16
com/mojang/realmsclient/gui/ErrorCallback	10	13
	9	12
	10	13
net/minecraft/client/gui/components/AbstractOptionSliderButton	12	15
	10	13
	11	14
	12	15
net/minecraft/client/model/OcelotModel	181	168
	129	118
	130	119
	131	120
	132	121
	134	122
	135	123
	137	125
	141	129
	145	133
	146	134
	147	135
	148	136
	149	137
	150	138
	151	139
	152	140
	153	141
	154	142
	155	143
	156	144
	157	145
	158	146
	159	147
	160	148
	161	149
	163	150
	164	151
	165	152
	166	153
	167	154
	168	155
	169	156
	170	157
	171	158
	172	159
	173	160
	174	161
	175	162
	176	163
	177	164
	179	166
	53	49
	181	168
	54	50
	55	51
	56	52
	57	53
	58	54
	59	55
	60	56
	61	57
	62	58
	65	61
	66	62
	67	63
	69	64
	70	66
	71	67
	72	68
	73	69
	74	70
	75	71
	77	73
	78	75
	79	75
	80	76
	82	78
	83	80
	84	80
	85	81
	87	83
	88	84
	89	84
	90	84
	92	86
	93	86
	94	87
	95	88
	97	89
	98	89
	99	90
	100	91
	102	92
	107	97
	112	102
	117	107
	118	108
	120	109
	121	110
	122	111
	123	112
	124	113
	125	114
	126	115
	127	116
com/mojang/realmsclient/gui/screens/package-info	0	0
net/minecraft/client/renderer/entity/VexRenderer	30	27
	16	18
	17	19
	18	20
	22	23
	27	27
	12	14
	28	27
	13	15
	30	27
net/minecraft/client/gui/screens/WinScreen	310	297
	259	251
	260	252
	262	253
	263	254
	265	255
	267	256
	268	257
	270	258
	272	259
	274	261
	275	262
	276	263
	277	264
	278	265
	281	269
	282	270
	283	271
	284	272
	286	274
	33	34
	289	278
	34	35
	35	36
	292	281
	37	38
	294	282
	295	283
	296	284
	297	285
	298	286
	300	287
	301	288
	305	292
	306	293
	310	297
	57	55
	58	56
	59	57
	60	58
	61	59
	63	61
	65	64
	67	65
	68	66
	71	69
	72	70
	74	71
	79	76
	80	77
	81	78
	82	79
	83	80
	85	82
	89	86
	90	87
	91	88
	92	89
	93	90
	94	91
	96	94
	98	95
	103	100
	104	101
	106	104
	107	105
	108	106
	109	107
	111	110
	113	111
	118	116
	119	117
	122	120
	123	121
	127	125
	128	139
	131	126
	132	127
	133	128
	134	129
	136	132
	137	133
	138	134
	141	137
	142	139
	150	142
	151	143
	152	144
	153	145
	155	147
	158	150
	159	151
	162	154
	163	155
	166	158
	167	159
	168	160
	169	161
	171	164
	172	165
	175	168
	176	169
	178	171
	181	174
	182	174
	183	175
	184	176
	185	177
	186	178
	187	179
	188	180
	189	181
	191	183
	192	183
	193	184
	194	185
	195	186
	196	187
	197	188
	198	189
	201	192
	202	192
	203	193
	204	194
	205	195
	206	196
	207	198
	208	199
	209	200
	211	203
	212	204
	216	208
	219	211
	220	212
	223	215
	224	216
	227	219
	228	220
	230	223
	231	224
	234	227
	235	228
	236	229
	238	230
	239	231
	241	232
	242	233
	243	234
	244	235
	246	238
	247	239
	249	242
	250	243
	252	244
	253	245
	254	246
	255	247
net/minecraft/client/renderer/entity/DisplayRenderer	202	224
	130	147
	131	148
	132	149
	135	152
	136	153
	138	154
	139	156
	140	157
	141	158
	142	159
	145	162
	151	167
	156	171
	158	172
	31	42
	159	173
	32	43
	160	174
	33	44
	161	175
	162	176
	164	178
	37	47
	165	179
	166	180
	168	182
	42	51
	43	52
	171	185
	44	70
	172	186
	46	53
	174	187
	47	54
	175	188
	48	70
	176	189
	50	55
	179	190
	52	56
	53	57
	181	191
	182	192
	55	58
	183	193
	56	59
	57	60
	185	194
	186	195
	59	61
	187	196
	60	62
	188	197
	61	63
	189	198
	62	64
	190	199
	64	65
	65	66
	193	202
	66	67
	194	203
	67	70
	195	204
	196	205
	197	206
	70	73
	71	75
	199	209
	72	76
	200	222
	73	77
	74	79
	202	224
	75	81
	88	96
	89	97
	90	98
	95	102
	100	108
	101	109
	108	117
	109	118
	110	119
	115	123
	121	127
	122	128
	123	139
net/minecraft/client/resources/metadata/animation/package-info	0	0
net/minecraft/client/gui/navigation/ScreenDirection	66	48
	32	34
	33	35
	66	48
	12	14
	44	40
	45	40
	15	17
	47	40
	16	18
	17	19
	22	24
	23	25
	24	26
	25	27
	26	28
	58	44
	59	44
	61	44
	31	33
com/mojang/realmsclient/util/TextRenderingUtils	176	178
	134	23
	138	27
	139	28
	14	15
	143	32
	144	33
	145	35
	146	36
	147	38
	148	38
	20	82
	149	39
	21	83
	150	40
	152	42
	24	86
	25	87
	155	46
	157	49
	29	91
	161	53
	162	54
	164	57
	36	96
	165	58
	37	97
	166	61
	167	62
	39	98
	168	63
	40	102
	170	66
	42	99
	171	67
	43	100
	173	70
	174	71
	176	74
	48	108
	60	121
	61	122
	62	123
	63	124
	66	127
	67	128
	68	129
	69	130
	73	134
	74	135
	76	136
	77	142
	79	137
	80	138
	81	139
	82	140
	87	148
	92	153
	100	157
	104	161
	108	165
	109	166
	111	168
	115	173
	120	178
	126	19
net/minecraft/client/renderer/debug/GameTestDebugRenderer	70	68
	64	35
	65	36
	66	37
	34	60
	67	38
	68	39
	70	41
	38	64
	42	68
	47	18
	16	15
	48	19
	52	23
	53	24
	24	50
	57	28
	25	51
	58	29
	26	52
	59	30
	27	53
	60	31
	30	56
	63	34
com/mojang/realmsclient/client/Request	291	294
	256	290
	257	291
	258	292
	259	293
	260	294
	269	243
	270	244
	271	245
	276	249
	277	250
	280	253
	281	254
	282	255
	27	28
	283	256
	28	29
	284	257
	285	258
	30	30
	286	259
	31	31
	287	260
	288	261
	33	33
	289	262
	290	263
	291	264
	36	36
	37	37
	38	38
	39	39
	40	40
	41	41
	43	43
	46	46
	47	47
	50	50
	51	51
	52	52
	54	54
	56	56
	60	59
	61	60
	65	64
	69	68
	71	71
	72	72
	73	73
	79	79
	80	80
	81	81
	82	82
	88	88
	91	90
	92	91
	94	93
	97	96
	98	97
	99	98
	100	99
	105	104
	106	105
	108	108
	109	109
	110	111
	111	112
	114	115
	118	119
	120	122
	121	124
	124	127
	127	131
	128	132
	129	147
	132	133
	135	136
	139	143
	140	144
	143	128
	147	150
	148	151
	150	154
	151	155
	152	156
	159	162
	163	166
	167	170
	171	174
	175	178
	179	182
	183	186
	187	190
	192	195
	193	196
	194	197
	200	204
	201	205
	206	209
	207	210
	208	211
	209	212
	210	213
	211	214
	218	222
	219	223
	224	227
	225	228
	226	229
	227	230
	228	231
	229	232
	230	233
	239	274
	240	275
	241	276
	246	280
	247	281
	250	284
	251	285
	252	286
	253	287
	254	288
	255	289
net/minecraft/client/Camera	246	244
	28	32
	30	34
	31	35
	32	36
	35	39
	42	46
	43	47
	44	48
	45	49
	47	50
	48	51
	50	56
	51	57
	52	58
	55	61
	56	62
	57	63
	58	64
	59	65
	61	67
	64	70
	65	71
	66	72
	68	74
	71	77
	72	78
	73	79
	74	80
	76	81
	77	82
	78	83
	80	84
	81	85
	82	86
	83	87
	84	88
	85	89
	86	90
	90	95
	94	99
	95	100
	96	101
	97	102
	98	103
	101	106
	102	107
	104	108
	106	109
	107	110
	108	111
	109	112
	112	115
	113	116
	116	119
	117	120
	118	121
	121	124
	125	128
	129	132
	133	136
	137	140
	141	144
	145	148
	149	152
	153	156
	154	157
	155	158
	156	159
	158	160
	159	161
	160	162
	162	163
	166	167
	167	168
	170	171
	171	172
	172	172
	173	173
	177	176
	180	178
	181	178
	182	179
	183	180
	184	181
	185	182
	186	183
	187	184
	190	187
	191	188
	192	189
	197	194
	201	198
	205	202
	209	206
	213	210
	214	211
	215	212
	216	213
	224	222
	225	223
	226	224
	227	225
	230	228
	234	232
	238	236
	242	240
	246	244
net/minecraft/client/multiplayer/ClientLevel	1043	961
	1025	788
	1030	792
	1031	793
	1034	796
	1035	797
	1038	800
	1043	804
	93	97
	113	117
	114	120
	115	123
	116	125
	127	134
	128	135
	131	138
	132	139
	134	141
	137	144
	138	145
	139	146
	142	147
	143	148
	144	149
	147	152
	150	155
	155	159
	156	160
	157	161
	158	162
	159	163
	161	166
	163	168
	166	131
	169	184
	170	185
	171	186
	172	187
	173	188
	174	189
	175	190
	177	191
	178	192
	179	193
	180	194
	183	197
	184	198
	187	201
	188	202
	189	204
	190	205
	191	206
	192	210
	197	212
	200	215
	204	219
	208	223
	209	224
	211	225
	212	226
	215	229
	217	230
	219	231
	220	232
	223	235
	224	236
	225	237
	227	239
	230	242
	231	243
	234	246
	235	247
	236	248
	238	250
	240	253
	241	254
	244	257
	248	261
	249	262
	251	263
	252	264
	253	267
	255	265
	256	267
	257	268
	259	269
	260	270
	264	273
	268	277
	270	278
	271	279
	272	280
	273	281
	275	283
	276	284
	278	286
	281	289
	282	290
	283	300
	286	291
	287	300
	290	292
	292	293
	293	294
	295	296
	296	297
	298	300
	301	303
	302	304
	303	305
	304	306
	307	309
	308	310
	309	311
	312	314
	313	315
	317	318
	321	322
	325	326
	326	327
	329	330
	330	331
	333	334
	334	335
	335	336
	338	339
	339	340
	340	341
	341	342
	343	344
	348	348
	353	352
	354	353
	357	356
	358	357
	360	358
	361	359
	362	361
	363	362
	364	363
	366	365
	370	369
	371	370
	372	371
	373	372
	374	373
	378	377
	382	381
	383	382
	384	383
	386	384
	387	385
	388	386
	390	387
	392	388
	393	389
	395	390
	396	391
	397	392
	398	393
	399	394
	403	398
	404	399
	407	402
	408	403
	409	407
	410	408
	412	418
	414	421
	417	424
	418	446
	421	425
	422	426
	423	427
	424	428
	425	429
	427	431
	428	432
	429	433
	430	434
	432	436
	433	437
	434	438
	435	439
	436	440
	437	441
	441	446
	444	449
	445	451
	446	452
	447	453
	450	457
	453	460
	454	461
	458	464
	460	465
	461	467
	463	469
	468	475
	469	476
	471	478
	475	481
	476	482
	478	484
	482	487
	483	488
	486	491
	487	492
	489	493
	491	494
	492	495
	494	497
	496	499
	500	502
	501	503
	505	506
	506	507
	510	510
	514	514
	515	515
	519	518
	524	522
	529	526
	535	531
	539	535
	540	536
	545	539
	549	542
	554	546
	559	550
	560	551
	564	554
	565	555
	568	558
	569	559
	573	562
	574	563
	578	566
	579	567
	584	571
	585	572
	586	573
	587	574
	589	575
	590	576
	591	577
	592	578
	594	579
	596	581
	600	584
	601	585
	605	588
	606	589
	610	592
	611	593
	615	596
	616	597
	620	600
	625	604
	629	608
	631	609
	632	610
	634	611
	636	612
	637	613
	639	614
	643	618
	645	619
	646	620
	647	622
	649	624
	650	625
	652	626
	653	627
	654	628
	656	629
	657	630
	658	631
	660	632
	661	633
	662	634
	663	635
	665	638
	666	639
	667	640
	669	641
	670	642
	671	643
	672	644
	675	647
	676	648
	677	649
	678	650
	679	651
	681	654
	682	655
	683	656
	684	657
	687	660
	691	664
	693	665
	694	666
	696	667
	697	668
	698	669
	700	670
	701	671
	702	672
	704	673
	705	674
	706	675
	707	676
	710	679
	711	680
	712	681
	714	682
	715	683
	716	684
	718	685
	719	686
	720	687
	721	688
	724	691
	728	695
	730	696
	731	697
	733	698
	737	702
	742	706
	743	707
	747	710
	749	711
	750	712
	753	715
	755	717
	757	719
	760	722
	763	725
	765	727
	771	732
	772	733
	776	737
	777	738
	778	739
	781	742
	782	743
	783	744
	784	745
	786	746
	787	747
	788	749
	789	750
	790	751
	792	752
	793	753
	794	754
	797	757
	801	761
	802	762
	806	765
	811	769
	817	773
	820	776
	824	780
	825	781
	845	823
	846	824
	847	825
	848	826
	849	827
	853	830
	858	834
	863	838
	868	842
	873	846
	878	850
	883	854
	884	855
	888	858
	889	859
	893	862
	894	863
	898	866
	899	867
	902	870
	903	871
	906	874
	907	875
	911	878
	912	879
	913	880
	914	881
	915	882
	919	885
	924	889
	929	893
	930	894
	934	897
	939	901
	944	905
	949	909
	954	913
	955	914
	958	917
	959	918
	962	921
	963	922
	966	925
	967	925
	970	925
	974	929
	975	929
	977	929
	983	784
	989	936
	993	939
	997	942
	998	943
	1002	946
	1003	947
	1007	950
	1008	951
	1010	953
	1014	956
	1015	957
	1016	958
	1020	961
net/minecraft/client/renderer/item/ItemProperties	266	261
	256	71
	257	72
	258	73
	261	76
	262	77
	263	77
	266	77
	37	36
	41	38
	42	39
	44	40
	45	42
	48	47
	49	48
	53	52
	54	53
	56	44
	59	56
	60	57
	63	82
	64	83
	67	86
	68	87
	71	91
	72	92
	73	93
	76	95
	77	96
	80	97
	82	104
	84	105
	85	105
	88	106
	89	107
	90	108
	92	110
	93	110
	96	110
	99	114
	100	116
	101	118
	104	117
	107	121
	108	123
	111	125
	113	126
	120	133
	122	134
	123	135
	126	138
	127	139
	130	142
	131	143
	135	147
	136	148
	138	150
	141	153
	143	154
	147	158
	148	159
	150	160
	151	161
	153	162
	154	163
	155	164
	158	167
	162	171
	163	174
	164	175
	166	176
	170	180
	171	183
	172	183
	174	183
	177	187
	178	190
	179	191
	182	193
	183	194
	186	195
	189	200
	190	202
	193	209
	194	209
	197	211
	198	213
	201	217
	202	217
	205	218
	206	219
	207	220
	210	223
	211	224
	212	225
	213	226
	215	229
	218	232
	219	234
	222	237
	223	239
	226	241
	227	242
	229	245
	230	246
	231	247
	232	248
	235	251
	237	254
	240	257
	241	259
	243	261
	247	61
	248	62
	249	63
	251	66
	252	67
net/minecraft/realms/RealmsScreen	57	51
	48	42
	52	46
	53	47
	57	51
	44	38
	45	39
net/minecraft/client/gui/screens/recipebook/RecipeBookComponent	580	515
	512	454
	516	458
	518	459
	520	460
	522	462
	526	466
	527	467
	529	469
	532	472
	533	473
	534	474
	536	475
	537	476
	541	479
	542	480
	543	481
	544	482
	546	484
	549	487
	550	488
	551	489
	552	490
	41	42
	553	491
	42	43
	555	493
	47	49
	48	50
	561	497
	566	502
	55	55
	567	503
	568	504
	569	505
	571	507
	572	508
	573	509
	574	510
	576	511
	65	63
	577	512
	578	513
	580	515
	80	73
	81	74
	82	75
	83	76
	84	77
	85	78
	86	79
	88	80
	90	81
	91	82
	92	83
	94	85
	97	88
	98	89
	99	90
	101	91
	102	92
	103	93
	105	94
	106	95
	107	96
	108	97
	109	98
	110	99
	111	100
	113	101
	114	102
	116	103
	117	104
	118	105
	120	106
	122	108
	123	109
	126	112
	127	115
	129	120
	130	121
	132	124
	134	125
	135	126
	136	127
	139	130
	140	131
	143	134
	144	135
	148	139
	149	140
	151	142
	154	145
	158	149
	159	150
	162	153
	166	157
	170	161
	171	162
	174	165
	175	166
	176	167
	177	168
	179	171
	180	172
	183	175
	184	176
	186	177
	187	178
	190	181
	193	184
	196	185
	198	186
	201	187
	204	188
	207	189
	208	190
	209	192
	211	194
	215	197
	216	198
	219	201
	220	202
	224	205
	225	206
	226	207
	228	208
	229	210
	230	211
	231	212
	232	213
	233	214
	237	215
	238	216
	239	217
	242	220
	246	223
	247	224
	248	225
	251	228
	252	236
	255	229
	256	230
	257	231
	259	234
	260	236
	263	239
	264	240
	265	241
	267	242
	268	243
	272	247
	273	263
	276	248
	277	249
	279	250
	280	251
	281	252
	283	253
	285	255
	286	256
	289	259
	291	260
	293	261
	294	263
	297	266
	298	270
	301	267
	303	268
	304	270
	307	273
	311	277
	313	279
	314	280
	316	281
	317	282
	319	283
	320	284
	324	288
	325	289
	327	291
	330	294
	331	295
	335	299
	336	351
	340	300
	341	301
	342	302
	344	303
	345	304
	346	305
	349	308
	351	309
	353	310
	354	311
	358	315
	361	317
	362	318
	363	319
	365	322
	368	323
	369	324
	370	325
	371	326
	373	327
	375	328
	377	329
	380	332
	381	333
	382	334
	383	335
	384	336
	386	339
	387	340
	389	341
	392	344
	396	348
	400	356
	401	357
	402	358
	403	359
	407	363
	408	364
	411	367
	412	368
	414	369
	419	374
	420	375
	421	376
	424	377
	425	378
	426	379
	429	380
	430	381
	431	382
	433	383
	435	384
	438	385
	439	386
	440	387
	442	388
	445	390
	450	396
	451	397
	456	402
	457	403
	459	404
	460	405
	463	406
	464	407
	465	408
	468	410
	473	416
	479	421
	483	425
	487	429
	488	430
	490	431
	491	432
	492	433
	494	435
	497	438
	498	439
	499	440
	500	441
	501	442
	502	443
	504	446
	505	447
	506	448
	507	449
	509	451
net/minecraft/client/renderer/entity/BeeRenderer	28	25
	9	12
	10	13
	11	14
	12	15
	15	18
	16	19
	20	22
	21	23
	22	23
	24	23
	25	25
	26	25
	28	25
net/minecraft/client/renderer/item/CompassItemPropertyFunction	129	117
	128	116
	129	117
	67	59
	68	60
	69	61
	71	64
	73	66
	76	69
	81	74
	82	74
	83	74
	22	24
	86	74
	23	25
	90	78
	27	29
	91	78
	29	30
	30	31
	95	82
	96	83
	33	34
	35	35
	36	35
	100	87
	39	35
	104	91
	43	39
	44	40
	46	41
	47	42
	50	43
	54	47
	118	107
	55	48
	57	51
	58	52
	122	111
	123	112
	124	113
	62	56
	126	114
	63	57
	127	115
net/minecraft/client/gui/screens/inventory/CraftingScreen	116	107
	15	19
	16	20
	23	25
	24	26
	28	30
	30	31
	31	32
	32	33
	34	34
	35	35
	36	36
	38	37
	39	38
	40	39
	41	40
	43	41
	44	42
	48	46
	50	47
	51	48
	55	52
	57	53
	58	54
	59	55
	61	57
	62	58
	63	59
	66	62
	67	63
	68	64
	72	68
	73	69
	74	70
	75	71
	79	75
	84	80
	85	81
	86	82
	89	84
	90	84
	93	84
	98	90
	99	91
	104	96
	106	97
	107	98
	111	102
	112	103
	116	107
net/minecraft/client/particle/HeartParticle	59	61
	36	55
	37	56
	9	12
	41	59
	10	13
	42	60
	11	14
	43	61
	12	15
	13	16
	14	17
	15	18
	17	19
	18	20
	19	21
	51	39
	20	22
	52	40
	24	26
	56	43
	57	44
	58	45
	59	46
	29	31
com/mojang/blaze3d/font/GlyphInfo	28	31
	16	18
	20	22
	12	14
	28	31
net/minecraft/client/renderer/entity/EvokerRenderer	29	33
	17	19
	20	24
	21	25
	23	27
	25	30
	12	15
	29	33
	15	18
net/minecraft/client/gui/Gui	1302	1200
	1026	893
	1027	894
	1029	898
	1032	901
	1033	902
	1035	903
	1037	904
	1039	905
	1040	906
	1041	907
	1042	908
	1045	911
	1046	912
	1047	913
	1049	914
	1050	915
	1052	916
	1053	917
	1054	918
	1055	919
	1058	920
	1061	921
	1063	922
	1065	923
	1067	924
	1068	925
	1071	928
	1072	934
	1074	929
	1075	930
	1076	931
	1077	932
	1078	934
	1081	937
	1082	938
	1083	939
	1084	940
	1086	941
	1087	942
	1089	944
	1092	947
	1093	948
	1094	950
	1096	952
	1097	953
	1098	954
	75	74
	76	75
	1100	956
	77	76
	1101	957
	78	77
	1102	958
	79	78
	80	79
	1105	961
	82	80
	83	81
	1107	962
	1108	963
	1109	964
	1110	965
	1111	966
	1114	969
	1115	970
	1116	971
	1117	972
	1120	975
	1121	976
	1122	977
	1124	978
	1125	979
	1127	980
	1128	981
	1129	982
	1130	983
	1133	986
	1134	1003
	1137	987
	1138	988
	1139	989
	1141	990
	1142	991
	1143	992
	1144	993
	1147	996
	1149	997
	1150	998
	1153	1001
	1154	1003
	1157	1006
	1158	1007
	1159	1008
	1161	1010
	139	128
	140	129
	1164	1013
	141	130
	1165	1014
	142	131
	143	132
	1167	1017
	144	133
	1168	1018
	145	134
	1169	1019
	146	135
	1170	1020
	1171	1021
	148	136
	149	137
	1174	1025
	152	140
	1176	1026
	153	141
	1177	1027
	154	142
	1178	1028
	155	143
	1181	1031
	1182	1032
	160	146
	1184	1033
	161	147
	1185	1034
	162	148
	1186	1035
	163	149
	1187	1038
	1188	1039
	165	150
	1189	1040
	167	151
	1191	1043
	168	152
	170	154
	1194	1046
	1195	1047
	173	157
	174	158
	1198	1050
	1199	1051
	176	159
	1200	1052
	177	160
	1201	1053
	178	161
	1202	1054
	180	163
	1205	1057
	182	164
	1206	1058
	183	165
	1207	1059
	184	166
	1208	1060
	1211	1063
	1212	1064
	189	171
	1213	1065
	190	172
	1214	1066
	1215	1067
	193	175
	194	176
	1218	1070
	195	177
	1219	1071
	198	180
	1222	1074
	199	181
	200	182
	201	183
	1226	1078
	1227	1079
	204	186
	205	187
	1229	1082
	1230	1083
	207	188
	1232	1086
	209	189
	1233	1087
	210	190
	211	191
	1235	1090
	1236	1091
	213	192
	214	193
	1238	1093
	217	196
	1241	1096
	1242	1097
	219	197
	221	198
	1245	1100
	1246	1101
	223	199
	1247	1102
	224	200
	225	201
	226	202
	1250	1105
	1251	1106
	228	203
	1252	1107
	1253	1108
	231	206
	232	207
	1256	1111
	233	208
	234	209
	1260	1115
	239	213
	240	214
	1264	1119
	242	215
	243	216
	244	217
	1268	1123
	246	218
	1272	1127
	249	221
	250	222
	251	223
	1276	1131
	1277	1132
	254	226
	1278	1133
	255	227
	1280	1134
	1281	1135
	258	230
	1282	1136
	260	231
	261	232
	1285	1139
	264	235
	265	236
	1289	1143
	266	237
	1290	1144
	267	238
	268	239
	269	240
	1293	1147
	270	241
	1294	1148
	1295	1149
	272	244
	1296	1150
	273	245
	1297	1151
	274	246
	1298	1152
	1299	1153
	276	247
	277	248
	278	249
	1302	1156
	280	252
	281	253
	282	254
	283	255
	285	256
	287	259
	290	262
	291	263
	292	264
	293	265
	294	266
	295	267
	296	268
	298	271
	299	272
	301	275
	302	276
	303	277
	304	278
	306	279
	308	280
	309	281
	311	282
	312	283
	313	284
	314	285
	316	286
	318	287
	319	288
	320	289
	322	290
	323	291
	324	292
	326	293
	328	296
	330	297
	332	300
	335	303
	337	304
	338	305
	339	306
	340	307
	341	308
	342	309
	343	310
	346	314
	347	315
	348	316
	351	319
	353	320
	354	321
	356	322
	357	323
	358	324
	360	325
	361	326
	362	330
	363	331
	365	328
	368	334
	370	336
	373	339
	374	340
	375	341
	376	342
	378	344
	381	347
	383	348
	384	395
	387	349
	388	349
	389	395
	393	350
	394	351
	396	352
	397	353
	398	354
	399	355
	400	356
	401	357
	402	358
	403	359
	405	360
	407	361
	408	362
	410	365
	411	370
	412	371
	414	372
	415	373
	416	374
	417	375
	418	376
	419	377
	422	380
	423	381
	425	382
	426	383
	427	384
	428	385
	430	386
	431	387
	435	391
	437	395
	440	398
	441	399
	444	400
	445	401
	446	402
	447	403
	448	404
	449	405
	452	407
	456	412
	458	413
	459	465
	462	415
	463	416
	464	417
	465	418
	468	419
	470	421
	471	422
	473	423
	474	424
	475	425
	476	426
	477	427
	480	430
	481	431
	482	432
	484	434
	485	435
	486	436
	489	439
	490	440
	491	441
	493	443
	495	444
	496	445
	497	446
	498	447
	502	451
	503	452
	504	453
	505	454
	506	455
	507	456
	508	457
	509	458
	510	459
	514	463
	515	465
	518	468
	519	469
	520	523
	523	470
	524	471
	525	472
	526	473
	527	474
	529	475
	530	476
	532	477
	533	478
	535	479
	536	480
	537	481
	539	483
	543	487
	545	488
	546	490
	547	491
	548	492
	549	493
	552	496
	553	497
	554	498
	555	499
	557	501
	561	505
	563	506
	564	507
	565	508
	566	509
	567	510
	568	511
	569	512
	572	515
	574	516
	575	517
	579	521
	580	523
	584	526
	585	527
	586	528
	588	529
	590	530
	591	531
	592	532
	593	533
	594	534
	595	535
	597	538
	598	539
	601	542
	602	543
	603	544
	604	545
	606	546
	608	547
	609	548
	610	549
	611	550
	614	554
	616	555
	617	556
	619	557
	620	558
	621	559
	623	560
	624	561
	625	562
	626	563
	627	564
	628	565
	630	567
	633	570
	635	571
	636	572
	637	573
	638	574
	641	577
	642	578
	643	579
	644	580
	646	581
	649	584
	650	585
	651	586
	653	589
	654	590
	655	591
	659	595
	660	596
	663	599
	666	601
	667	602
	669	604
	672	607
	673	608
	674	609
	675	610
	678	613
	679	614
	680	615
	681	616
	682	617
	684	619
	687	622
	689	623
	690	624
	691	625
	692	626
	693	628
	694	629
	695	630
	696	631
	697	632
	700	635
	701	636
	702	637
	703	638
	704	639
	706	640
	707	641
	709	643
	710	644
	711	645
	712	646
	713	647
	714	648
	715	649
	716	650
	718	651
	719	652
	720	653
	722	654
	723	655
	724	656
	725	657
	728	660
	731	663
	732	663
	734	663
	738	667
	739	668
	740	669
	741	670
	742	671
	744	674
	745	675
	748	679
	752	683
	753	692
	756	684
	757	685
	758	686
	759	687
	761	690
	765	697
	769	701
	770	702
	771	813
	773	703
	775	704
	776	705
	777	706
	778	707
	779	708
	780	709
	781	710
	782	711
	784	714
	785	715
	786	716
	787	717
	789	720
	790	721
	791	722
	793	723
	794	724
	796	725
	797	726
	799	727
	800	728
	801	729
	802	730
	803	731
	804	732
	805	733
	807	734
	808	735
	809	736
	810	737
	814	740
	815	742
	816	743
	817	744
	818	745
	819	746
	821	749
	822	750
	824	753
	825	754
	829	759
	830	760
	832	761
	833	762
	834	763
	836	764
	837	766
	838	767
	840	768
	841	769
	842	770
	843	771
	844	772
	847	775
	848	775
	849	776
	853	779
	854	780
	855	781
	856	782
	858	785
	859	786
	862	790
	866	793
	868	794
	869	795
	870	796
	872	797
	873	798
	875	799
	876	800
	877	802
	878	803
	879	804
	881	806
	886	811
	887	813
	890	1160
	891	1161
	892	1162
	893	1163
	894	1164
	895	1165
	902	1171
	903	1172
	904	1173
	910	1177
	911	1178
	913	1180
	914	1181
	916	1182
	918	1185
	923	1190
	924	1191
	925	1192
	926	1193
	927	1194
	928	1195
	930	1197
	932	1200
	937	816
	938	817
	940	818
	941	819
	942	820
	944	822
	945	823
	946	824
	948	825
	949	826
	951	827
	952	828
	954	831
	955	832
	958	835
	960	836
	962	837
	963	838
	964	839
	965	840
	966	841
	967	842
	970	846
	971	847
	972	848
	974	851
	975	852
	976	853
	979	856
	982	859
	983	860
	986	863
	987	864
	988	898
	990	865
	991	866
	992	898
	994	867
	997	868
	1000	869
	1001	870
	1002	871
	1003	872
	1004	873
	1006	875
	1007	876
	1008	877
	1010	879
	1011	880
	1012	881
	1017	882
	1018	883
	1019	884
	1020	885
	1022	888
	1023	889
com/mojang/realmsclient/dto/BackupList	33	36
	33	36
	18	19
	20	20
	21	21
	23	24
	24	25
	25	26
	26	28
	27	29
	13	15
	30	32
	31	33
net/minecraft/client/tutorial/MovementTutorialStepInstance	119	120
	17	17
	18	19
	20	20
	21	21
	35	34
	36	35
	40	39
	42	40
	43	41
	44	42
	47	45
	48	46
	49	47
	52	50
	53	51
	54	52
	55	53
	57	56
	60	59
	61	60
	62	61
	63	62
	65	65
	68	68
	69	69
	70	70
	72	72
	76	76
	77	77
	80	80
	81	81
	84	84
	85	85
	86	86
	87	87
	88	88
	89	89
	90	90
	93	93
	97	97
	98	98
	99	99
	101	102
	102	103
	103	104
	105	106
	109	110
	110	111
	112	113
	116	117
	117	118
	119	120
net/minecraft/client/gui/components/AbstractSelectionList	594	562
	512	482
	514	485
	519	490
	523	494
	524	495
	527	498
	528	499
	529	500
	530	501
	531	502
	534	505
	538	509
	548	519
	552	523
	558	529
	562	533
	53	56
	54	57
	55	58
	56	59
	57	60
	58	61
	59	62
	571	542
	60	63
	61	64
	576	547
	65	67
	66	68
	69	71
	581	551
	70	72
	582	552
	583	553
	72	73
	73	74
	75	76
	588	557
	589	558
	590	559
	79	79
	594	562
	84	84
	88	88
	89	89
	92	92
	96	96
	97	97
	100	100
	101	101
	107	105
	112	110
	116	114
	118	115
	119	116
	122	119
	123	120
	124	121
	127	124
	131	128
	132	129
	136	133
	137	134
	138	135
	139	136
	142	139
	143	140
	144	141
	145	142
	149	146
	153	150
	158	155
	159	156
	161	157
	162	158
	164	159
	165	160
	166	161
	167	161
	169	161
	173	165
	174	166
	175	167
	176	168
	177	169
	178	170
	179	171
	182	174
	183	175
	184	176
	187	179
	191	183
	194	186
	197	189
	200	192
	204	196
	206	197
	207	198
	209	199
	211	200
	212	201
	213	202
	214	203
	215	204
	218	207
	219	208
	221	209
	223	210
	224	211
	227	214
	229	215
	231	216
	233	217
	234	218
	235	219
	236	220
	237	221
	240	222
	241	223
	242	224
	245	227
	246	228
	247	229
	248	230
	250	231
	251	232
	252	233
	256	236
	257	237
	258	238
	261	241
	263	242
	264	243
	267	246
	268	247
	272	250
	273	251
	279	254
	280	255
	281	256
	282	257
	285	260
	286	261
	287	262
	289	264
	292	267
	293	268
	296	271
	300	275
	301	276
	304	279
	308	283
	312	287
	313	288
	316	291
	321	296
	322	297
	323	298
	325	301
	326	302
	327	303
	328	304
	330	305
	331	306
	333	309
	334	310
	335	311
	338	313
	339	314
	340	315
	343	318
	348	323
	349	324
	351	327
	356	332
	357	333
	360	336
	361	351
	363	337
	364	338
	365	339
	366	340
	368	342
	369	343
	370	344
	371	345
	372	346
	374	349
	379	357
	380	358
	385	363
	387	364
	388	365
	389	366
	390	367
	391	368
	392	369
	395	372
	399	376
	404	381
	409	386
	410	387
	411	388
	412	389
	414	391
	416	393
	417	394
	419	396
	422	399
	423	400
	424	401
	425	402
	429	407
	434	412
	438	416
	439	417
	440	418
	442	419
	443	421
	444	422
	445	423
	446	424
	447	425
	450	428
	453	431
	455	432
	457	433
	458	434
	459	435
	462	438
	463	439
	466	442
	467	443
	468	444
	469	445
	470	446
	473	449
	477	453
	481	457
	485	461
	490	466
	491	467
	493	469
	494	469
	496	469
	501	475
	502	476
	503	476
	505	476
	510	480
	511	481
net/minecraft/client/renderer/entity/layers/HorseMarkingLayer	41	41
	33	36
	35	37
	36	41
	39	38
	40	39
	41	41
	19	22
	20	23
	21	24
	22	25
	23	26
	24	27
	25	28
	28	32
	29	33
net/minecraft/client/renderer/blockentity/package-info	0	0
net/minecraft/client/OptionInstance	419	442
	263	342
	264	343
	265	344
	266	345
	267	346
	268	347
	269	348
	273	352
	274	353
	275	354
	279	358
	280	359
	281	360
	282	361
	35	37
	291	279
	36	38
	37	39
	296	283
	300	287
	303	290
	50	52
	308	295
	54	56
	313	300
	58	60
	62	66
	318	305
	327	263
	72	76
	332	268
	77	76
	83	87
	339	186
	84	88
	344	191
	350	197
	95	99
	351	199
	96	100
	352	200
	97	101
	353	201
	98	102
	99	103
	355	202
	100	104
	101	105
	102	106
	103	107
	361	209
	106	110
	110	114
	366	214
	114	118
	118	122
	375	404
	122	126
	380	408
	126	130
	385	412
	130	134
	389	416
	135	139
	392	419
	139	143
	140	144
	141	145
	397	424
	143	147
	145	148
	146	155
	402	429
	148	150
	149	151
	150	152
	407	434
	152	155
	155	158
	415	441
	416	441
	418	442
	419	442
	173	388
	185	223
	190	230
	191	231
	192	232
	193	233
	194	234
	195	235
	196	236
	197	237
	198	238
	207	372
	208	373
	210	374
	223	167
	228	172
	235	251
	240	256
	247	315
	252	320
net/minecraft/client/gui/MapRenderer	169	161
	128	126
	130	127
	131	128
	132	129
	133	130
	134	131
	136	132
	138	133
	140	134
	141	135
	142	136
	143	137
	144	138
	145	139
	147	140
	148	141
	149	142
	150	143
	23	25
	151	144
	24	26
	153	145
	154	146
	155	147
	156	148
	158	149
	159	150
	32	33
	33	34
	162	153
	36	37
	164	156
	37	38
	40	41
	168	160
	41	42
	169	161
	44	45
	45	46
	46	47
	49	50
	51	51
	56	56
	57	57
	60	60
	61	61
	65	65
	66	66
	75	76
	76	77
	77	78
	78	79
	79	80
	82	83
	83	84
	84	85
	85	86
	88	89
	89	90
	92	93
	93	94
	94	95
	95	96
	98	100
	99	101
	102	104
	103	105
	104	106
	107	109
	108	110
	110	111
	112	112
	113	113
	114	114
	115	115
	116	116
	117	117
	119	118
	120	120
	121	121
	124	122
	125	123
	126	124
	127	125
net/minecraft/client/renderer/entity/ThrownTridentRenderer	41	39
	32	33
	34	34
	36	35
	37	36
	41	39
	15	18
	20	22
	21	23
	22	24
	26	27
	28	28
	29	29
	31	31
com/mojang/blaze3d/audio/package-info	0	0
net/minecraft/client/renderer/texture/SpriteTicker	0	0
net/minecraft/client/gui/screens/telemetry/package-info	0	0
net/minecraft/client/animation/AnimationDefinition	38	37
	33	32
	34	33
	20	19
	38	37
	24	23
	25	24
	28	27
	29	28
net/minecraft/client/player/Input	25	26
	18	19
	21	22
	25	26
net/minecraft/client/multiplayer/ClientRegistryLayer	19	20
	16	17
	19	20
	14	16
net/minecraft/client/gui/screens/worldselection/WorldCreationContext	66	83
	48	56
	34	35
	66	83
	37	44
	39	46
	55	62
	41	48
	27	34
	28	34
	29	34
	45	52
	62	73
net/minecraft/client/gui/screens/MouseSettingsScreen	58	52
	34	32
	36	33
	37	34
	39	36
	42	39
	44	40
	45	41
	46	42
	47	43
	48	44
	19	21
	20	22
	52	48
	21	22
	53	49
	22	22
	23	22
	55	50
	24	22
	57	51
	58	52
	29	27
	30	28
net/minecraft/client/resources/FoliageColorReloadListener	26	26
	17	18
	18	19
	19	20
	25	25
	26	26
	12	14
com/mojang/blaze3d/MethodsReturnNonnullByDefault	0	0
net/minecraft/client/gui/screens/packs/PackSelectionScreen	310	329
	258	278
	259	279
	260	280
	261	281
	265	285
	266	286
	267	287
	269	289
	274	294
	275	295
	276	296
	277	297
	282	302
	283	303
	286	306
	290	309
	291	310
	292	310
	293	311
	294	312
	295	313
	296	314
	297	315
	301	320
	48	49
	304	323
	50	51
	51	52
	309	328
	54	54
	310	329
	69	66
	70	67
	71	68
	72	69
	73	70
	77	74
	78	75
	79	76
	82	79
	84	81
	85	82
	86	83
	89	86
	93	90
	94	91
	95	92
	97	93
	98	94
	99	95
	101	96
	102	97
	103	98
	104	99
	105	100
	107	102
	108	103
	109	103
	110	103
	113	105
	114	106
	118	110
	120	112
	122	113
	124	115
	125	116
	126	117
	130	121
	131	121
	132	122
	135	124
	138	127
	139	128
	140	129
	141	130
	144	133
	145	134
	146	135
	147	136
	148	137
	149	138
	150	139
	151	140
	152	141
	154	143
	155	144
	158	147
	159	148
	160	149
	163	152
	164	153
	165	154
	168	157
	169	158
	170	159
	171	160
	172	161
	176	165
	178	166
	179	167
	181	168
	182	169
	183	170
	184	171
	187	174
	188	175
	189	176
	190	177
	192	179
	193	180
	194	181
	195	182
	197	184
	198	185
	199	186
	200	187
	202	189
	203	190
	204	191
	206	193
	210	197
	211	198
	212	199
	213	200
	214	201
	216	204
	217	205
	218	205
	219	205
	220	206
	223	232
	224	216
	225	217
	226	255
	228	222
	229	224
	231	227
	232	228
	233	229
	234	248
	236	256
	237	257
	239	258
	243	263
	251	272
	252	273
	255	276
com/mojang/blaze3d/vertex/VertexFormatElement	198	176
	128	150
	129	151
	131	152
	132	153
	133	154
	134	155
	135	155
	136	155
	14	16
	15	17
	143	162
	144	163
	17	23
	145	164
	146	165
	20	18
	21	19
	149	168
	22	20
	150	169
	24	21
	153	172
	154	173
	28	28
	157	176
	32	32
	36	36
	40	40
	171	98
	44	44
	172	99
	173	100
	174	101
	175	102
	176	103
	49	49
	177	104
	53	53
	184	111
	57	57
	185	112
	186	113
	187	114
	62	62
	190	117
	63	63
	65	66
	66	76
	194	121
	69	67
	198	125
	71	68
	72	69
	74	70
	75	71
	77	73
	78	73
	80	73
	85	82
	86	83
	87	84
	88	85
	89	85
	93	89
	94	90
	97	93
	98	94
	101	131
	102	132
	103	133
	104	134
	105	134
	106	134
	107	135
	108	136
	109	137
	110	138
	111	138
	112	138
	113	139
	114	140
	115	141
	116	142
	117	142
	118	142
	119	143
	120	144
	121	145
	122	146
	124	148
	126	150
	127	150
net/minecraft/client/renderer/entity/HoglinRenderer	22	23
	17	19
	22	23
	9	12
	12	15
	13	16
net/minecraft/client/model/CreeperModel	73	64
	66	58
	67	59
	69	60
	70	61
	71	62
	72	63
	73	64
	24	26
	25	27
	26	28
	27	29
	28	30
	29	31
	30	32
	33	35
	34	36
	36	37
	37	38
	38	38
	39	38
	43	40
	44	41
	45	41
	46	41
	49	43
	50	43
	51	44
	52	45
	53	46
	54	47
	56	48
	61	53
net/minecraft/client/telemetry/events/package-info	0	0
net/minecraft/client/renderer/entity/layers/BeeStingerLayer	68	71
	64	61
	67	64
	68	71
	19	22
	22	25
	23	26
	27	30
	32	35
	33	36
	34	37
	36	38
	37	39
	38	40
	40	41
	41	42
	42	43
	43	44
	45	45
	47	46
	48	47
	50	48
	52	49
	53	51
	54	52
	55	53
	56	54
	57	55
	59	56
	60	57
	61	58
	62	59
net/minecraft/client/gui/components/StateSwitchingButton	58	61
	32	35
	35	38
	40	43
	41	44
	45	48
	47	49
	48	50
	49	51
	18	21
	50	52
	19	22
	20	23
	52	55
	53	56
	23	26
	24	27
	56	59
	25	28
	57	60
	26	29
	58	61
	27	30
	28	31
	31	34
net/minecraft/client/multiplayer/resolver/AddressCheck	33	34
	32	33
	17	19
	33	34
	18	20
	19	21
	20	22
	22	23
	25	26
	26	27
	27	28
net/minecraft/client/renderer/entity/ChestedHorseRenderer	25	27
	20	23
	21	24
	25	27
	14	18
net/minecraft/client/gui/screens/recipebook/package-info	0	0
net/minecraft/client/gui/screens/worldselection/CreateWorldScreen	748	783
	512	312
	513	313
	514	314
	515	315
	519	319
	520	320
	521	321
	525	325
	530	330
	537	335
	539	337
	540	338
	541	339
	542	340
	543	341
	547	345
	551	349
	553	350
	554	352
	556	354
	559	357
	561	358
	562	363
	564	369
	567	372
	568	373
	569	375
	571	377
	573	378
	574	393
	577	380
	578	381
	579	382
	580	382
	582	383
	583	384
	585	386
	587	388
	590	390
	592	393
	596	396
	598	397
	600	398
	90	98
	603	401
	92	100
	604	402
	93	101
	94	102
	95	103
	607	405
	96	104
	608	406
	611	409
	100	107
	612	410
	101	108
	613	411
	102	109
	615	413
	616	414
	105	111
	618	416
	619	417
	620	417
	624	421
	625	423
	627	426
	630	429
	631	430
	632	432
	120	569
	633	433
	121	570
	634	435
	635	438
	636	439
	125	574
	638	441
	127	575
	640	443
	128	575
	641	444
	129	575
	130	576
	643	446
	644	447
	132	577
	133	577
	134	577
	647	451
	136	578
	649	454
	137	579
	138	582
	651	457
	139	583
	140	584
	141	586
	654	460
	142	594
	655	461
	143	595
	144	596
	146	597
	659	465
	147	598
	660	466
	148	599
	661	467
	149	601
	663	469
	664	470
	665	471
	153	605
	154	606
	667	473
	155	607
	668	474
	156	608
	669	475
	157	609
	671	478
	159	610
	160	611
	673	480
	161	612
	162	614
	677	484
	165	618
	678	485
	166	619
	679	486
	167	620
	680	487
	168	621
	169	622
	682	489
	171	623
	172	625
	685	492
	173	626
	175	628
	688	495
	176	629
	689	496
	177	630
	690	497
	178	631
	692	500
	180	632
	693	501
	181	636
	694	502
	695	503
	183	642
	696	504
	697	505
	698	506
	699	507
	187	646
	188	647
	701	509
	702	510
	704	513
	192	687
	705	514
	193	688
	706	515
	194	689
	195	690
	196	691
	197	692
	198	693
	711	520
	712	522
	713	523
	715	524
	716	525
	204	699
	718	527
	206	700
	719	528
	207	700
	720	529
	208	700
	721	530
	209	700
	723	533
	211	701
	212	703
	725	536
	213	704
	726	537
	214	711
	727	538
	728	539
	729	540
	217	714
	730	541
	218	715
	219	716
	732	544
	220	717
	222	718
	223	719
	737	549
	225	721
	738	550
	739	551
	227	724
	740	552
	228	725
	741	553
	230	726
	231	728
	744	556
	745	557
	233	729
	234	729
	235	729
	748	559
	236	730
	237	731
	240	734
	242	736
	243	737
	244	738
	245	739
	246	740
	248	741
	249	741
	250	742
	251	743
	252	744
	253	745
	254	746
	255	747
	256	748
	257	749
	260	752
	261	753
	262	754
	264	756
	267	759
	270	762
	275	769
	281	775
	282	776
	284	777
	289	782
	290	783
	294	652
	295	653
	296	654
	299	657
	301	658
	302	658
	303	658
	305	659
	306	659
	307	659
	310	663
	311	665
	312	666
	314	670
	315	672
	316	673
	317	675
	320	678
	321	679
	322	680
	323	681
	324	682
	328	125
	330	126
	331	127
	333	128
	335	130
	338	132
	339	132
	341	133
	343	135
	346	138
	347	140
	349	143
	352	146
	355	147
	356	148
	359	154
	360	160
	362	161
	363	162
	364	163
	365	164
	367	165
	368	166
	369	167
	370	168
	371	169
	372	170
	374	173
	375	174
	379	184
	380	185
	382	186
	383	187
	386	190
	391	195
	392	196
	396	200
	397	201
	398	202
	399	203
	401	204
	402	205
	404	206
	405	207
	407	208
	408	209
	409	210
	410	211
	412	212
	415	213
	417	214
	418	215
	422	219
	423	228
	425	220
	426	221
	428	222
	429	223
	431	224
	432	225
	433	226
	434	228
	437	231
	438	232
	441	235
	442	236
	444	237
	445	239
	446	240
	447	241
	450	242
	451	244
	452	246
	455	249
	457	250
	458	251
	459	261
	462	252
	464	253
	466	254
	467	255
	468	256
	469	257
	470	261
	473	264
	474	265
	475	266
	476	267
	477	268
	479	271
	484	284
	485	285
	488	288
	489	289
	492	292
	493	296
	494	297
	497	293
	502	302
	503	303
	506	306
	507	307
	508	308
com/mojang/realmsclient/util/RealmsUtil	77	70
	65	56
	66	57
	70	63
	74	67
	75	68
	76	69
	77	70
	19	21
	21	22
	23	23
	24	24
	25	25
	28	27
	33	35
	37	39
	45	43
	46	44
	49	46
	51	47
	52	48
	55	49
	56	50
	57	51
	60	52
	61	53
	62	54
net/minecraft/client/gui/font/AllMissingGlyphProvider	21	22
	21	22
	15	17
com/mojang/realmsclient/client/FileDownload	426	451
	46	50
	62	62
	63	62
	64	62
	65	62
	68	91
	69	92
	71	95
	72	96
	73	96
	74	96
	75	97
	76	98
	77	99
	78	100
	79	101
	81	103
	82	104
	84	107
	86	109
	87	110
	88	111
	95	120
	96	199
	99	121
	100	123
	102	126
	104	127
	105	128
	106	128
	107	128
	109	129
	110	130
	112	131
	113	140
	114	141
	115	194
	118	132
	119	133
	120	134
	121	135
	123	136
	125	143
	126	144
	128	147
	130	148
	131	149
	134	152
	135	153
	137	155
	139	156
	141	157
	142	158
	144	159
	145	160
	146	161
	147	162
	150	165
	151	167
	152	169
	153	170
	155	171
	156	172
	157	173
	158	174
	160	176
	162	177
	163	178
	167	182
	171	186
	173	188
	174	189
	175	190
	179	137
	180	196
	181	197
	182	199
	185	202
	186	203
	189	206
	190	207
	193	210
	194	211
	197	214
	201	218
	205	222
	209	81
	214	226
	216	228
	217	229
	218	230
	222	234
	226	238
	229	239
	231	241
	232	242
	235	245
	236	246
	239	249
	242	252
	243	253
	244	254
	245	255
	246	256
	247	257
	248	258
	249	259
	252	262
	256	266
	257	267
	258	268
	259	269
	262	273
	263	276
	265	277
	266	278
	268	280
	269	281
	270	282
	272	283
	273	284
	278	274
	281	290
	282	291
	284	294
	286	295
	288	297
	289	298
	290	301
	292	302
	293	303
	295	305
	297	307
	298	308
	302	299
	304	312
	305	313
	306	314
	308	316
	309	317
	312	320
	313	321
	316	331
	317	328
	318	329
	319	330
	320	346
	321	347
	322	348
	323	349
	326	352
	328	354
	331	357
	333	359
	334	360
	335	361
	336	362
	337	363
	338	364
	341	367
	350	399
	351	400
	352	401
	353	402
	354	403
	358	407
	360	408
	362	410
	363	411
	364	412
	365	413
	366	414
	369	417
	378	427
	379	428
	380	429
	381	430
	385	434
	387	435
	390	437
	392	438
	393	439
	394	440
	396	442
	397	443
	398	444
	400	446
	401	447
	402	448
	405	451
	413	375
	414	376
	417	379
	418	380
	422	384
	423	385
	424	386
	426	388
net/minecraft/client/renderer/debug/BrainDebugRenderer	453	409
	256	229
	261	233
	262	234
	263	235
	267	238
	268	238
	269	239
	270	240
	274	243
	275	244
	276	245
	277	246
	279	248
	281	251
	285	255
	286	256
	287	257
	288	258
	292	262
	293	263
	295	265
	40	32
	298	270
	299	271
	302	274
	303	275
	305	276
	306	277
	307	278
	309	279
	310	280
	313	283
	314	284
	318	285
	320	286
	321	287
	322	288
	324	289
	325	290
	326	291
	329	294
	330	294
	331	294
	332	294
	337	298
	338	298
	339	298
	340	298
	345	302
	92	74
	93	75
	349	306
	350	307
	351	308
	352	309
	97	79
	98	80
	99	81
	100	82
	356	313
	357	315
	358	316
	103	85
	359	317
	104	86
	360	318
	107	89
	108	90
	365	322
	366	324
	111	93
	367	325
	112	94
	368	326
	113	95
	369	327
	114	99
	116	97
	117	99
	120	102
	121	103
	378	331
	379	333
	124	106
	380	334
	125	107
	381	335
	383	336
	129	111
	131	112
	387	341
	133	113
	134	114
	391	345
	136	116
	392	346
	139	119
	140	120
	141	121
	143	123
	400	406
	401	407
	146	126
	402	408
	403	409
	148	127
	149	128
	150	129
	152	131
	155	133
	156	134
	157	135
	161	139
	162	140
	163	141
	165	143
	167	144
	168	145
	169	146
	171	148
	173	149
	430	372
	431	373
	176	152
	432	374
	177	153
	433	375
	178	154
	434	376
	435	377
	436	378
	181	157
	437	379
	182	158
	438	380
	183	159
	439	381
	184	160
	440	382
	185	161
	441	383
	442	384
	445	387
	190	164
	191	165
	192	166
	193	167
	449	391
	195	169
	453	395
	198	172
	200	173
	201	174
	202	175
	204	177
	207	180
	208	180
	210	181
	211	181
	212	182
	215	185
	216	186
	218	188
	221	191
	222	192
	225	193
	226	194
	229	195
	230	196
	231	197
	234	200
	235	201
	236	203
	237	211
	240	214
	241	214
	242	215
	243	216
	247	219
	248	220
	249	221
	250	222
	253	226
	254	227
	255	228
net/minecraft/client/particle/CampfireSmokeParticle	77	77
	69	70
	70	71
	8	11
	9	12
	10	13
	74	74
	11	14
	75	75
	12	15
	76	76
	77	77
	14	17
	16	20
	17	21
	18	22
	19	23
	20	24
	24	28
	25	29
	26	30
	28	31
	29	40
	30	42
	33	32
	34	33
	35	34
	37	35
	39	36
	40	37
	42	42
	46	46
	53	54
	54	55
	58	58
	59	59
	60	60
	61	61
net/minecraft/client/resources/metadata/texture/TextureMetadataSectionSerializer	18	18
	18	18
	10	12
	11	13
	13	14
com/mojang/blaze3d/shaders/Program	106	105
	64	61
	65	62
	67	63
	68	64
	69	65
	71	67
	75	73
	79	78
	80	79
	24	24
	88	87
	25	25
	89	88
	26	26
	90	89
	27	27
	91	90
	30	30
	94	93
	31	31
	32	32
	98	97
	35	35
	37	41
	102	101
	39	36
	40	37
	41	38
	42	39
	106	105
	43	41
	46	44
	50	48
	51	49
	53	50
	54	51
	55	52
	59	56
	60	57
	61	58
	63	60
com/mojang/realmsclient/util/RealmsPersistence	57	58
	33	35
	34	36
	36	37
	37	38
	39	40
	40	41
	41	42
	44	45
	48	49
	19	21
	51	52
	52	53
	22	24
	54	55
	57	58
	26	28
	27	29
	30	32
net/minecraft/client/model/WitchModel	84	74
	65	57
	67	58
	68	59
	69	60
	70	61
	72	62
	73	63
	74	64
	76	66
	79	69
	18	20
	19	21
	83	73
	84	74
	22	24
	23	25
	25	26
	26	27
	27	27
	30	29
	31	30
	32	30
	33	30
	35	32
	36	34
	37	34
	38	35
	40	37
	41	39
	42	39
	43	40
	45	42
	46	44
	47	44
	48	45
	51	47
	52	48
	53	49
	54	49
	55	49
	58	51
	63	56
net/minecraft/client/sounds/ChannelAccess	95	93
	64	34
	65	35
	67	37
	69	39
	70	40
	74	44
	75	45
	78	48
	79	49
	80	51
	81	52
	82	53
	83	54
	84	55
	85	56
	23	74
	88	59
	89	60
	27	78
	28	79
	93	63
	94	64
	95	65
	31	82
	33	83
	34	84
	36	86
	38	87
	41	90
	42	91
	43	92
	44	93
	54	24
	55	25
	56	26
	59	29
	60	30
	61	31
	62	32
	63	33
net/minecraft/client/telemetry/TelemetryLogManager	66	66
	64	64
	66	66
	17	20
	27	28
	28	29
	31	32
	33	34
	34	35
	35	35
	36	35
	37	36
	38	37
	39	38
	40	39
	42	41
	46	45
	47	46
	49	48
	50	49
	51	50
	52	51
	53	52
	54	53
	56	55
	58	58
	63	63
net/minecraft/client/gui/screens/recipebook/GhostRecipe	102	97
	66	66
	68	67
	70	68
	72	69
	73	70
	76	73
	19	21
	84	82
	85	83
	86	84
	23	25
	87	85
	24	26
	25	27
	26	28
	90	88
	29	31
	30	32
	94	92
	33	35
	98	96
	99	97
	100	97
	37	39
	102	97
	42	44
	46	48
	47	49
	50	52
	51	53
	54	56
	55	57
	57	58
	58	59
	60	60
	61	61
	63	63
net/minecraft/client/model/WolfModel	164	143
	128	114
	129	115
	130	116
	132	118
	133	119
	135	120
	136	121
	138	122
	140	123
	141	124
	142	125
	143	126
	145	127
	146	128
	147	129
	148	130
	151	133
	153	134
	154	135
	155	136
	156	137
	160	140
	33	33
	161	141
	34	34
	35	35
	163	142
	36	36
	164	143
	37	37
	38	38
	39	39
	40	40
	41	41
	42	42
	43	43
	46	46
	47	47
	49	48
	51	49
	52	49
	53	49
	55	50
	56	52
	57	53
	58	55
	59	57
	60	59
	63	63
	64	65
	65	65
	66	66
	68	68
	69	70
	70	70
	71	71
	74	73
	75	73
	76	74
	77	75
	78	76
	79	77
	81	78
	82	79
	83	79
	85	81
	86	81
	87	81
	91	82
	96	87
	101	92
	106	96
	107	97
	109	99
	112	102
	113	103
	114	104
	115	105
	117	106
	118	107
	120	108
	122	109
	123	110
	124	111
	125	112
	127	113
net/minecraft/client/gui/layouts/FrameLayout	126	113
	64	57
	66	59
	67	60
	68	61
	71	64
	72	65
	73	66
	76	69
	77	70
	78	71
	81	74
	85	78
	86	79
	25	19
	26	20
	91	84
	92	85
	29	23
	30	24
	95	88
	96	89
	33	27
	34	28
	35	29
	99	92
	100	93
	38	32
	103	96
	104	97
	42	36
	43	37
	47	41
	48	42
	114	100
	115	101
	52	46
	116	102
	119	105
	56	50
	120	106
	121	107
	61	55
	125	112
	126	113
	63	56
com/mojang/blaze3d/DontObfuscate	0	0
net/minecraft/client/model/HierarchicalModel	61	62
	32	32
	33	33
	38	38
	39	39
	41	40
	45	44
	46	45
	49	48
	50	49
	51	50
	52	51
	23	23
	55	54
	24	24
	56	56
	57	58
	27	27
	28	28
	60	61
	61	62
net/minecraft/client/renderer/DimensionSpecialEffects	149	143
	65	60
	132	91
	69	65
	133	92
	73	69
	137	96
	15	17
	143	101
	16	19
	17	20
	81	77
	19	21
	20	22
	21	23
	85	81
	149	107
	22	24
	89	85
	94	114
	95	115
	99	119
	38	34
	39	35
	40	36
	104	124
	41	37
	42	38
	43	39
	46	42
	113	133
	114	134
	51	47
	52	48
	53	49
	54	50
	118	138
	55	51
	56	52
	57	53
	58	54
	59	55
	60	56
	61	57
	62	58
	126	143
com/mojang/realmsclient/dto/RealmsText	49	49
	32	30
	37	35
	38	36
	40	38
	41	46
	43	39
	44	40
	45	42
	46	43
	49	49
	21	22
	22	23
	23	24
	26	27
	27	28
	29	30
	30	30
net/minecraft/client/particle/BubblePopParticle	51	51
	32	32
	34	33
	35	35
	39	39
	10	13
	11	14
	12	15
	13	16
	14	17
	46	47
	15	18
	47	48
	16	19
	17	20
	18	21
	51	51
	22	25
	23	26
	24	27
	26	28
	27	29
	28	35
	31	31
net/minecraft/client/gui/screens/telemetry/TelemetryEventWidget	166	164
	135	136
	137	137
	138	138
	140	139
	141	140
	143	141
	144	142
	147	145
	148	146
	151	149
	152	150
	153	151
	156	154
	157	155
	30	31
	158	156
	161	159
	162	160
	165	163
	38	38
	166	164
	40	39
	41	40
	42	41
	45	44
	46	45
	47	46
	50	49
	51	50
	52	51
	53	52
	54	53
	56	56
	57	57
	58	58
	60	59
	61	60
	64	64
	68	68
	69	69
	73	73
	74	74
	75	75
	77	77
	81	81
	86	86
	91	91
	92	92
	94	93
	95	94
	96	95
	97	96
	98	97
	102	101
	103	102
	106	105
	107	106
	108	107
	109	108
	111	109
	112	110
	113	111
	116	114
	117	115
	119	117
	122	120
net/minecraft/client/profiling/ClientMetricsSamplersProvider	51	50
	33	34
	34	35
	35	36
	37	37
	38	38
	39	39
	40	41
	42	43
	44	44
	46	46
	50	49
	51	50
	25	27
	26	28
	27	29
	28	30
	31	33
net/minecraft/client/renderer/texture/atlas/sources/SourceFilter	29	32
	19	22
	20	23
	24	27
	25	28
	12	16
	13	16
	29	32
	14	17
com/mojang/blaze3d/platform/DisplayData	18	21
	16	19
	17	20
	18	21
	13	16
	14	17
	15	18
net/minecraft/client/gui/screens/recipebook/SmokingRecipeBookComponent	19	21
	19	21
	10	12
	14	16
com/mojang/realmsclient/exception/RetryCallException	16	18
	16	18
	9	12
	11	13
	12	16
	14	14
net/minecraft/client/renderer/entity/layers/IronGolemFlowerLayer	43	39
	32	29
	33	30
	35	31
	36	32
	37	33
	38	34
	39	35
	41	36
	42	37
	43	39
	18	21
	19	22
	20	23
	24	26
	25	39
	28	27
	29	28
net/minecraft/client/gui/screens/worldselection/WorldOpenFlows	318	336
	258	282
	263	287
	264	288
	265	289
	267	291
	272	296
	273	297
	274	298
	276	300
	277	301
	280	304
	283	305
	284	306
	286	309
	287	310
	292	311
	295	314
	296	315
	297	316
	299	318
	301	320
	302	321
	303	322
	304	323
	305	324
	307	326
	308	326
	53	62
	312	330
	314	332
	59	67
	315	332
	60	68
	61	69
	318	336
	64	72
	65	73
	71	76
	72	77
	73	99
	76	78
	78	79
	80	82
	81	83
	83	86
	84	87
	85	88
	86	88
	91	93
	92	94
	93	95
	94	96
	96	99
	101	104
	102	105
	103	106
	104	107
	105	108
	106	109
	107	110
	108	111
	109	112
	110	113
	116	123
	117	124
	118	127
	119	135
	122	138
	123	139
	125	142
	126	143
	127	144
	128	147
	129	148
	131	150
	132	150
	133	150
	143	158
	144	159
	145	165
	147	168
	148	169
	149	170
	150	173
	151	174
	153	176
	155	177
	156	177
	157	177
	159	177
	163	182
	164	183
	166	186
	173	194
	174	195
	175	196
	177	198
	181	203
	182	204
	186	208
	187	209
	188	210
	189	211
	193	215
	194	216
	195	268
	198	217
	202	221
	203	222
	204	223
	205	224
	206	225
	208	230
	210	239
	211	240
	214	243
	216	244
	217	245
	219	246
	220	263
	222	264
	223	265
	224	268
	227	247
	228	247
	229	247
	230	248
	231	249
	233	250
	234	251
	235	252
	237	254
	238	255
	239	256
	240	256
	242	258
	243	258
	244	259
	245	260
	247	268
	250	271
	251	273
	252	276
	253	276
	254	277
net/minecraft/client/gui/components/AbstractButton	69	69
	64	64
	65	65
	66	66
	67	67
	69	69
	20	23
	21	24
	27	30
	29	31
	31	32
	32	33
	33	34
	35	35
	36	36
	37	37
	38	38
	41	41
	42	42
	45	45
	46	46
	47	47
	48	48
	49	49
	51	52
	56	57
	57	58
	61	62
	62	63
net/minecraft/client/searchtree/RefreshableSearchTree	11	14
	7	10
	11	14
net/minecraft/client/renderer/texture/HttpTexture	224	213
	24	26
	43	41
	44	42
	45	43
	46	44
	47	45
	48	46
	51	49
	52	50
	54	53
	55	54
	57	55
	58	56
	59	56
	60	56
	62	58
	64	60
	65	61
	68	64
	69	65
	70	66
	75	70
	76	71
	78	73
	79	74
	80	75
	82	78
	84	80
	86	81
	87	131
	91	83
	92	84
	93	85
	94	86
	96	88
	98	91
	99	92
	100	131
	103	94
	104	95
	105	96
	107	99
	108	100
	109	101
	110	102
	112	103
	113	128
	117	105
	118	106
	119	107
	121	109
	124	112
	125	113
	126	114
	127	115
	129	117
	131	121
	133	124
	134	125
	137	118
	138	131
	142	135
	144	138
	145	139
	146	140
	148	142
	149	143
	151	146
	156	151
	157	152
	158	153
	159	184
	160	185
	161	186
	164	154
	165	155
	166	156
	167	157
	168	158
	169	159
	171	160
	174	161
	175	162
	176	163
	177	164
	178	165
	179	166
	182	167
	183	168
	184	169
	185	170
	186	171
	187	172
	190	175
	192	176
	193	177
	195	180
	196	181
	198	182
	202	191
	203	192
	204	193
	205	194
	206	195
	211	200
	212	201
	213	202
	216	205
	219	208
	220	209
	221	210
	224	213
net/minecraft/client/renderer/texture/DynamicTexture	81	83
	67	69
	68	70
	69	71
	70	72
	72	74
	76	78
	77	79
	78	80
	79	81
	16	18
	81	83
	21	23
	22	24
	23	25
	24	26
	25	27
	26	28
	28	30
	29	31
	31	33
	34	36
	35	37
	36	38
	37	39
	42	43
	45	46
	46	47
	47	48
	49	50
	51	52
	55	56
	59	60
	60	61
	62	64
	63	65
net/minecraft/client/gui/screens/achievement/package-info	0	0
net/minecraft/client/resources/sounds/SoundEventRegistrationSerializer	81	72
	64	58
	66	59
	68	60
	70	61
	72	62
	76	66
	77	67
	78	68
	79	69
	81	72
	19	21
	23	24
	25	25
	26	26
	27	27
	29	28
	33	32
	35	33
	36	34
	37	36
	38	37
	40	38
	41	39
	42	40
	44	42
	49	47
	53	51
	55	52
	57	53
	58	54
	60	55
	61	56
	63	57
com/mojang/blaze3d/vertex/VertexConsumer	128	118
	128	118
	31	33
	32	34
	33	35
	34	36
	35	37
	36	38
	37	39
	38	40
	48	47
	52	51
	56	55
	60	59
	64	63
	65	64
	71	67
	72	68
	73	69
	74	70
	76	71
	77	72
	79	73
	80	74
	82	76
	83	77
	84	78
	86	80
	87	81
	88	82
	90	83
	91	84
	92	85
	97	89
	98	90
	99	91
	100	92
	102	93
	103	94
	104	95
	106	97
	107	98
	108	99
	111	102
	112	103
	113	104
	115	105
	116	106
	119	109
	122	112
	123	113
	127	117
net/minecraft/client/Options	1726	1530
	1025	610
	1031	614
	1032	614
	1034	614
	1042	991
	1045	619
	1051	623
	1052	623
	1054	623
	1062	995
	1065	628
	1071	632
	1072	632
	1074	632
	1082	999
	1089	638
	1090	639
	1091	640
	1093	641
	1094	642
	1096	644
	1097	644
	1099	644
	78	79
	1107	1003
	89	88
	1115	652
	93	91
	1117	654
	1118	655
	1119	655
	1121	655
	101	707
	104	95
	1128	1007
	112	711
	1141	1011
	119	100
	120	101
	122	103
	123	103
	1148	671
	125	103
	1149	672
	1151	673
	1156	676
	133	715
	1160	1015
	139	719
	1168	683
	1169	684
	145	723
	1171	686
	1172	686
	1174	686
	1177	690
	154	113
	1179	691
	1180	693
	1182	692
	161	727
	1188	698
	1189	699
	1190	700
	1191	701
	170	122
	171	123
	1195	1019
	173	124
	176	125
	179	128
	1203	1023
	1204	1024
	1206	1025
	183	731
	1207	1026
	1209	1027
	1211	1029
	1212	1030
	1215	1031
	193	137
	1217	1032
	194	138
	1218	1033
	195	139
	196	140
	197	143
	1221	1035
	198	144
	199	145
	1223	1037
	200	146
	1224	1038
	1227	1039
	204	152
	205	153
	1229	1040
	206	154
	207	155
	210	158
	1235	1043
	1237	1044
	214	735
	1238	1045
	217	160
	1241	1048
	218	162
	219	164
	1245	1052
	223	168
	224	169
	225	170
	1249	1056
	226	171
	229	175
	1253	1060
	230	176
	1254	1061
	231	176
	1255	1062
	233	176
	1258	1065
	1259	1066
	1260	1067
	1261	1068
	238	180
	1262	1069
	239	181
	1263	1070
	1264	1071
	241	183
	1265	1072
	242	184
	1266	1073
	1267	1074
	244	185
	1268	1075
	245	186
	1269	1076
	1270	1077
	1271	1078
	248	191
	1272	1079
	1273	1080
	1274	1081
	251	188
	1275	1082
	252	189
	1276	1083
	253	191
	1277	1084
	1278	1085
	1279	1086
	1280	1087
	1281	1088
	1282	1089
	1283	1090
	1284	1091
	1285	1092
	1286	1093
	263	739
	1287	1094
	1288	1095
	1289	1096
	1292	1097
	269	198
	1293	1098
	1294	1099
	1295	1100
	1296	1101
	273	743
	1297	1102
	1298	1103
	1299	1104
	276	200
	1300	1105
	277	201
	1301	1106
	278	202
	1302	1107
	1303	1108
	1304	1109
	1305	1110
	282	206
	1306	1111
	283	207
	1307	1112
	284	208
	1308	1113
	285	209
	1309	1114
	1310	1115
	1311	1116
	1312	1117
	1314	1118
	1315	1119
	1316	1120
	1317	1121
	294	747
	1318	1122
	1319	1123
	1320	1124
	1321	1125
	1322	1126
	1323	1127
	1324	1128
	301	751
	1325	1129
	302	752
	1326	1130
	303	753
	1327	1131
	304	755
	1328	1132
	305	756
	1329	1133
	306	757
	1330	1134
	307	758
	1331	1135
	308	759
	1332	1136
	1333	1137
	1334	1138
	1335	1139
	312	764
	1336	1140
	313	765
	1337	1141
	314	766
	1338	1142
	315	767
	1339	1143
	1340	1144
	317	769
	1341	1145
	1342	1146
	1343	1147
	1344	1148
	1345	1149
	1347	1151
	1348	1152
	1349	1153
	1350	1154
	1351	1155
	329	772
	1355	1159
	1356	1160
	335	230
	1359	1163
	1360	1164
	1361	1165
	338	233
	1362	1166
	1363	1167
	342	776
	1366	1170
	1370	1174
	1371	1175
	1374	1178
	1375	1180
	1376	1181
	1378	1183
	355	780
	1379	1184
	1380	1185
	1381	1186
	1383	1188
	1386	1191
	364	244
	1388	1192
	1390	1193
	1391	1194
	368	784
	1393	1196
	1397	1200
	1400	1204
	381	788
	1405	1209
	1406	1210
	384	249
	1408	1211
	1410	1212
	1411	1213
	1412	1216
	1413	1218
	390	252
	391	253
	1415	1220
	392	254
	393	255
	394	256
	1419	1224
	396	258
	1420	1225
	397	258
	398	259
	1422	1227
	1423	1228
	1424	1229
	401	261
	1427	1233
	405	792
	1432	1238
	1433	1239
	1438	1244
	419	275
	1443	1249
	420	275
	1444	1250
	1446	1254
	423	278
	1447	1255
	1449	1258
	1450	1259
	427	796
	1453	1263
	1455	1265
	1458	1251
	437	285
	438	285
	1463	1272
	440	285
	1464	1273
	444	288
	1468	1277
	1469	1278
	448	800
	1472	1281
	1473	1282
	1476	1285
	1477	1286
	454	293
	1478	1287
	1480	1289
	457	296
	1483	1292
	461	804
	1487	1296
	467	301
	1491	1300
	1493	1303
	470	304
	1494	1304
	1497	1307
	474	808
	1501	1311
	1502	1312
	480	309
	1504	1313
	1506	1315
	483	312
	1507	1316
	1508	1317
	487	812
	1512	1321
	1513	1322
	1514	1323
	1515	1324
	1516	1325
	1517	1326
	494	317
	1518	1327
	495	318
	497	319
	1522	1331
	499	320
	1523	1332
	1524	1333
	502	323
	1529	1338
	506	816
	1530	1339
	1531	1340
	508	325
	512	329
	1536	1345
	513	330
	1537	1346
	1538	1347
	1543	1352
	520	820
	1544	1353
	1545	1354
	1550	1359
	527	338
	1551	1360
	528	338
	1552	1361
	530	338
	1556	1364
	1557	1365
	1559	1367
	1560	1368
	538	824
	1563	1371
	1564	1372
	1567	1375
	1568	1376
	1569	1378
	1570	1379
	1572	1382
	1574	1398
	552	828
	1577	1401
	1578	1402
	1580	1404
	1582	1406
	1585	1409
	562	357
	563	358
	1589	1413
	1590	1414
	567	359
	1591	1415
	1594	1418
	571	832
	1595	1418
	1597	1418
	575	836
	1602	1422
	579	840
	1606	1426
	1607	1427
	1608	1430
	585	364
	1609	1431
	1611	1432
	1613	1433
	1616	1436
	593	844
	1617	1437
	1618	1438
	1619	1439
	1620	1440
	1621	1441
	1622	1442
	1623	1443
	600	371
	1624	1444
	601	372
	602	373
	1626	1446
	604	375
	1629	1450
	1630	1451
	608	848
	1633	1454
	1637	1458
	1638	1459
	615	852
	1641	1462
	1642	1463
	620	856
	1646	1467
	625	860
	1650	1471
	1651	1472
	1652	1473
	1653	1474
	630	864
	1654	1475
	1655	1476
	1656	1477
	1657	1478
	1658	1479
	635	868
	1659	1480
	1660	1481
	1661	1482
	1662	1483
	1663	1484
	640	872
	1664	1485
	1665	1486
	1666	1487
	1667	1488
	644	384
	1668	1489
	645	385
	1669	1490
	1670	1491
	647	387
	1671	1492
	1672	1493
	649	876
	1673	1494
	1674	1495
	1675	1496
	1676	1497
	1677	1498
	654	880
	1678	1499
	1679	1500
	1680	1501
	1681	1502
	658	390
	1682	1503
	659	391
	1683	1504
	660	392
	1684	1505
	1686	1506
	663	393
	1687	1506
	1688	1506
	665	395
	667	884
	1692	1510
	1693	1511
	672	888
	1696	1514
	677	892
	682	896
	685	399
	690	401
	1714	1518
	694	900
	1718	1522
	1722	1526
	699	904
	1726	1530
	703	406
	704	407
	706	409
	709	908
	713	912
	717	916
	719	918
	721	919
	722	919
	724	919
	727	921
	728	922
	735	927
	738	412
	739	413
	742	416
	745	419
	746	420
	747	421
	748	422
	752	931
	758	427
	765	935
	770	939
	774	436
	775	437
	776	438
	777	439
	779	441
	781	943
	786	947
	789	443
	790	444
	795	448
	801	951
	807	456
	813	955
	819	463
	828	959
	833	963
	836	468
	845	967
	917	551
	918	552
	919	553
	920	554
	923	558
	925	560
	929	971
	932	562
	933	564
	934	564
	941	570
	942	571
	943	572
	945	574
	946	575
	948	576
	955	975
	958	582
	964	586
	965	586
	967	586
	975	979
	978	591
	984	595
	985	595
	987	595
	999	983
	1002	601
	1008	605
	1009	605
	1011	605
	1022	987
net/minecraft/client/renderer/entity/layers/EyesLayer	22	24
	16	18
	20	22
	21	23
	22	24
	15	17
net/minecraft/client/multiplayer/package-info	0	0
net/minecraft/client/gui/font/providers/ProviderReferenceDefinition	20	23
	20	23
	9	13
	10	13
	11	13
	15	18
com/mojang/realmsclient/util/task/CloseServerTask	53	57
	33	35
	34	36
	35	37
	36	38
	37	39
	40	42
	41	43
	42	44
	12	15
	44	47
	45	48
	46	49
	47	50
	49	53
	18	20
	50	54
	19	21
	20	22
	53	57
	24	26
	25	27
	27	29
	28	30
	29	31
net/minecraft/client/renderer/entity/layers/IronGolemCrackinessLayer	35	38
	33	34
	34	35
	35	38
	21	27
	22	28
	26	31
	27	38
	29	32
	14	18
	30	33
	31	38
com/mojang/realmsclient/gui/screens/UploadResult	30	34
	16	20
	20	24
	21	25
	25	29
	26	30
	11	14
	12	15
	13	16
	30	34
net/minecraft/client/model/HumanoidModel	491	452
	33	434
	34	435
	35	436
	36	437
	37	438
	38	439
	39	440
	40	441
	41	442
	42	443
	48	448
	49	449
	52	452
	70	45
	71	46
	74	49
	75	50
	76	51
	77	52
	78	53
	79	54
	80	55
	81	56
	82	57
	85	60
	86	61
	87	62
	88	63
	89	63
	90	63
	92	65
	93	67
	94	67
	95	68
	97	70
	98	71
	99	71
	100	71
	102	73
	103	75
	104	75
	105	76
	107	78
	108	80
	109	80
	110	81
	112	83
	113	84
	114	84
	115	84
	117	86
	118	88
	119	88
	120	89
	122	91
	127	96
	132	101
	137	105
	138	106
	139	107
	143	110
	144	111
	146	112
	147	113
	148	114
	149	115
	150	116
	151	117
	153	119
	156	122
	159	125
	160	126
	161	127
	162	128
	163	129
	165	130
	166	131
	167	132
	168	133
	169	134
	171	137
	172	138
	175	141
	176	142
	178	143
	179	144
	181	145
	182	146
	183	147
	184	148
	185	149
	186	150
	188	151
	189	152
	190	153
	192	154
	193	155
	194	156
	196	157
	197	158
	198	159
	201	162
	202	163
	205	164
	206	165
	207	166
	208	167
	209	168
	211	170
	215	173
	216	174
	217	175
	218	176
	220	178
	221	179
	225	183
	227	184
	228	185
	229	186
	230	187
	231	188
	232	189
	233	190
	234	191
	235	192
	236	193
	237	194
	238	195
	240	197
	241	198
	242	199
	243	200
	244	201
	245	202
	246	203
	247	204
	248	205
	251	208
	252	209
	254	212
	255	213
	258	216
	259	217
	262	218
	263	219
	264	220
	266	221
	267	222
	268	223
	269	224
	271	225
	272	226
	274	227
	275	228
	276	229
	277	230
	279	231
	280	232
	282	233
	283	234
	285	235
	286	236
	287	237
	288	238
	290	239
	291	240
	293	241
	294	242
	296	243
	297	244
	301	248
	302	249
	303	250
	304	251
	307	254
	308	255
	311	258
	313	260
	314	261
	316	263
	317	264
	318	265
	320	267
	321	268
	322	269
	324	271
	325	272
	326	273
	328	275
	329	276
	330	277
	331	278
	332	279
	334	281
	335	282
	337	284
	338	285
	340	287
	341	288
	342	289
	344	291
	345	292
	346	293
	348	295
	349	296
	352	298
	355	301
	357	303
	358	304
	360	306
	361	307
	362	308
	364	310
	365	311
	366	312
	368	314
	369	315
	370	316
	372	318
	373	319
	374	320
	375	321
	376	322
	378	324
	379	325
	381	327
	382	328
	384	330
	385	331
	386	332
	388	334
	389	335
	390	336
	392	338
	393	339
	396	341
	399	344
	400	370
	403	345
	404	346
	406	347
	407	348
	408	349
	409	350
	411	353
	412	354
	413	355
	414	356
	415	357
	416	358
	417	359
	419	360
	420	361
	421	362
	422	363
	423	364
	424	365
	425	366
	426	367
	427	368
	428	370
	431	373
	432	374
	433	375
	435	378
	436	379
	438	382
	442	386
	446	390
	448	391
	449	392
	450	393
	452	394
	453	395
	454	396
	455	397
	456	398
	457	399
	458	400
	459	401
	462	404
	463	405
	464	406
	465	407
	466	408
	467	409
	468	410
	469	411
	473	415
	474	416
	477	419
	478	419
	480	419
	486	424
	490	428
	491	429
net/minecraft/client/CloudStatus	26	26
	16	18
	17	19
	21	22
	6	9
	7	10
	8	11
	26	26
	15	17
net/minecraft/client/model/GuardianModel	170	163
	128	121
	129	122
	130	123
	132	125
	135	128
	136	129
	137	130
	138	131
	139	132
	141	135
	143	136
	144	137
	17	19
	145	138
	18	20
	146	139
	19	21
	147	140
	20	22
	21	23
	22	24
	150	143
	151	144
	152	145
	153	146
	155	148
	158	151
	162	155
	36	36
	37	37
	166	159
	39	38
	41	40
	42	41
	170	163
	45	44
	46	45
	47	46
	48	47
	49	48
	50	49
	53	52
	57	56
	58	57
	60	58
	61	60
	62	61
	63	63
	64	65
	65	67
	66	69
	70	73
	71	73
	72	75
	73	76
	74	77
	75	78
	76	79
	77	80
	78	81
	79	82
	82	85
	83	86
	84	86
	85	86
	87	88
	88	89
	89	89
	91	91
	92	92
	93	92
	94	92
	96	94
	97	96
	98	96
	99	96
	100	97
	103	99
	108	104
	113	108
	115	109
	116	110
	118	111
	119	112
	121	113
	122	114
	123	115
	125	118
	126	119
	127	120
net/minecraft/client/renderer/texture/atlas/sources/Unstitcher	121	121
	25	27
	27	29
	28	30
	29	31
	30	32
	31	33
	32	35
	40	43
	41	44
	42	45
	43	46
	44	47
	48	51
	49	52
	50	53
	51	54
	52	56
	53	57
	56	60
	58	62
	62	66
	66	72
	67	73
	68	74
	69	75
	70	76
	71	77
	72	79
	82	91
	83	92
	84	93
	85	94
	86	95
	91	99
	93	100
	94	101
	96	102
	97	103
	99	104
	100	105
	102	106
	103	107
	109	108
	110	109
	111	110
	113	112
	114	115
	115	115
	120	120
	121	121
net/minecraft/client/gui/components/MultiLineTextWidget	79	78
	66	65
	67	66
	68	67
	69	68
	70	69
	71	70
	72	71
	74	73
	76	75
	79	78
	18	20
	19	21
	22	24
	23	25
	24	26
	25	27
	27	28
	30	30
	31	31
	35	34
	36	35
	40	39
	41	40
	45	44
	46	45
	50	49
	51	50
	56	55
	61	60
net/minecraft/client/renderer/entity/EnderDragonRenderer	538	478
	512	439
	513	440
	514	441
	515	442
	516	443
	517	444
	518	445
	519	446
	520	447
	521	448
	523	451
	524	452
	527	469
	528	470
	529	471
	531	472
	532	473
	533	474
	535	475
	536	476
	537	477
	538	478
	28	29
	29	30
	30	31
	31	32
	33	33
	34	34
	35	35
	36	36
	38	37
	43	41
	44	42
	46	43
	47	44
	51	47
	53	48
	54	49
	55	50
	56	51
	57	52
	61	53
	64	54
	66	55
	68	56
	70	57
	72	58
	73	59
	74	60
	76	61
	77	62
	79	64
	80	65
	83	68
	84	69
	86	70
	87	71
	88	72
	90	73
	92	74
	94	75
	95	76
	96	78
	97	79
	98	80
	99	81
	100	82
	101	83
	102	84
	104	85
	105	86
	107	87
	109	88
	111	89
	112	90
	113	91
	115	92
	116	93
	117	94
	119	95
	120	96
	121	97
	123	100
	126	103
	128	104
	129	105
	131	106
	132	107
	133	108
	135	109
	136	110
	139	113
	140	114
	143	117
	144	118
	147	121
	148	122
	151	125
	152	126
	155	129
	156	130
	159	133
	160	134
	162	135
	163	136
	164	137
	165	138
	167	139
	169	140
	170	141
	172	142
	173	143
	174	144
	175	145
	177	146
	178	147
	179	148
	181	150
	182	151
	183	152
	184	153
	185	154
	186	154
	187	155
	188	156
	189	157
	190	158
	191	159
	192	160
	194	161
	195	161
	196	162
	197	163
	198	164
	199	165
	200	166
	201	167
	203	168
	204	168
	205	169
	206	170
	207	171
	208	172
	209	173
	210	174
	212	175
	213	175
	214	176
	215	177
	216	178
	217	179
	218	180
	219	181
	221	182
	222	183
	223	184
	226	187
	227	188
	231	191
	235	195
	236	196
	238	197
	239	198
	240	200
	241	201
	242	202
	243	203
	244	204
	245	205
	246	206
	247	207
	248	208
	251	211
	252	211
	253	211
	254	211
	256	212
	257	214
	258	214
	259	214
	262	217
	263	219
	264	220
	265	221
	266	222
	267	223
	268	224
	271	226
	272	228
	273	228
	274	228
	275	228
	276	229
	278	231
	279	233
	280	233
	281	233
	282	233
	283	234
	286	236
	287	237
	288	237
	289	237
	291	239
	292	240
	293	240
	294	240
	296	242
	297	243
	298	243
	299	243
	302	245
	303	246
	304	246
	305	246
	307	248
	308	249
	309	249
	310	249
	312	251
	313	252
	314	252
	315	252
	318	254
	319	256
	320	256
	321	256
	322	257
	324	259
	325	261
	326	261
	327	261
	328	262
	331	264
	332	265
	333	265
	334	265
	336	267
	337	268
	338	268
	339	268
	341	270
	342	271
	343	271
	344	271
	347	273
	348	274
	349	274
	350	274
	352	276
	353	277
	354	277
	355	277
	357	279
	358	280
	359	280
	360	280
	363	282
	400	312
	401	313
	402	314
	403	315
	404	316
	405	317
	406	318
	407	319
	408	320
	409	321
	410	322
	411	323
	412	324
	413	325
	414	326
	415	327
	416	328
	417	329
	418	330
	419	331
	420	332
	424	335
	425	336
	426	337
	430	340
	434	344
	435	345
	436	346
	438	347
	439	348
	441	349
	442	350
	444	351
	445	352
	446	353
	448	354
	450	355
	452	356
	453	357
	455	358
	456	360
	457	361
	458	362
	459	363
	460	364
	461	365
	463	366
	464	367
	465	368
	466	369
	467	370
	468	371
	469	372
	472	375
	473	376
	474	377
	475	378
	476	379
	477	380
	478	381
	479	382
	480	383
	481	384
	482	385
	483	386
	484	387
	485	388
	487	389
	488	390
	489	391
	490	392
	491	393
	493	394
	494	395
	495	396
	496	397
	498	398
	499	413
	501	428
	503	429
	504	430
	505	431
	506	432
	507	433
	508	434
	509	436
	510	437
	511	438
net/minecraft/client/particle/SoulParticle	66	63
	64	46
	65	47
	66	48
	35	32
	36	33
	37	34
	11	14
	43	57
	44	58
	13	15
	14	16
	16	17
	48	61
	17	18
	49	62
	50	63
	21	22
	22	22
	25	22
	58	41
	59	42
	30	27
	63	45
com/mojang/realmsclient/gui/task/package-info	0	0
net/minecraft/client/model/PolarBearModel	79	74
	64	60
	65	61
	67	62
	68	63
	69	64
	71	65
	72	66
	73	67
	75	69
	76	70
	78	73
	15	16
	79	74
	16	17
	19	20
	20	21
	22	22
	23	24
	24	25
	25	27
	26	29
	27	31
	28	34
	30	36
	31	38
	32	38
	33	38
	34	39
	37	41
	38	42
	39	42
	40	43
	41	44
	43	45
	44	45
	45	46
	46	47
	48	48
	53	52
	55	53
	56	54
	57	55
	58	56
	60	57
	61	58
	63	59
com/mojang/realmsclient/dto/PendingInvite	32	33
	32	33
	22	21
	24	24
	25	25
	26	26
	27	27
	28	28
	13	13
	29	29
	30	30
net/minecraft/client/telemetry/events/AggregatedTelemetryEvent	48	51
	33	36
	36	39
	40	43
	44	47
	13	15
	45	48
	48	51
	18	20
	19	21
	20	22
	21	23
	24	26
	25	27
	26	28
	27	29
	29	32
	30	33
	31	34
net/minecraft/client/renderer/entity/MobRenderer	122	117
	22	25
	23	26
	27	29
	32	33
	33	34
	36	37
	37	38
	38	38
	40	38
	45	42
	47	43
	48	44
	49	47
	52	45
	53	47
	56	50
	58	51
	60	52
	61	53
	62	54
	63	55
	65	56
	66	57
	67	58
	69	59
	71	60
	72	61
	73	62
	75	63
	77	64
	78	65
	80	66
	83	67
	84	68
	86	69
	87	70
	89	71
	90	72
	92	73
	93	74
	95	76
	96	77
	98	80
	99	81
	102	84
	103	85
	106	104
	107	105
	108	106
	109	107
	111	108
	112	109
	113	110
	114	111
	116	112
	117	113
	118	114
	120	115
	121	116
	122	117
com/mojang/blaze3d/shaders/AbstractUniform	112	84
	64	58
	34	37
	98	73
	37	40
	70	61
	40	43
	10	13
	106	78
	43	46
	13	16
	77	64
	109	81
	46	49
	16	19
	112	84
	49	52
	19	22
	85	67
	22	25
	56	55
	25	28
	91	70
	28	31
	31	34
net/minecraft/client/gui/screens/OnlineOptionsScreen	67	67
	32	33
	64	64
	33	34
	65	65
	34	35
	67	67
	40	41
	41	42
	44	45
	48	49
	49	50
	50	51
	22	24
	54	55
	24	25
	56	56
	25	26
	57	57
	58	58
	27	28
	59	59
	28	30
	30	31
	63	63
net/minecraft/client/gui/screens/inventory/EffectRenderingInventoryScreen	119	119
	22	24
	23	25
	27	29
	28	30
	29	31
	32	34
	33	35
	35	36
	39	40
	40	41
	42	42
	44	43
	45	73
	48	44
	49	45
	50	46
	51	47
	54	50
	56	51
	57	52
	59	53
	60	54
	61	55
	62	56
	63	57
	64	59
	65	60
	66	61
	68	64
	71	67
	72	68
	73	69
	76	73
	79	76
	80	78
	81	79
	82	80
	84	82
	86	85
	88	87
	91	90
	92	91
	93	93
	94	94
	95	95
	96	96
	97	97
	99	99
	102	102
	103	104
	104	105
	105	106
	107	107
	108	108
	110	109
	112	111
	115	114
	116	115
	117	116
	119	119
com/mojang/realmsclient/util/WorldGenerationInfo	23	27
	19	23
	23	27
	9	13
	10	14
	11	15
	12	16
	15	19
net/minecraft/client/renderer/entity/TntMinecartRenderer	48	48
	35	34
	36	35
	41	41
	42	42
	44	44
	47	47
	16	19
	48	48
	17	20
	18	21
	22	24
	24	25
	25	25
	26	26
	27	27
	28	28
	29	29
	30	30
	31	31
com/mojang/blaze3d/platform/MemoryTracker	23	27
	19	23
	20	24
	21	25
	23	27
	8	11
	11	14
	12	15
	13	16
	15	18
net/minecraft/client/gui/components/LogoRenderer	47	43
	34	32
	35	33
	38	36
	39	37
	8	11
	40	38
	9	12
	10	13
	42	39
	43	40
	44	41
	46	42
	47	43
	30	28
	31	29
net/minecraft/client/model/geom/builders/UVPair	22	26
	17	21
	22	26
	8	12
	9	13
	10	14
	13	17
com/mojang/blaze3d/font/GlyphProvider	15	16
	11	12
	15	16
net/minecraft/client/model/QuadrupedModel	75	71
	68	65
	69	66
	71	67
	72	68
	73	69
	74	70
	75	71
	23	25
	24	26
	25	27
	26	28
	27	29
	28	30
	29	31
	30	32
	33	35
	34	36
	36	37
	37	38
	38	38
	39	38
	41	40
	42	42
	43	42
	44	43
	46	45
	47	45
	48	46
	49	47
	50	48
	51	49
	53	50
	58	55
	63	60
net/minecraft/client/resources/sounds/BubbleColumnAmbientSoundHandler	40	45
	35	39
	37	41
	39	44
	40	45
	17	19
	18	20
	22	24
	23	26
	24	29
	25	30
	26	30
	27	31
	28	32
	29	33
	31	35
net/minecraft/client/tutorial/Tutorial	153	151
	130	127
	134	131
	135	132
	143	141
	144	142
	145	143
	148	146
	149	147
	150	148
	151	149
	153	151
	29	31
	30	32
	31	33
	34	36
	35	37
	37	39
	40	42
	41	43
	43	45
	46	48
	47	49
	49	51
	52	54
	53	55
	55	57
	58	60
	59	61
	61	63
	64	66
	65	67
	67	69
	70	72
	71	76
	73	73
	74	74
	75	76
	78	79
	79	80
	81	83
	82	84
	85	87
	86	88
	87	89
	90	92
	91	93
	92	94
	95	97
	97	98
	98	99
	99	100
	101	102
	103	104
	104	105
	106	107
	109	110
	110	111
	111	112
	112	113
	113	114
	115	116
	118	119
	122	123
	123	123
	125	123
net/minecraft/client/model/PandaModel	138	127
	130	120
	131	121
	133	122
	134	123
	135	124
	136	125
	138	127
	19	21
	20	22
	23	25
	24	26
	26	27
	27	29
	28	30
	29	32
	30	34
	31	36
	32	38
	34	40
	35	42
	36	42
	37	43
	40	45
	41	46
	42	47
	43	47
	44	48
	45	49
	46	50
	47	51
	49	52
	54	56
	56	57
	57	58
	58	59
	59	60
	63	63
	65	64
	66	65
	67	66
	68	67
	69	68
	71	69
	72	70
	73	71
	75	72
	76	73
	78	75
	81	78
	82	79
	83	80
	84	81
	85	82
	86	83
	90	87
	91	88
	92	89
	95	90
	96	91
	99	92
	100	93
	102	94
	103	95
	105	96
	106	97
	109	100
	110	101
	111	102
	112	103
	115	106
	116	107
	117	108
	118	109
	121	112
	122	113
	123	114
	124	115
	125	116
	127	117
com/mojang/blaze3d/systems/TimerQuery	101	93
	65	61
	67	62
	68	63
	71	64
	72	65
	73	66
	74	67
	12	16
	76	69
	80	74
	18	20
	82	75
	83	76
	20	21
	84	77
	21	22
	87	80
	24	25
	25	26
	26	27
	91	89
	29	30
	94	93
	31	31
	95	93
	32	32
	35	35
	36	36
	37	37
	101	86
	38	38
	49	49
	50	50
	53	53
	55	54
	56	58
	59	55
	61	56
	62	58
net/minecraft/client/gui/screens/ChatScreen	256	246
	256	246
	24	24
	37	33
	38	34
	39	35
	43	39
	44	40
	47	43
	50	46
	51	47
	52	48
	53	49
	54	50
	55	51
	57	52
	58	53
	59	54
	60	55
	64	59
	65	60
	66	61
	68	62
	69	63
	73	67
	74	68
	78	72
	79	73
	82	76
	83	77
	84	78
	85	79
	90	83
	91	84
	94	87
	95	88
	98	91
	99	92
	100	93
	101	96
	102	97
	103	98
	105	101
	106	102
	107	103
	108	104
	109	105
	110	106
	111	107
	112	108
	113	109
	114	110
	115	111
	116	112
	117	113
	119	115
	124	121
	125	122
	126	123
	128	126
	129	127
	131	130
	132	131
	137	136
	138	137
	141	140
	142	141
	143	142
	144	143
	147	146
	148	147
	149	148
	150	149
	154	153
	155	153
	157	153
	162	158
	163	159
	165	161
	167	163
	170	166
	171	167
	173	168
	174	169
	175	183
	178	170
	179	171
	180	172
	181	183
	184	174
	185	175
	188	178
	189	179
	190	180
	191	183
	195	187
	196	188
	198	189
	200	190
	202	191
	203	192
	204	193
	206	195
	207	196
	208	197
	211	200
	215	204
	219	208
	220	209
	224	213
	225	214
	226	215
	227	216
	228	217
	230	219
	234	223
	238	227
	239	228
	240	229
	243	232
	244	233
	247	236
	248	237
	250	239
	252	242
com/mojang/blaze3d/pipeline/TextureTarget	10	13
	7	10
	8	11
	9	12
	10	13
net/minecraft/client/gui/screens/achievement/StatsUpdateListener	4	8
	4	8
net/minecraft/client/gui/font/glyphs/SpecialGlyphs	76	72
	32	29
	33	30
	66	62
	36	34
	37	35
	71	67
	72	68
	43	39
	12	13
	44	40
	76	72
	14	15
	15	16
	48	44
	17	17
	18	18
	19	19
	53	49
	56	52
	61	57
	30	26
	31	28
net/minecraft/client/gui/screens/multiplayer/ServerSelectionList	501	498
	40	40
	41	42
	42	49
	43	50
	44	51
	46	52
	47	53
	48	54
	49	55
	50	56
	51	57
	52	58
	60	65
	61	66
	62	67
	65	70
	66	71
	67	72
	68	73
	69	74
	73	77
	74	78
	75	79
	79	83
	80	84
	84	88
	86	90
	87	91
	90	94
	91	95
	94	98
	95	99
	97	101
	98	102
	100	105
	105	107
	106	108
	107	109
	108	110
	109	111
	110	112
	111	113
	114	116
	118	120
	123	125
	127	129
	132	135
	139	140
	144	144
	145	145
	146	153
	147	154
	148	155
	152	159
	158	166
	159	167
	167	174
	168	175
	169	176
	170	177
	174	181
	175	182
	177	183
	178	184
	180	186
	182	188
	186	192
	187	193
	188	194
	190	197
	191	198
	195	202
	200	207
	204	211
	227	234
	228	235
	229	236
	230	237
	231	238
	235	242
	236	243
	237	244
	238	245
	239	246
	241	247
	243	249
	244	250
	245	251
	246	252
	247	253
	248	254
	249	255
	251	257
	254	260
	256	261
	258	262
	259	264
	260	265
	263	268
	264	269
	265	270
	267	271
	272	275
	273	276
	274	277
	275	278
	276	279
	277	280
	278	281
	279	282
	280	283
	281	284
	282	285
	283	286
	284	287
	285	288
	286	289
	288	291
	291	294
	292	295
	293	296
	295	298
	296	299
	299	302
	300	303
	301	304
	302	305
	304	308
	305	309
	308	312
	310	313
	311	314
	312	315
	313	316
	315	318
	316	319
	320	323
	322	324
	323	325
	324	326
	325	327
	326	328
	327	329
	330	332
	331	333
	332	334
	333	335
	335	336
	336	337
	337	338
	339	340
	342	344
	343	345
	344	346
	346	348
	349	352
	350	353
	351	354
	353	356
	357	360
	360	363
	364	367
	368	371
	369	372
	372	375
	373	376
	374	377
	375	378
	378	381
	382	385
	383	386
	386	389
	387	390
	388	391
	389	392
	392	396
	397	401
	399	402
	400	403
	402	404
	403	405
	406	408
	409	409
	410	410
	414	414
	418	418
	419	419
	421	420
	422	421
	423	422
	424	423
	428	427
	429	428
	431	429
	432	430
	434	431
	435	432
	436	433
	439	436
	441	437
	442	438
	443	439
	447	442
	448	443
	449	444
	453	448
	454	449
	455	450
	458	453
	460	454
	464	458
	469	463
	470	464
	471	465
	472	466
	473	467
	474	468
	475	469
	476	470
	477	471
	478	472
	479	473
	480	474
	481	475
	483	477
	484	478
	485	479
	486	480
	487	481
	488	482
	489	483
	490	484
	491	487
	492	488
	495	492
	500	497
	501	498
net/minecraft/client/model/RaftModel	96	82
	65	57
	68	60
	69	61
	71	62
	73	63
	78	67
	79	68
	80	69
	84	72
	23	26
	24	27
	88	76
	25	28
	26	29
	90	77
	91	78
	29	32
	93	79
	30	33
	94	80
	31	33
	96	82
	35	34
	39	38
	40	40
	41	40
	42	40
	43	41
	46	43
	47	44
	48	45
	49	46
	51	47
	52	49
	53	49
	54	49
	55	49
	56	50
	58	52
	59	54
	60	54
	61	54
	62	54
	63	55
net/minecraft/client/tutorial/PunchTreeTutorialStepInstance	91	88
	64	61
	66	63
	70	67
	71	68
	72	69
	73	70
	75	73
	76	74
	78	76
	79	77
	80	78
	17	18
	81	79
	18	19
	83	81
	87	85
	88	86
	89	88
	26	26
	27	27
	91	88
	31	31
	33	32
	34	33
	35	55
	38	35
	39	36
	40	37
	41	38
	42	39
	43	40
	45	43
	46	44
	47	45
	52	50
	53	50
	54	51
	55	52
	58	55
	62	59
	63	60
net/minecraft/client/particle/BubbleColumnUpParticle	48	48
	34	34
	41	42
	10	13
	42	43
	11	14
	12	15
	13	16
	46	46
	15	17
	47	47
	48	48
	17	18
	18	19
	19	20
	21	21
	22	22
	26	26
	27	27
	28	28
	30	30
net/minecraft/client/resources/sounds/GuardianAttackSoundInstance	44	42
	32	32
	33	40
	34	42
	37	33
	38	34
	39	35
	41	36
	42	37
	43	38
	44	42
	16	18
	18	19
	20	20
	21	21
	22	22
	23	23
	27	27
net/minecraft/client/gui/navigation/ScreenPosition	23	27
	16	20
	5	9
	21	25
	6	10
	22	26
	7	11
	23	27
	12	16
	13	17
	14	18
	15	19
net/minecraft/client/gui/screens/inventory/tooltip/TooltipRenderUtil	97	53
	32	24
	64	40
	96	52
	33	25
	65	41
	97	53
	34	26
	35	27
	36	28
	39	29
	40	30
	75	44
	76	45
	51	33
	52	34
	53	35
	85	48
	54	36
	86	49
	55	37
	26	20
	27	21
	28	22
	29	23
net/minecraft/client/renderer/entity/WitherSkullRenderer	70	56
	33	33
	65	52
	34	34
	66	53
	36	35
	37	35
	38	35
	70	56
	42	36
	47	40
	52	44
	22	23
	54	45
	23	24
	56	46
	57	47
	59	48
	28	28
	60	49
	29	29
	61	50
	30	30
	63	51
net/minecraft/client/renderer/block/BlockModelShaper	69	72
	32	35
	64	68
	36	39
	69	72
	40	43
	41	44
	44	47
	48	51
	19	22
	20	23
	52	55
	53	57
	54	58
	23	26
	55	59
	58	62
	27	30
	59	63
	28	31
	60	64
	29	32
	61	65
net/minecraft/client/gui/font/TextFieldHelper	264	289
	258	283
	259	284
	260	285
	261	286
	264	289
	29	29
	30	30
	31	31
	32	32
	33	33
	35	34
	36	35
	39	38
	43	42
	47	46
	51	50
	52	51
	55	54
	56	55
	58	58
	62	62
	63	63
	64	64
	65	67
	66	68
	67	69
	68	72
	69	73
	70	74
	71	77
	72	78
	73	79
	76	82
	77	83
	78	84
	79	85
	80	88
	81	89
	82	91
	83	92
	84	93
	85	96
	86	97
	87	98
	88	101
	89	102
	90	103
	91	106
	92	107
	93	108
	95	112
	99	116
	103	120
	104	121
	107	124
	108	125
	109	126
	110	127
	111	128
	113	130
	116	133
	117	134
	120	137
	121	138
	123	140
	126	143
	127	145
	128	148
	130	150
	133	153
	134	154
	137	157
	138	158
	139	159
	142	162
	143	163
	146	166
	147	167
	148	168
	151	171
	152	173
	153	176
	155	178
	158	181
	159	182
	160	183
	163	186
	164	187
	166	189
	167	190
	169	192
	170	193
	171	194
	172	195
	173	196
	174	197
	177	201
	179	203
	182	206
	183	207
	184	208
	185	209
	188	212
	189	213
	190	214
	193	217
	194	218
	197	221
	198	222
	199	223
	202	226
	203	227
	204	228
	208	232
	209	233
	211	236
	212	237
	213	238
	214	239
	215	240
	219	244
	220	245
	223	248
	224	249
	225	250
	228	253
	229	254
	232	257
	233	258
	234	259
	237	262
	241	266
	242	267
	245	270
	246	271
	247	272
	250	275
	254	279
	255	280
net/minecraft/client/resources/metadata/language/LanguageMetadataSection	17	16
	17	16
	12	13
	14	14
	15	15
net/minecraft/client/gui/screens/inventory/PageButton	39	43
	32	36
	36	40
	37	41
	39	43
	15	18
	16	19
	17	20
	18	21
	22	25
	23	26
	24	27
	25	28
	27	31
	28	32
	31	35
net/minecraft/client/particle/WakeParticle	64	61
	64	61
	10	13
	11	14
	12	15
	13	16
	14	17
	16	18
	18	19
	19	20
	20	21
	21	22
	22	23
	23	24
	24	25
	28	29
	33	34
	34	35
	35	36
	37	37
	38	38
	39	39
	40	50
	43	41
	44	42
	45	43
	46	44
	47	45
	49	46
	50	47
	52	48
	53	50
	59	57
	60	58
net/minecraft/client/renderer/entity/layers/LlamaDecorLayer	61	63
	36	38
	41	42
	42	43
	43	44
	47	47
	17	26
	49	49
	50	50
	51	52
	52	56
	54	53
	57	59
	58	60
	59	61
	60	62
	61	63
net/minecraft/client/resources/model/ModelBakery	521	540
	512	531
	516	535
	517	536
	521	540
	63	67
	64	68
	65	69
	66	70
	67	71
	69	72
	70	73
	71	74
	74	77
	75	79
	76	79
	77	80
	78	81
	80	82
	85	85
	91	90
	93	91
	94	92
	100	95
	101	97
	116	99
	118	100
	120	101
	121	102
	123	104
	124	107
	125	109
	127	114
	147	127
	150	133
	151	134
	152	135
	154	136
	156	139
	157	140
	158	141
	159	142
	160	143
	163	146
	164	149
	166	151
	167	153
	168	154
	171	157
	172	159
	173	160
	176	163
	177	164
	178	165
	180	166
	181	167
	182	168
	185	171
	186	172
	188	175
	189	176
	190	177
	193	180
	194	181
	196	183
	197	184
	200	187
	201	189
	202	190
	203	191
	204	192
	205	193
	206	194
	207	195
	208	196
	209	197
	210	201
	212	198
	214	202
	215	203
	220	208
	222	209
	223	210
	224	219
	227	211
	228	212
	229	213
	233	217
	239	226
	243	230
	244	231
	246	234
	247	235
	249	238
	251	239
	252	241
	253	242
	255	245
	256	246
	258	248
	259	249
	260	250
	261	251
	262	252
	263	253
	265	255
	269	259
	273	263
	274	264
	275	389
	278	263
	279	266
	280	267
	281	268
	282	269
	283	270
	285	272
	287	274
	288	275
	290	276
	292	277
	294	278
	295	279
	297	280
	299	281
	300	282
	301	283
	302	284
	305	287
	306	289
	307	290
	309	293
	310	294
	311	297
	313	303
	315	303
	316	304
	317	305
	320	307
	321	308
	322	309
	324	311
	327	314
	329	318
	330	323
	331	325
	332	326
	333	329
	335	332
	336	334
	337	335
	339	343
	341	345
	343	347
	344	348
	345	349
	346	351
	348	354
	349	355
	350	356
	351	357
	352	358
	353	359
	355	362
	358	365
	359	366
	360	367
	361	368
	363	370
	365	371
	366	372
	367	374
	368	375
	369	376
	370	377
	371	378
	375	382
	376	383
	378	385
	381	389
	384	392
	385	393
	386	394
	389	397
	390	398
	391	399
	392	400
	395	403
	396	404
	397	405
	403	468
	404	469
	408	473
	413	478
	414	479
	415	480
	416	481
	419	483
	421	484
	422	484
	423	485
	426	489
	427	490
	428	491
	433	408
	435	409
	436	410
	437	413
	438	414
	439	417
	441	418
	442	419
	443	420
	444	421
	447	424
	448	425
	449	426
	450	427
	452	429
	453	430
	454	431
	455	432
	457	435
	458	436
	463	441
	467	445
	472	455
	473	456
	483	503
	484	504
	485	505
	489	509
	490	510
	492	512
	493	512
	494	514
	497	513
	502	520
	506	524
	507	525
	508	527
	509	528
	510	529
	511	530
net/minecraft/client/searchtree/FullTextSearchTree	41	41
	36	37
	37	38
	38	39
	40	40
	41	41
	18	19
	19	20
	20	21
	21	22
	25	26
	26	27
	27	28
	31	32
net/minecraft/client/gui/screens/SkinCustomizationScreen	43	55
	34	44
	35	48
	39	52
	40	53
	42	54
	43	55
	13	16
	14	17
	18	21
	20	23
	21	24
	22	32
	24	35
	27	38
	28	39
	30	39
	31	40
net/minecraft/client/multiplayer/chat/report/ReportReason	41	40
	33	32
	37	36
	9	10
	41	40
	10	11
	11	12
	12	13
	13	14
	14	15
	15	16
	16	17
	17	18
	26	25
	27	26
	28	27
	29	28
	30	29
net/minecraft/client/renderer/entity/layers/MushroomCowMushroomLayer	76	76
	64	56
	65	57
	66	58
	67	59
	68	62
	71	67
	72	68
	74	74
	76	76
	21	24
	22	25
	23	26
	27	29
	28	62
	31	30
	32	31
	34	32
	35	62
	38	33
	39	34
	40	35
	42	36
	43	37
	44	38
	45	39
	46	40
	47	41
	48	42
	50	43
	51	44
	52	45
	53	46
	54	47
	55	48
	56	49
	57	50
	58	51
	60	52
	61	53
	62	54
	63	55
com/mojang/realmsclient/gui/screens/RealmsSettingsScreen	102	99
	14	16
	15	17
	25	25
	26	26
	27	27
	28	28
	32	32
	33	33
	35	34
	36	35
	40	39
	42	41
	43	43
	44	44
	45	48
	46	49
	47	50
	48	51
	49	52
	50	53
	51	54
	52	55
	54	57
	56	59
	58	61
	60	63
	61	64
	63	65
	64	66
	66	67
	67	68
	68	69
	70	70
	71	71
	73	72
	74	73
	75	74
	79	78
	80	79
	81	80
	83	82
	88	88
	90	89
	91	90
	92	91
	94	92
	95	93
	97	94
	98	95
	101	98
	102	99
net/minecraft/client/renderer/entity/TropicalFishRenderer	62	59
	19	21
	20	22
	23	25
	25	26
	26	27
	27	28
	31	31
	32	32
	33	33
	39	39
	40	40
	41	41
	43	44
	45	45
	46	46
	47	47
	48	48
	49	49
	53	52
	55	53
	56	54
	58	55
	59	56
	60	57
	62	59
com/mojang/realmsclient/gui/screens/RealmsInviteScreen	120	121
	23	23
	24	24
	25	26
	26	28
	39	38
	40	39
	41	40
	42	41
	43	42
	47	46
	48	47
	52	51
	53	54
	54	55
	56	57
	57	62
	58	64
	61	67
	62	68
	63	94
	66	70
	67	71
	68	72
	69	73
	70	74
	72	75
	74	77
	75	78
	76	79
	77	80
	79	82
	80	82
	81	83
	82	84
	83	85
	85	87
	87	90
	88	91
	89	92
	90	94
	93	97
	94	98
	95	99
	99	103
	100	104
	101	105
	104	107
	109	113
	111	114
	113	115
	114	116
	117	119
	119	120
	120	121
net/minecraft/client/gui/screens/recipebook/BlastingRecipeBookComponent	19	21
	19	21
	10	12
	14	16
net/minecraft/client/resources/model/ModelBaker	0	0
net/minecraft/client/renderer/LightTexture	228	201
	34	33
	35	34
	37	35
	38	36
	39	37
	40	39
	41	40
	42	41
	45	45
	46	46
	50	50
	51	51
	54	54
	55	55
	56	56
	57	57
	60	60
	61	61
	64	64
	66	65
	67	66
	68	67
	69	68
	72	71
	73	72
	74	73
	75	74
	78	78
	82	82
	83	83
	87	87
	88	175
	90	88
	91	89
	92	90
	93	91
	94	175
	97	92
	99	94
	100	95
	102	97
	105	100
	106	101
	107	102
	111	103
	112	105
	113	106
	114	107
	115	108
	117	110
	121	113
	124	114
	126	115
	128	117
	129	118
	130	119
	131	120
	134	121
	135	122
	136	123
	138	124
	140	125
	141	126
	142	127
	143	128
	145	130
	146	131
	148	132
	150	133
	151	134
	153	135
	154	136
	158	140
	160	141
	161	142
	162	143
	164	144
	165	145
	169	149
	170	150
	171	151
	173	154
	176	157
	178	158
	179	159
	181	160
	182	161
	183	162
	185	163
	186	164
	187	165
	188	166
	190	167
	193	171
	194	172
	195	175
	198	178
	199	178
	200	178
	201	178
	203	179
	206	182
	207	183
	213	187
	215	188
	216	189
	220	193
	224	197
	228	201
net/minecraft/client/model/geom/ModelLayers	229	231
	13	15
	15	16
	16	17
	17	18
	18	19
	19	20
	20	21
	21	22
	22	23
	23	24
	24	25
	25	26
	26	27
	27	28
	28	29
	29	30
	30	31
	31	32
	32	33
	33	34
	34	35
	35	36
	36	37
	37	38
	38	39
	39	40
	40	41
	41	42
	42	43
	43	44
	44	45
	45	46
	46	47
	47	48
	48	49
	49	50
	50	51
	51	52
	52	53
	53	54
	54	55
	55	56
	56	57
	57	58
	58	59
	59	60
	60	61
	61	62
	62	63
	63	64
	64	65
	65	66
	66	67
	67	68
	68	69
	69	70
	70	71
	71	72
	72	73
	73	74
	74	75
	75	76
	76	77
	77	78
	78	79
	79	80
	80	81
	81	82
	82	83
	83	84
	84	85
	85	86
	86	87
	87	88
	88	89
	89	90
	90	91
	91	92
	92	93
	93	94
	94	95
	95	96
	96	97
	97	98
	98	99
	99	100
	100	101
	101	102
	102	103
	103	104
	104	105
	105	106
	106	107
	107	108
	108	109
	109	110
	110	111
	111	112
	112	113
	113	114
	114	115
	115	116
	116	117
	117	118
	118	119
	119	120
	120	121
	121	122
	122	123
	123	124
	124	125
	125	126
	126	127
	127	128
	128	129
	129	130
	130	131
	131	132
	132	133
	133	134
	134	135
	135	136
	136	137
	137	138
	138	139
	139	140
	140	141
	141	142
	142	143
	143	144
	144	145
	145	146
	146	147
	147	148
	148	149
	149	150
	150	151
	151	152
	152	153
	153	154
	154	155
	155	156
	156	157
	157	158
	158	159
	159	160
	160	161
	161	162
	162	163
	163	164
	164	165
	165	166
	166	167
	167	168
	168	169
	169	170
	170	171
	171	172
	172	173
	173	174
	174	175
	175	176
	176	177
	177	178
	178	179
	181	182
	185	186
	186	187
	187	188
	189	190
	193	195
	197	199
	201	203
	205	207
	209	211
	213	215
	217	219
	221	223
	225	227
	229	231
net/minecraft/client/gui/font/providers/TrueTypeGlyphProviderDefinition	80	81
	65	52
	66	53
	67	55
	68	56
	69	57
	70	58
	71	59
	72	60
	74	62
	75	64
	76	65
	77	66
	79	69
	80	70
	30	76
	32	77
	33	80
	34	81
	38	26
	40	26
	41	27
	42	27
	46	29
	47	30
	48	31
	49	32
	50	34
	51	36
	52	38
	56	43
	61	48
net/minecraft/client/model/geom/package-info	0	0
net/minecraft/client/renderer/debug/BeeDebugRenderer	440	384
	259	224
	260	225
	262	227
	267	230
	268	231
	272	234
	273	235
	277	238
	278	239
	279	240
	282	242
	285	247
	286	248
	287	249
	290	252
	291	253
	293	254
	294	255
	295	256
	297	257
	298	258
	301	261
	302	262
	306	263
	308	264
	309	265
	310	266
	312	267
	313	268
	314	269
	317	272
	321	276
	322	276
	323	276
	324	276
	329	280
	330	281
	75	60
	331	282
	76	61
	335	286
	80	65
	81	66
	82	67
	83	68
	339	290
	340	291
	341	292
	86	71
	342	293
	87	72
	90	75
	346	297
	91	76
	347	299
	348	300
	349	301
	94	79
	350	302
	95	80
	99	84
	100	85
	102	86
	359	306
	104	87
	360	308
	105	88
	361	309
	107	90
	363	310
	110	93
	366	314
	111	94
	114	97
	370	318
	115	98
	371	319
	116	99
	119	102
	121	103
	122	104
	123	105
	125	107
	382	378
	383	379
	128	108
	384	380
	385	381
	386	382
	387	383
	132	110
	388	384
	133	111
	134	112
	138	116
	140	117
	141	118
	142	119
	143	120
	145	122
	147	123
	148	124
	149	125
	151	127
	153	128
	413	337
	414	338
	159	131
	415	339
	416	340
	161	132
	417	341
	162	134
	418	342
	419	343
	164	135
	420	344
	423	347
	168	139
	170	140
	171	143
	427	351
	172	144
	174	145
	175	146
	431	355
	176	147
	177	148
	179	149
	180	150
	436	360
	181	151
	183	152
	184	153
	440	364
	185	154
	186	155
	189	158
	190	159
	191	161
	192	162
	194	163
	199	168
	200	169
	201	170
	204	173
	205	174
	206	175
	207	176
	208	177
	213	180
	215	181
	216	182
	219	185
	221	186
	222	187
	223	188
	224	189
	226	191
	229	194
	231	195
	232	196
	235	199
	236	201
	238	212
	241	215
	244	216
	247	217
	251	218
	252	219
	254	221
net/minecraft/client/renderer/entity/HorseRenderer	35	37
	35	37
	16	19
	17	20
	18	21
	19	22
	20	23
	21	24
	22	25
	23	26
	24	27
	27	31
	29	32
	30	33
	31	34
net/minecraft/client/gui/layouts/HeaderAndFooterLayout	144	138
	128	122
	132	126
	136	130
	140	134
	144	138
	21	20
	22	21
	25	24
	26	25
	29	28
	30	29
	31	30
	32	31
	33	32
	34	33
	35	34
	40	38
	45	42
	49	46
	54	51
	59	56
	64	61
	68	65
	72	69
	73	70
	76	73
	77	74
	80	77
	85	82
	86	83
	87	84
	88	85
	92	89
	93	90
	95	91
	96	92
	97	93
	98	94
	100	95
	101	96
	102	97
	103	98
	105	99
	106	100
	107	101
	108	102
	109	103
	112	106
	116	110
	120	114
	124	118
net/minecraft/client/renderer/block/model/MultiVariant	99	96
	64	60
	69	65
	70	66
	73	69
	74	71
	75	72
	77	73
	80	76
	86	82
	87	83
	88	84
	89	85
	90	86
	29	31
	93	89
	30	32
	94	90
	33	35
	97	93
	99	96
	38	40
	39	41
	42	43
	43	43
	45	43
	48	43
	53	49
	58	54
	63	59
net/minecraft/client/gui/screens/inventory/HorseInventoryScreen	59	56
	12	15
	19	21
	20	22
	21	23
	25	27
	26	28
	27	29
	29	30
	30	30
	31	30
	32	31
	36	34
	37	35
	40	38
	41	39
	42	40
	44	42
	48	46
	49	47
	53	51
	54	52
	55	53
	57	54
	58	55
	59	56
net/minecraft/client/renderer/blockentity/ShulkerBoxRenderer	64	58
	64	58
	23	25
	24	26
	29	29
	30	30
	31	31
	32	32
	33	33
	39	37
	40	39
	41	40
	43	42
	46	45
	48	46
	49	47
	50	48
	52	49
	54	50
	55	51
	57	52
	58	53
	59	54
	61	55
	62	56
	63	57
net/minecraft/client/resources/metadata/language/package-info	0	0
net/minecraft/client/multiplayer/chat/LoggedChatMessage	103	113
	66	72
	67	73
	72	78
	76	82
	81	87
	20	22
	86	94
	87	95
	24	26
	88	96
	89	98
	93	103
	30	32
	98	108
	36	40
	37	41
	38	42
	39	43
	103	113
	40	45
	42	47
	46	51
	47	52
	48	53
	50	55
	55	61
	56	62
	57	63
	61	67
	62	68
com/mojang/blaze3d/shaders/Uniform	544	505
	513	475
	514	476
	516	478
	517	479
	519	481
	520	482
	522	484
	525	486
	528	489
	17	19
	532	493
	536	497
	540	501
	544	505
	48	42
	49	43
	50	44
	51	45
	52	46
	53	47
	54	48
	56	50
	57	51
	59	54
	60	55
	61	56
	64	59
	68	63
	69	64
	72	67
	76	71
	77	72
	81	76
	82	77
	84	80
	85	81
	87	83
	90	86
	91	87
	92	88
	94	90
	97	93
	99	94
	100	95
	101	96
	102	97
	103	98
	104	99
	105	100
	106	101
	107	102
	108	103
	109	104
	113	108
	117	112
	118	113
	121	116
	126	121
	127	122
	128	123
	129	124
	133	128
	134	129
	135	130
	136	131
	137	132
	147	135
	148	136
	149	137
	150	138
	154	142
	155	143
	156	144
	157	145
	158	146
	159	147
	163	151
	164	152
	165	153
	166	154
	170	158
	171	159
	172	160
	173	161
	174	162
	175	163
	176	164
	177	165
	181	169
	182	170
	183	171
	184	172
	188	176
	189	177
	190	178
	192	181
	193	182
	195	185
	196	186
	198	189
	199	190
	201	193
	202	194
	206	198
	207	199
	208	200
	210	203
	211	204
	213	207
	214	208
	216	211
	217	212
	219	215
	220	216
	224	220
	225	221
	226	222
	227	223
	231	227
	232	228
	233	229
	234	230
	235	231
	239	235
	240	236
	241	237
	242	238
	243	239
	244	240
	248	244
	249	245
	250	246
	251	247
	252	248
	253	249
	254	250
	258	254
	259	255
	260	262
	263	257
	264	258
	265	259
	266	260
	267	262
	271	266
	272	267
	273	268
	274	269
	275	270
	276	271
	277	272
	285	276
	286	277
	287	278
	288	279
	289	280
	290	281
	291	282
	292	283
	293	284
	302	288
	303	289
	304	290
	305	291
	306	292
	307	293
	308	294
	309	295
	310	296
	311	297
	312	298
	319	302
	320	303
	321	304
	322	305
	323	306
	324	307
	325	308
	326	309
	327	310
	335	314
	336	315
	337	316
	338	317
	339	318
	340	319
	341	320
	342	321
	343	322
	344	323
	345	324
	346	325
	355	329
	356	330
	357	331
	358	332
	359	333
	360	334
	361	335
	362	336
	363	337
	364	338
	365	339
	366	340
	367	341
	368	342
	369	343
	376	347
	377	348
	378	349
	379	350
	380	351
	381	352
	382	353
	383	354
	384	355
	385	356
	386	357
	394	361
	395	362
	396	363
	397	364
	398	365
	399	366
	400	367
	401	368
	402	369
	403	370
	404	371
	405	372
	406	373
	407	374
	408	375
	417	381
	418	382
	419	383
	420	384
	421	385
	422	386
	423	387
	424	388
	425	389
	426	390
	427	391
	428	392
	429	393
	430	394
	431	395
	432	396
	433	397
	434	398
	435	399
	439	403
	440	404
	441	405
	442	406
	446	410
	447	411
	448	412
	449	413
	452	416
	456	419
	458	420
	459	421
	460	422
	461	423
	462	425
	463	430
	465	426
	466	427
	468	432
	471	435
	472	436
	474	438
	475	439
	477	441
	478	442
	480	444
	481	445
	483	447
	484	448
	486	450
	489	452
	492	455
	493	456
	495	458
	496	459
	498	461
	499	462
	501	464
	502	465
	504	467
	505	468
	507	470
	510	472
net/minecraft/client/resources/model/package-info	0	0
net/minecraft/client/animation/Keyframe	0	0
net/minecraft/client/resources/model/ModelResourceLocation	67	59
	34	32
	67	59
	38	36
	42	40
	47	44
	48	45
	50	46
	19	18
	51	46
	20	19
	52	47
	21	20
	54	48
	24	23
	25	24
	57	50
	26	25
	30	28
	62	55
	31	29
net/minecraft/client/renderer/PanoramaRenderer	26	27
	18	20
	19	21
	20	22
	22	23
	23	24
	26	27
	13	15
	14	16
	15	17
net/minecraft/client/renderer/entity/FireworkEntityRenderer	43	49
	34	33
	36	44
	38	45
	39	46
	43	49
	17	19
	18	20
	19	21
	23	24
	25	25
	26	26
	28	27
	29	28
	30	29
	31	30
com/mojang/blaze3d/platform/InputConstants	505	485
	33	227
	34	228
	36	229
	37	230
	40	233
	41	234
	42	235
	43	236
	44	237
	45	238
	48	241
	49	242
	190	243
	193	311
	194	312
	195	313
	197	316
	198	317
	200	319
	201	320
	202	321
	204	325
	207	334
	208	335
	209	336
	214	356
	216	357
	217	358
	218	359
	219	360
	220	361
	221	362
	222	363
	223	364
	225	365
	226	366
	227	367
	228	368
	229	369
	230	370
	231	371
	232	372
	233	373
	234	374
	236	375
	237	376
	238	377
	239	378
	240	379
	241	380
	242	381
	243	382
	244	383
	245	384
	246	385
	247	386
	248	387
	249	388
	250	389
	251	390
	252	391
	253	392
	254	393
	255	394
	256	395
	257	396
	258	397
	259	398
	260	399
	261	400
	263	401
	264	402
	265	403
	266	404
	267	405
	268	406
	269	407
	270	408
	271	409
	272	410
	273	411
	274	412
	275	413
	276	414
	277	415
	278	416
	279	417
	280	418
	281	419
	282	420
	283	421
	284	422
	285	423
	286	424
	287	425
	289	426
	290	427
	291	428
	292	429
	293	430
	294	431
	295	432
	296	433
	297	434
	298	435
	299	436
	300	437
	301	438
	302	439
	303	440
	304	441
	305	442
	306	443
	308	444
	309	445
	310	446
	311	447
	313	448
	314	449
	315	450
	316	451
	317	452
	318	453
	319	454
	320	455
	321	456
	322	457
	323	458
	324	459
	325	460
	327	461
	328	462
	329	463
	330	464
	331	465
	332	466
	333	467
	334	468
	336	469
	337	470
	339	471
	340	472
	341	473
	342	474
	343	475
	344	476
	345	477
	347	478
	348	479
	349	480
	351	481
	352	482
	353	483
	354	484
	355	485
	364	339
	365	340
	366	341
	369	344
	370	345
	371	346
	372	347
	375	350
	376	351
	387	252
	390	255
	391	256
	392	257
	394	258
	395	259
	396	260
	399	263
	403	267
	407	271
	411	275
	415	279
	416	280
	418	282
	419	282
	421	282
	426	288
	427	289
	429	290
	430	294
	432	291
	433	292
	438	300
	443	305
	448	162
	449	162
	451	162
	455	166
	456	167
	459	170
	460	171
	461	172
	462	173
	463	174
	464	175
	466	178
	469	182
	473	186
	477	190
	478	191
	479	192
	482	201
	483	202
	484	203
	485	204
	486	205
	489	208
	490	209
	491	210
	495	214
	496	215
	497	216
	502	221
	503	222
	505	224
net/minecraft/client/renderer/block/model/ItemModelGenerator	277	265
	257	211
	258	212
	259	213
	260	214
	262	216
	265	219
	269	223
	273	227
	18	19
	277	231
	24	24
	26	25
	27	27
	28	28
	29	29
	33	33
	34	34
	36	35
	37	36
	40	39
	42	40
	43	41
	44	42
	48	46
	49	47
	50	48
	52	49
	53	50
	55	51
	57	52
	61	56
	62	57
	63	58
	65	60
	66	61
	67	62
	68	63
	69	64
	70	65
	71	66
	72	67
	73	68
	74	69
	75	70
	77	71
	78	72
	79	73
	81	74
	82	75
	84	77
	85	79
	86	80
	87	82
	88	83
	89	84
	91	86
	92	87
	93	88
	94	90
	95	91
	96	92
	97	93
	99	95
	100	97
	101	98
	102	99
	103	101
	104	102
	106	104
	107	105
	108	106
	109	107
	110	108
	111	110
	115	113
	116	114
	117	115
	118	116
	120	117
	121	118
	123	119
	124	120
	125	121
	126	122
	128	123
	129	124
	131	125
	133	127
	134	128
	136	130
	137	131
	139	133
	140	134
	142	136
	147	140
	151	144
	152	145
	154	146
	155	147
	156	148
	157	149
	158	150
	160	151
	161	152
	162	153
	163	154
	166	157
	167	158
	171	164
	172	165
	173	166
	175	168
	178	171
	179	173
	180	174
	184	175
	186	176
	187	177
	188	178
	192	183
	193	184
	194	185
	195	186
	197	188
	199	190
	202	193
	203	193
	205	193
	210	237
	211	238
	212	239
	213	240
	220	247
	221	248
	222	249
	223	250
	226	253
	230	257
	234	261
	238	265
	250	204
	251	205
	252	206
	253	207
	254	208
net/minecraft/client/model/geom/LayerDefinitions	327	326
	109	111
	110	112
	111	113
	115	116
	117	117
	118	118
	119	119
	120	120
	121	121
	122	122
	123	123
	124	124
	125	125
	126	126
	127	127
	128	128
	129	129
	130	130
	131	131
	132	132
	133	133
	134	134
	135	135
	137	136
	138	137
	139	138
	140	139
	141	140
	142	141
	143	142
	144	143
	145	144
	146	145
	147	146
	148	147
	149	148
	150	149
	151	150
	152	151
	153	152
	154	153
	155	154
	156	155
	157	156
	158	157
	159	158
	160	159
	161	160
	162	161
	163	162
	164	163
	165	164
	166	165
	167	166
	168	167
	169	168
	170	169
	171	170
	172	171
	173	172
	174	173
	175	174
	176	175
	177	176
	178	177
	179	178
	180	179
	181	180
	182	181
	183	182
	184	183
	185	184
	186	185
	187	186
	188	187
	189	188
	190	189
	191	190
	192	191
	193	192
	194	193
	195	194
	196	195
	197	196
	198	197
	199	198
	200	199
	201	200
	202	201
	203	202
	204	203
	205	204
	206	205
	207	206
	208	207
	209	208
	210	209
	211	210
	212	211
	213	212
	214	213
	215	214
	216	215
	217	216
	218	217
	219	218
	220	219
	221	220
	222	221
	223	222
	224	223
	225	224
	226	225
	227	226
	228	227
	229	228
	230	229
	231	230
	232	231
	233	232
	234	233
	235	234
	236	235
	237	236
	238	237
	239	238
	240	239
	241	240
	242	241
	243	242
	244	243
	245	244
	246	245
	247	246
	248	247
	249	248
	250	249
	251	250
	252	251
	253	252
	254	253
	255	254
	256	255
	257	256
	258	257
	259	258
	260	259
	261	260
	262	261
	263	262
	264	263
	265	264
	266	265
	267	266
	268	267
	269	268
	270	269
	271	270
	272	271
	273	272
	274	273
	275	274
	276	275
	277	276
	278	277
	279	278
	280	279
	281	280
	282	281
	283	282
	284	283
	285	284
	286	285
	287	286
	288	287
	289	288
	290	289
	291	290
	292	291
	293	292
	294	293
	295	294
	296	295
	297	296
	298	297
	299	298
	300	299
	302	300
	303	301
	304	302
	305	303
	306	305
	307	306
	308	307
	309	308
	311	310
	312	311
	316	315
	317	316
	319	317
	320	318
	322	319
	323	321
	324	323
	325	324
	327	326
com/mojang/realmsclient/exception/RealmsHttpException	6	10
	5	9
	6	10
net/minecraft/client/gui/screens/inventory/MinecartCommandBlockEditScreen	36	40
	16	19
	32	35
	33	35
	34	36
	36	40
	21	24
	26	29
	11	14
	27	30
	12	15
	28	31
net/minecraft/client/gui/screens/inventory/BeaconScreen	311	317
	256	310
	257	311
	258	312
	259	313
	261	315
	263	317
	271	286
	272	287
	273	288
	274	289
	278	293
	279	294
	284	165
	285	166
	30	32
	31	33
	32	34
	289	170
	290	173
	291	174
	295	178
	296	179
	41	42
	43	43
	44	44
	301	149
	46	45
	302	150
	49	47
	306	154
	307	155
	53	50
	54	51
	55	52
	311	159
	57	54
	60	57
	61	58
	62	59
	66	63
	68	64
	69	65
	70	66
	72	68
	73	69
	74	70
	76	72
	77	73
	78	75
	79	77
	80	78
	83	82
	85	83
	86	84
	88	86
	89	87
	90	89
	91	91
	92	92
	96	96
	97	98
	98	99
	99	100
	103	104
	104	105
	105	106
	108	109
	109	110
	110	111
	114	115
	115	116
	116	117
	120	121
	121	122
	122	123
	124	124
	125	125
	126	126
	127	127
	128	128
	129	129
	130	130
	131	131
	132	132
	136	136
	137	137
	138	138
	139	139
	149	241
	150	242
	153	245
	154	246
	159	250
	160	251
	161	252
	162	253
	163	254
	164	255
	165	256
	166	257
	169	260
	171	261
	172	262
	177	267
	181	271
	182	272
	186	276
	187	277
	197	190
	198	191
	199	192
	200	193
	201	194
	204	197
	205	198
	206	199
	207	200
	210	203
	215	208
	216	217
	219	209
	220	210
	222	212
	224	215
	225	217
	229	221
	230	222
	234	226
	235	227
	236	228
	240	232
	246	300
	247	301
	251	305
net/minecraft/client/resources/LegacyStuffWrapper	17	19
	17	19
	14	16
	15	17
net/minecraft/client/resources/sounds/AbstractTickableSoundInstance	23	25
	16	19
	20	23
	22	24
	23	25
	11	14
	12	15
net/minecraft/client/model/SheepFurModel	59	50
	18	19
	19	20
	22	23
	23	24
	25	25
	26	26
	27	26
	28	26
	30	28
	31	30
	32	30
	33	31
	36	33
	37	33
	38	34
	39	35
	40	36
	41	37
	43	38
	48	42
	50	43
	51	44
	52	45
	56	48
	58	49
	59	50
net/minecraft/client/gui/screens/AccessibilityOnboardingScreen	128	112
	128	112
	22	23
	39	36
	40	37
	41	38
	42	39
	43	40
	47	44
	48	45
	49	46
	51	47
	52	48
	54	49
	55	50
	57	51
	58	52
	60	53
	61	54
	62	55
	63	56
	64	57
	67	60
	69	63
	71	66
	72	67
	74	67
	75	67
	76	67
	79	69
	80	70
	81	71
	82	72
	85	75
	90	80
	91	81
	94	84
	95	85
	97	86
	98	87
	99	88
	103	92
	105	93
	107	94
	109	95
	111	96
	112	97
	115	100
	116	101
	119	104
	120	105
	121	106
	122	107
	124	108
	125	109
net/minecraft/client/animation/KeyframeAnimations	65	55
	32	29
	33	30
	65	55
	35	32
	38	35
	39	36
	40	37
	42	39
	45	42
	14	16
	46	43
	16	18
	17	19
	18	20
	50	47
	20	21
	21	22
	54	51
	24	23
	25	24
	27	25
	28	26
	30	27
net/minecraft/client/renderer/entity/layers/SaddleLayer	36	36
	32	31
	33	32
	34	33
	35	34
	20	22
	36	36
	21	23
	22	24
	23	25
	27	29
	28	36
	31	30
net/minecraft/client/telemetry/package-info	0	0
com/mojang/blaze3d/package-info	0	0
net/minecraft/client/gui/screens/controls/ControlsScreen	48	55
	32	39
	33	40
	34	41
	36	42
	37	43
	38	44
	40	46
	41	48
	45	52
	46	53
	47	54
	48	55
	17	19
	18	20
	22	24
	24	25
	25	26
	26	27
	28	29
	29	34
	30	38
com/mojang/realmsclient/util/task/SwitchMinigameTask	52	56
	32	34
	35	37
	36	38
	39	41
	40	42
	41	43
	43	46
	12	15
	44	47
	45	48
	46	49
	48	52
	49	53
	19	21
	20	22
	52	56
	21	23
	22	24
	26	28
	27	29
	29	31
	31	33
net/minecraft/client/model/SlimeModel	66	44
	66	44
	16	18
	17	19
	20	22
	21	23
	23	24
	24	24
	25	24
	29	25
	33	29
	34	30
	36	31
	37	31
	38	31
	41	32
	42	32
	43	32
	46	33
	47	33
	48	33
	51	34
	52	34
	53	34
	57	35
	62	40
net/minecraft/client/model/CowModel	48	48
	32	36
	33	36
	34	37
	37	39
	38	39
	39	40
	40	41
	41	42
	42	43
	44	44
	15	16
	16	17
	48	48
	19	20
	20	21
	22	22
	23	23
	24	25
	25	26
	26	28
	27	30
	28	32
	30	34
	31	36
net/minecraft/client/renderer/entity/ChickenRenderer	26	26
	18	20
	23	24
	24	25
	10	13
	26	26
	13	16
	14	17
net/minecraft/client/renderer/texture/atlas/SpriteSourceType	0	0
com/mojang/realmsclient/dto/RealmsNotification	112	107
	67	66
	68	67
	69	68
	71	71
	72	72
	73	73
	75	74
	76	75
	77	75
	79	75
	20	21
	93	88
	94	89
	95	90
	96	91
	97	92
	35	33
	36	34
	100	95
	37	35
	101	96
	38	36
	102	97
	39	37
	103	98
	42	40
	107	102
	46	44
	111	106
	112	107
	50	48
	54	52
	56	55
	57	55
	58	56
	60	58
	61	59
	63	62
net/minecraft/client/particle/SpellParticle	131	132
	131	88
	11	14
	16	18
	17	19
	18	20
	19	21
	20	22
	21	23
	22	24
	23	25
	24	26
	27	29
	29	30
	31	31
	32	32
	34	33
	35	34
	37	36
	41	40
	46	45
	47	46
	49	47
	50	48
	52	50
	54	52
	57	55
	58	56
	59	57
	66	112
	67	113
	71	116
	79	97
	80	98
	84	101
	85	102
	86	103
	94	68
	95	69
	99	72
	100	73
	101	74
	102	75
	110	125
	111	126
	115	129
	116	130
	117	131
	118	132
	126	84
	127	85
net/minecraft/client/renderer/entity/layers/WitherArmorLayer	34	36
	18	20
	34	36
	19	21
	20	22
	24	26
	13	16
	29	31
net/minecraft/client/gui/components/LockIconButton	64	72
	32	40
	64	72
	33	41
	34	42
	36	44
	39	47
	40	48
	43	52
	12	15
	44	53
	13	16
	45	54
	46	55
	47	56
	48	57
	17	23
	21	29
	55	63
	56	64
	25	33
	57	65
	26	34
	60	68
	31	39
net/minecraft/client/renderer/entity/PigRenderer	20	21
	16	18
	20	21
	10	13
	13	16
	15	17
net/minecraft/client/gui/screens/recipebook/AbstractFurnaceRecipeBookComponent	62	62
	32	32
	36	36
	37	37
	38	38
	40	39
	42	40
	43	41
	44	42
	45	43
	47	46
	50	49
	51	51
	52	52
	53	53
	22	23
	23	24
	56	56
	57	57
	58	58
	27	28
	59	59
	29	29
	30	30
	62	62
net/minecraft/client/model/geom/EntityModelSet	25	26
	16	17
	17	18
	19	20
	24	25
	25	26
	12	13
	15	16
com/mojang/blaze3d/shaders/FogShape	14	18
	4	8
	5	9
	10	14
	11	15
	14	18
net/minecraft/client/multiplayer/PlayerInfo	152	144
	128	124
	129	125
	66	68
	132	126
	133	127
	70	72
	134	128
	135	129
	137	130
	74	76
	75	77
	140	133
	78	80
	144	136
	82	84
	83	85
	147	139
	148	140
	86	88
	152	144
	90	92
	94	96
	95	96
	97	96
	34	36
	35	37
	36	38
	101	100
	39	41
	103	101
	44	46
	108	106
	110	107
	48	50
	115	112
	52	54
	117	113
	56	58
	57	59
	58	60
	122	118
	61	63
	62	64
	126	122
	63	65
	127	123
com/mojang/blaze3d/vertex/package-info	0	0
net/minecraft/client/resources/sounds/SnifferSoundInstance	42	39
	32	37
	33	39
	36	31
	37	32
	38	33
	40	34
	41	35
	42	39
	15	16
	17	17
	19	18
	20	19
	21	20
	22	21
	26	25
	31	30
net/minecraft/client/gui/components/events/AbstractContainerEventHandler	42	40
	19	15
	35	31
	36	32
	38	35
	39	36
	24	20
	25	21
	41	39
	42	40
	30	26
com/mojang/realmsclient/gui/screens/RealmsSlotOptionsScreen	303	344
	258	312
	260	313
	261	314
	263	315
	265	316
	266	317
	270	321
	271	324
	274	322
	275	324
	279	328
	280	336
	28	28
	285	340
	290	344
	36	30
	294	277
	295	278
	297	279
	42	31
	298	288
	43	32
	44	33
	300	282
	301	283
	303	304
	72	57
	73	58
	74	59
	75	60
	77	61
	78	62
	80	63
	81	64
	83	65
	84	66
	85	67
	86	68
	88	69
	89	70
	90	71
	91	72
	93	74
	94	75
	95	76
	97	77
	98	78
	99	79
	100	80
	102	82
	106	86
	107	87
	111	91
	112	92
	113	93
	115	95
	120	101
	121	102
	122	103
	127	108
	128	109
	133	114
	134	115
	135	116
	137	117
	139	119
	140	120
	141	121
	142	122
	144	124
	146	127
	149	130
	150	133
	151	134
	152	135
	153	136
	155	139
	157	141
	158	143
	159	144
	160	145
	163	147
	164	156
	165	166
	167	168
	168	170
	169	171
	170	172
	171	173
	173	174
	174	175
	175	176
	176	177
	178	179
	180	181
	181	182
	182	193
	183	204
	184	210
	186	213
	187	214
	188	215
	189	216
	190	217
	191	218
	192	219
	193	220
	196	223
	197	224
	200	228
	201	233
	202	235
	203	236
	206	239
	207	240
	209	241
	212	243
	214	244
	215	245
	217	248
	218	249
	225	251
	230	256
	235	261
	237	262
	238	263
	240	264
	242	265
	243	266
	246	269
	247	270
	249	272
	251	274
net/minecraft/client/model/EvokerFangsModel	64	61
	64	61
	23	25
	24	26
	25	27
	26	28
	27	29
	30	32
	31	33
	33	34
	34	35
	35	35
	36	35
	38	37
	39	37
	40	38
	41	39
	43	40
	48	45
	49	46
	50	47
	52	50
	53	51
	54	52
	56	53
	57	54
	58	55
	59	56
	60	57
net/minecraft/client/gui/components/toasts/RecipeToast	64	62
	64	62
	13	15
	14	16
	21	22
	22	23
	26	27
	27	28
	28	29
	31	32
	32	33
	35	36
	37	37
	38	38
	40	39
	41	41
	43	42
	44	43
	45	44
	46	45
	48	46
	49	47
	53	51
	54	52
	55	53
	58	56
	59	57
	60	58
	62	60
com/mojang/blaze3d/shaders/Effect	0	0
net/minecraft/client/renderer/entity/layers/HumanoidArmorLayer	142	137
	129	124
	130	125
	133	128
	137	132
	141	136
	142	137
	28	30
	34	36
	35	37
	36	38
	37	39
	38	40
	42	43
	43	44
	44	45
	45	46
	46	47
	49	50
	50	51
	51	74
	54	52
	55	74
	58	53
	60	54
	62	55
	64	56
	65	57
	66	58
	67	59
	68	60
	70	61
	73	62
	75	64
	78	67
	79	68
	82	69
	83	70
	85	74
	88	77
	91	78
	93	80
	94	81
	96	82
	98	84
	99	85
	100	86
	102	87
	104	89
	105	90
	106	91
	108	92
	110	94
	111	95
	115	97
	118	111
	119	112
	120	113
	123	118
	124	119
	125	120
	126	121
net/minecraft/client/renderer/entity/layers/VillagerProfessionLayer	93	90
	64	59
	65	60
	66	61
	67	62
	69	63
	70	64
	71	65
	72	66
	73	67
	74	70
	77	74
	80	77
	84	83
	87	84
	89	86
	90	87
	91	88
	29	31
	93	90
	30	33
	31	34
	32	35
	33	36
	34	37
	35	38
	44	46
	45	47
	46	48
	47	49
	51	52
	52	74
	55	53
	56	54
	57	55
	59	56
	60	57
	62	58
net/minecraft/client/renderer/texture/AbstractTexture	81	78
	66	65
	67	66
	68	66
	69	66
	71	68
	73	70
	76	73
	77	74
	15	16
	81	78
	20	21
	21	22
	22	23
	26	26
	27	27
	28	28
	30	30
	31	31
	33	34
	34	35
	35	36
	36	37
	39	40
	40	41
	41	42
	44	45
	48	49
	49	50
	50	51
	51	52
	52	53
	54	55
	56	56
	57	57
	58	58
	61	60
net/minecraft/client/particle/LargeSmokeParticle	20	23
	16	20
	20	23
	8	11
	9	12
	15	19
net/minecraft/client/model/ZombieVillagerModel	118	93
	18	19
	20	20
	23	23
	24	24
	26	25
	28	27
	29	27
	32	30
	33	31
	34	31
	37	33
	38	34
	39	34
	40	34
	42	36
	43	38
	44	39
	45	41
	48	45
	49	46
	50	46
	51	46
	53	48
	54	49
	55	49
	56	49
	58	51
	59	52
	60	52
	61	52
	63	54
	64	55
	65	55
	66	55
	69	57
	73	61
	74	62
	76	63
	77	64
	78	64
	81	66
	82	67
	83	67
	86	69
	87	71
	88	71
	89	72
	91	74
	92	76
	93	76
	94	77
	98	79
	99	79
	103	80
	108	84
	110	85
	111	86
	115	90
	116	91
	117	92
	118	93
net/minecraft/client/renderer/VirtualScreen	27	29
	16	18
	17	19
	18	20
	21	23
	26	28
	27	29
net/minecraft/client/gui/font/GlyphRenderTypes	32	25
	16	13
	32	25
	21	18
	22	18
	23	18
	24	18
	13	12
	29	22
	14	13
	30	23
	15	13
	31	24
net/minecraft/client/multiplayer/ServerStatusPinger	282	263
	256	237
	257	239
	258	240
	260	241
	261	242
	263	244
	264	245
	268	249
	271	252
	272	253
	273	255
	274	256
	276	257
	277	258
	278	259
	282	263
	52	54
	53	55
	54	56
	56	57
	59	60
	60	61
	61	61
	62	61
	63	62
	64	63
	65	147
	68	65
	69	66
	71	67
	73	68
	74	69
	75	70
	77	71
	84	77
	85	78
	86	119
	88	80
	89	81
	90	82
	92	83
	93	84
	94	85
	95	86
	96	87
	97	88
	98	89
	100	90
	101	91
	102	92
	104	93
	105	94
	106	96
	107	97
	109	100
	110	101
	112	104
	114	106
	116	108
	117	108
	118	108
	120	109
	121	110
	122	111
	123	112
	125	114
	127	115
	128	116
	129	117
	130	119
	134	122
	135	123
	136	124
	138	125
	139	126
	143	129
	144	130
	145	131
	147	133
	151	136
	156	141
	157	142
	158	143
	159	144
	161	147
	164	150
	165	151
	166	152
	167	153
	170	156
	171	156
	172	156
	177	160
	178	161
	181	164
	185	167
	186	168
	188	171
	189	172
	190	173
	192	174
	193	175
	194	177
	195	178
	197	181
	198	182
	199	183
	200	184
	201	186
	202	187
	204	190
	206	191
	208	193
	209	195
	214	198
	216	199
	217	200
	218	201
	220	202
	221	203
	222	204
	223	205
	224	206
	225	207
	227	208
	228	209
	229	210
	230	211
	231	212
	235	216
	236	217
	240	221
	241	222
	244	224
	246	225
	247	225
	248	226
	251	229
	255	236
net/minecraft/client/model/IllagerModel	214	184
	28	30
	29	31
	30	32
	31	33
	32	34
	33	35
	34	36
	35	37
	36	38
	37	39
	40	42
	41	43
	43	44
	44	45
	45	45
	46	45
	48	47
	49	48
	50	48
	54	50
	55	51
	56	51
	57	51
	59	53
	60	55
	61	56
	62	58
	63	60
	65	62
	66	64
	67	64
	68	64
	69	65
	71	67
	72	68
	73	68
	76	70
	77	71
	78	71
	79	71
	81	73
	82	74
	83	74
	84	74
	86	76
	87	77
	88	77
	89	77
	91	79
	92	80
	93	80
	94	80
	97	82
	102	87
	107	91
	108	92
	110	93
	111	94
	112	95
	113	96
	115	97
	116	98
	117	99
	119	100
	120	101
	121	102
	123	103
	124	104
	125	105
	127	107
	128	108
	129	109
	131	110
	132	111
	133	112
	135	113
	136	114
	137	115
	139	116
	140	117
	141	118
	144	121
	146	122
	147	123
	148	124
	150	126
	152	128
	153	129
	154	130
	155	131
	156	132
	157	133
	158	134
	159	135
	160	136
	162	137
	163	138
	164	139
	165	140
	166	141
	167	142
	168	143
	169	144
	170	145
	171	146
	172	147
	173	148
	174	149
	175	150
	176	151
	177	152
	178	153
	179	154
	181	155
	182	156
	183	157
	184	158
	185	159
	188	162
	189	163
	190	164
	191	165
	192	166
	195	169
	196	169
	198	169
	203	173
	208	178
	213	183
	214	184
net/minecraft/client/gui/navigation/CommonInputs	7	9
	7	9
net/minecraft/client/gui/screens/reporting/ChatReportScreen	350	316
	257	233
	261	237
	265	241
	269	245
	273	249
	277	253
	281	257
	285	261
	286	262
	287	263
	289	266
	293	270
	39	39
	40	40
	41	41
	297	274
	42	42
	43	43
	44	44
	301	279
	46	45
	302	280
	47	46
	303	281
	48	47
	304	282
	49	48
	305	283
	51	49
	308	286
	309	287
	313	291
	314	292
	315	292
	316	292
	317	292
	319	293
	320	293
	321	294
	322	295
	323	296
	324	296
	325	296
	70	63
	71	64
	327	297
	72	65
	328	297
	73	66
	329	298
	74	67
	330	299
	331	300
	332	300
	77	70
	333	300
	78	71
	335	301
	81	74
	82	75
	339	305
	340	306
	86	79
	88	80
	344	310
	90	81
	91	82
	92	83
	349	315
	94	85
	350	316
	97	88
	99	90
	100	91
	102	93
	105	96
	106	97
	107	98
	108	99
	109	100
	110	100
	112	102
	113	103
	114	104
	115	105
	116	106
	117	107
	118	107
	120	109
	121	120
	122	121
	123	122
	124	123
	125	124
	126	125
	128	126
	129	126
	130	126
	132	127
	133	128
	134	128
	135	128
	137	130
	138	131
	141	134
	142	135
	143	136
	144	137
	147	140
	148	141
	150	142
	151	143
	152	144
	153	145
	155	146
	156	147
	157	148
	158	150
	159	151
	161	154
	163	157
	165	159
	166	159
	167	159
	168	160
	171	163
	172	164
	173	165
	174	165
	175	166
	178	169
	181	171
	182	172
	184	174
	187	177
	188	178
	191	181
	193	182
	194	183
	195	183
	196	184
	199	187
	200	188
	202	190
	205	193
	206	194
	210	198
	212	199
	214	200
	216	201
	218	202
	219	203
	222	206
	224	207
	225	208
	229	212
	230	213
	231	214
	235	218
	236	219
	238	221
	240	223
	244	227
	245	228
	246	229
	254	233
	255	233
com/mojang/realmsclient/dto/RealmsWorldOptions	156	145
	128	117
	131	120
	132	121
	135	124
	136	125
	139	128
	140	129
	143	132
	144	133
	147	136
	148	137
	151	140
	156	145
	43	39
	46	42
	47	43
	48	44
	49	45
	50	46
	51	47
	52	48
	53	49
	54	50
	55	51
	56	52
	59	55
	63	59
	64	60
	65	61
	69	65
	70	66
	73	70
	74	70
	75	71
	76	72
	77	73
	78	74
	79	75
	80	76
	81	77
	82	78
	83	79
	86	81
	87	82
	89	83
	93	87
	94	90
	95	90
	98	90
	100	88
	105	95
	109	99
	111	100
	112	101
	115	104
	116	105
	119	108
	120	109
	123	112
	124	113
	127	116
net/minecraft/client/player/KeyboardInput	38	37
	32	33
	35	34
	36	35
	38	37
	9	12
	10	13
	13	16
	14	17
	17	19
	22	25
	23	26
	24	27
	25	28
	27	29
	28	30
	30	31
	31	32
net/minecraft/client/gui/screens/inventory/BlastFurnaceScreen	14	17
	10	13
	13	16
	14	17
net/minecraft/client/particle/BubbleParticle	60	57
	10	13
	11	14
	13	15
	15	16
	16	17
	17	18
	19	19
	20	20
	24	24
	25	25
	26	26
	28	27
	29	28
	30	39
	33	30
	34	31
	35	32
	36	33
	37	34
	39	35
	40	36
	42	39
	46	43
	53	51
	54	52
	58	55
	59	56
	60	57
com/mojang/realmsclient/dto/ReflectionBasedSerialization	0	0
net/minecraft/client/gui/screens/inventory/BookViewScreen	368	359
	256	170
	257	171
	259	174
	261	175
	262	176
	264	177
	265	179
	266	180
	267	181
	270	184
	271	185
	272	186
	275	189
	276	190
	280	194
	281	195
	282	196
	283	197
	287	201
	292	206
	293	207
	294	208
	297	211
	298	212
	300	215
	44	291
	301	216
	45	291
	302	217
	47	291
	305	218
	51	295
	308	221
	52	296
	309	222
	53	298
	310	223
	54	298
	312	226
	56	298
	316	231
	317	232
	63	42
	321	236
	322	237
	68	47
	325	240
	326	241
	328	242
	329	256
	331	243
	76	332
	333	244
	77	333
	334	245
	335	246
	336	247
	80	336
	337	248
	81	337
	82	338
	340	250
	85	339
	343	253
	90	344
	347	261
	348	262
	349	263
	95	349
	97	352
	354	267
	98	353
	355	269
	99	354
	356	270
	357	271
	101	356
	358	272
	359	273
	103	359
	362	276
	365	279
	366	280
	111	308
	368	282
	112	309
	115	312
	116	313
	121	318
	126	323
	130	50
	150	65
	151	66
	154	69
	155	57
	158	73
	159	74
	160	75
	161	76
	164	79
	165	80
	166	81
	167	82
	168	83
	171	86
	172	87
	173	88
	174	89
	175	90
	176	91
	178	93
	182	98
	187	103
	188	104
	189	105
	192	108
	193	109
	196	112
	197	113
	199	114
	200	115
	202	116
	203	117
	206	120
	210	124
	211	125
	213	128
	214	129
	217	132
	218	133
	220	136
	221	137
	224	140
	225	141
	226	142
	230	146
	231	147
	234	150
	236	152
	237	153
	239	155
	240	156
	242	158
	248	164
	250	165
	251	166
	252	167
	254	168
	255	169
com/mojang/blaze3d/preprocessor/package-info	0	0
net/minecraft/client/particle/SingleQuadParticle	76	69
	64	57
	65	58
	66	59
	67	60
	70	63
	75	68
	76	69
	15	18
	17	19
	20	22
	22	23
	26	27
	28	28
	29	29
	30	30
	33	32
	34	33
	36	35
	37	36
	40	40
	47	42
	49	44
	50	45
	51	46
	52	47
	53	48
	56	51
	57	52
	58	53
	59	54
	61	55
	63	56
net/minecraft/client/GuiMessage	0	0
net/minecraft/client/quickplay/package-info	0	0
net/minecraft/client/gui/narration/ScreenNarrationCollector	85	92
	66	51
	67	52
	68	53
	72	58
	73	59
	11	14
	77	63
	78	64
	79	65
	80	66
	81	67
	17	80
	18	81
	84	70
	85	71
	22	86
	23	88
	27	92
	32	18
	34	19
	35	20
	38	23
	39	24
	44	28
	45	29
	47	32
	48	33
	49	34
	52	36
	53	37
	54	38
	55	39
	57	41
	58	42
net/minecraft/client/gui/components/SubtitleOverlay	143	141
	129	127
	133	131
	137	135
	141	139
	142	140
	143	141
	25	26
	26	27
	29	30
	30	31
	31	32
	32	33
	33	34
	34	35
	37	38
	38	95
	41	39
	42	40
	43	43
	44	46
	45	47
	46	48
	48	49
	49	50
	50	53
	51	54
	52	55
	54	57
	58	61
	60	63
	61	64
	62	65
	64	66
	65	67
	66	68
	67	69
	69	70
	70	71
	71	72
	72	73
	73	74
	74	75
	75	76
	77	77
	78	78
	79	79
	81	80
	83	81
	84	82
	85	83
	86	84
	87	85
	88	86
	92	90
	94	91
	95	92
	97	95
	101	99
	102	112
	104	100
	105	101
	106	102
	107	103
	108	104
	109	105
	114	110
	115	112
	123	121
	124	122
	125	123
	126	124
net/minecraft/client/renderer/BiomeColors	26	29
	18	21
	22	25
	10	13
	26	29
	11	14
	14	17
net/minecraft/client/renderer/entity/FallingBlockRenderer	54	58
	33	32
	34	33
	35	55
	38	34
	41	35
	43	36
	45	37
	47	51
	49	52
	50	55
	21	24
	22	25
	54	58
	23	26
	24	27
	28	30
	29	31
	30	55
net/minecraft/client/NarratorStatus	42	43
	34	35
	38	39
	9	12
	10	13
	42	43
	11	14
	12	15
	15	17
	21	22
	22	23
	23	24
	26	27
	30	31
net/minecraft/client/renderer/entity/player/package-info	0	0
net/minecraft/client/model/dragon/package-info	0	0
net/minecraft/client/gui/screens/inventory/tooltip/MenuTooltipPositioner	44	44
	32	33
	34	34
	37	36
	39	39
	43	43
	44	44
	16	19
	17	20
	21	24
	23	25
	24	26
	27	29
	29	30
	30	31
	31	32
net/minecraft/client/model/PufferfishBigModel	107	97
	19	21
	20	22
	21	23
	22	24
	25	27
	26	28
	28	29
	29	30
	30	31
	31	31
	32	31
	34	33
	35	34
	36	34
	37	34
	39	36
	40	37
	41	37
	42	37
	44	39
	45	41
	46	41
	47	42
	49	44
	50	45
	51	45
	52	45
	54	47
	55	49
	56	49
	57	50
	59	52
	60	54
	61	54
	62	55
	64	57
	65	59
	66	59
	67	60
	69	62
	70	64
	71	64
	72	65
	74	67
	75	68
	76	68
	77	68
	79	70
	80	72
	81	72
	82	73
	84	75
	85	77
	86	77
	87	78
	89	80
	90	82
	91	82
	92	83
	95	85
	100	90
	105	95
	106	96
	107	97
net/minecraft/client/model/geom/builders/MeshDefinition	10	13
	7	10
	10	13
net/minecraft/client/gui/ComponentPath	49	53
	36	46
	37	47
	39	49
	41	52
	10	12
	42	53
	15	17
	16	17
	48	38
	49	39
	18	17
	22	21
	23	23
	24	24
	26	27
com/mojang/realmsclient/dto/RealmsServerPlayerList	59	55
	32	29
	34	30
	35	31
	37	33
	40	36
	42	38
	43	39
	46	42
	17	17
	50	46
	52	48
	54	50
	55	51
	24	23
	27	26
	59	55
	29	27
	31	28
com/mojang/realmsclient/gui/package-info	0	0
net/minecraft/client/searchtree/ResourceLocationSearchTree	49	52
	32	35
	33	36
	34	37
	35	38
	36	39
	38	42
	39	43
	41	44
	12	14
	44	47
	15	17
	49	52
	20	22
	26	28
	27	29
	30	32
	31	33
com/mojang/realmsclient/gui/screens/RealmsBrokenWorldScreen	286	311
	256	283
	257	284
	258	285
	259	286
	260	287
	261	288
	262	289
	264	291
	267	294
	268	295
	269	296
	270	297
	271	298
	274	301
	276	302
	277	303
	279	305
	282	308
	284	309
	285	310
	286	311
	34	35
	58	51
	59	52
	60	53
	61	54
	62	55
	66	59
	67	60
	69	61
	70	62
	72	64
	73	65
	75	67
	77	69
	81	73
	85	77
	86	78
	87	79
	90	81
	91	83
	92	85
	93	87
	96	95
	97	96
	98	97
	100	99
	101	100
	102	101
	104	103
	106	105
	108	110
	109	111
	110	112
	111	113
	112	114
	113	115
	115	117
	117	119
	118	120
	121	123
	122	124
	123	125
	126	128
	127	129
	128	130
	131	131
	132	132
	133	133
	136	134
	137	135
	140	138
	141	139
	143	141
	147	145
	148	146
	152	150
	154	151
	156	152
	158	154
	159	155
	162	158
	163	191
	166	159
	167	160
	168	161
	170	175
	173	191
	176	194
	181	199
	182	200
	183	201
	185	203
	189	208
	190	209
	194	213
	196	216
	198	217
	199	218
	200	219
	201	220
	203	222
	204	223
	208	228
	210	229
	211	232
	214	237
	215	238
	216	239
	217	240
	218	241
	221	246
	222	247
	225	250
	228	253
	229	255
	230	256
	231	257
	233	258
	234	259
	236	261
	238	263
	239	265
	240	266
	241	267
	242	268
	244	270
	247	273
	253	280
	254	281
	255	282
net/minecraft/client/gui/screens/inventory/tooltip/package-info	0	0
net/minecraft/client/model/ChestedHorseModel	53	50
	32	29
	34	30
	35	31
	36	31
	37	32
	38	35
	40	38
	45	42
	46	43
	47	44
	48	45
	50	47
	19	20
	51	48
	53	50
	22	21
	25	24
	26	25
	28	26
	29	27
	30	27
	31	28
net/minecraft/client/renderer/entity/layers/CapeLayer	68	76
	64	70
	65	71
	66	72
	67	73
	68	76
	20	23
	21	24
	25	38
	26	76
	28	42
	29	43
	30	76
	33	44
	34	45
	36	46
	37	47
	38	48
	40	49
	42	50
	43	51
	45	52
	46	53
	47	54
	48	55
	49	56
	50	57
	51	58
	52	59
	55	62
	57	63
	58	64
	59	65
	62	68
	63	69
net/minecraft/client/resources/sounds/TickableSoundInstance	0	0
net/minecraft/client/renderer/block/model/BlockFaceUV	94	94
	65	65
	69	69
	71	70
	72	73
	75	71
	80	79
	81	80
	19	21
	20	22
	84	83
	21	23
	85	84
	86	85
	25	26
	89	88
	26	27
	90	90
	91	91
	28	30
	29	31
	94	94
	34	35
	35	36
	37	39
	38	40
	42	44
	46	48
	50	52
	51	53
	53	55
	60	62
	62	63
	63	64
net/minecraft/client/gui/components/PlainTextButton	26	29
	16	19
	17	20
	18	21
	19	22
	20	23
	24	27
	25	28
	26	29
net/minecraft/client/model/geom/ModelLayerLocation	43	44
	36	38
	37	39
	38	39
	10	13
	11	14
	43	44
	12	15
	15	18
	19	22
	24	27
	25	28
	27	30
	28	30
	29	32
	31	31
net/minecraft/client/renderer/ItemBlockRenderTypes	381	374
	20	22
	21	23
	22	24
	24	25
	25	26
	26	27
	27	28
	28	29
	29	30
	30	31
	32	32
	33	33
	34	34
	35	35
	36	36
	37	37
	38	38
	39	39
	40	40
	41	41
	42	42
	44	43
	45	44
	46	45
	47	46
	48	47
	49	48
	50	49
	51	50
	52	51
	53	52
	54	53
	55	54
	56	55
	57	56
	58	57
	59	58
	60	59
	61	60
	62	61
	63	62
	64	63
	65	64
	66	65
	67	66
	68	67
	69	68
	70	69
	71	70
	72	71
	73	72
	74	73
	75	74
	76	75
	77	76
	78	77
	79	78
	80	79
	81	80
	82	81
	83	82
	84	83
	85	84
	86	85
	87	86
	88	87
	89	88
	90	89
	91	90
	92	91
	93	92
	94	93
	95	94
	96	95
	97	96
	98	97
	99	98
	100	99
	101	100
	102	101
	103	102
	104	103
	105	104
	106	105
	107	106
	108	107
	109	108
	110	109
	111	110
	112	111
	113	112
	114	113
	115	114
	116	115
	117	116
	118	117
	119	118
	120	119
	121	120
	122	121
	123	122
	124	123
	125	124
	126	125
	127	126
	128	127
	129	128
	130	129
	131	130
	132	131
	133	132
	134	133
	135	134
	136	135
	137	136
	138	137
	139	138
	140	139
	141	140
	142	141
	143	142
	144	143
	145	144
	146	145
	147	146
	148	147
	149	148
	150	149
	151	150
	152	151
	153	152
	154	153
	155	154
	156	155
	157	156
	158	157
	159	158
	160	159
	161	160
	162	161
	163	162
	164	163
	165	164
	166	165
	167	166
	168	167
	169	168
	170	169
	171	170
	172	171
	173	172
	174	173
	175	174
	176	175
	177	176
	178	177
	179	178
	180	179
	181	180
	182	181
	183	182
	184	183
	185	184
	186	185
	187	186
	188	187
	189	188
	190	189
	191	190
	192	191
	193	192
	194	193
	195	194
	196	195
	197	196
	198	197
	199	198
	200	199
	201	200
	202	201
	203	202
	204	203
	205	204
	206	205
	207	206
	208	207
	209	208
	210	209
	211	210
	212	211
	213	212
	214	213
	215	214
	216	215
	217	216
	218	217
	219	218
	220	219
	221	220
	222	221
	223	222
	224	223
	225	224
	226	225
	227	226
	228	227
	229	228
	230	229
	231	230
	232	231
	233	232
	234	233
	235	234
	236	235
	237	236
	238	237
	239	238
	240	239
	241	240
	242	241
	243	242
	244	243
	245	244
	246	245
	247	246
	248	247
	249	248
	250	249
	251	250
	252	251
	253	252
	254	253
	255	254
	256	255
	257	256
	258	257
	259	258
	260	259
	261	260
	262	261
	263	262
	264	263
	265	264
	266	265
	267	266
	268	267
	269	268
	270	269
	271	270
	272	271
	274	272
	275	273
	276	274
	277	275
	278	276
	279	277
	280	278
	281	279
	282	280
	283	281
	284	282
	285	283
	286	284
	287	285
	288	286
	289	287
	290	288
	291	289
	292	290
	293	291
	294	292
	295	293
	296	294
	297	295
	298	296
	299	297
	300	298
	301	299
	302	300
	303	301
	304	302
	305	303
	306	304
	307	305
	308	306
	309	307
	310	308
	311	309
	312	310
	313	311
	314	312
	316	313
	317	314
	318	315
	319	316
	320	317
	325	321
	326	322
	327	323
	329	326
	330	327
	331	327
	333	327
	337	331
	338	332
	339	333
	341	335
	342	336
	343	337
	344	337
	346	337
	348	339
	352	345
	353	346
	354	347
	355	348
	357	350
	359	353
	363	358
	364	359
	365	360
	366	361
	368	363
	372	368
	373	369
	374	369
	376	369
	380	373
	381	374
net/minecraft/client/multiplayer/prediction/package-info	0	0
net/minecraft/client/gui/spectator/categories/TeleportToTeamMenuCategory	128	131
	128	131
	66	70
	75	80
	76	81
	77	82
	78	83
	81	86
	82	88
	83	89
	86	90
	87	91
	25	27
	26	28
	91	95
	92	96
	31	32
	95	99
	32	33
	96	100
	33	34
	97	101
	36	39
	102	106
	103	107
	41	45
	107	111
	46	50
	112	116
	114	117
	51	55
	115	118
	52	56
	116	119
	117	120
	118	121
	56	60
	121	124
	122	125
	123	126
	124	127
	61	65
	62	66
com/mojang/realmsclient/dto/WorldTemplatePaginatedList	65	60
	65	60
	43	35
	47	39
	16	18
	48	40
	50	43
	19	25
	51	44
	52	45
	53	46
	22	28
	54	48
	23	29
	55	49
	24	30
	25	31
	26	32
	59	53
	60	54
	61	55
	62	56
	63	57
net/minecraft/client/renderer/block/model/ItemTransforms	96	112
	25	27
	26	36
	29	39
	30	40
	31	41
	32	42
	33	43
	34	44
	35	45
	36	46
	37	47
	40	59
	41	60
	42	61
	43	62
	44	63
	45	64
	46	65
	47	66
	48	67
	51	70
	52	71
	53	72
	54	73
	55	74
	56	75
	57	76
	58	77
	59	78
	60	79
	65	84
	71	90
	73	91
	74	92
	75	93
	76	94
	78	97
	79	98
	80	99
	81	100
	83	103
	84	104
	85	105
	86	106
	88	107
	92	111
	93	112
	94	112
	96	112
net/minecraft/client/sounds/SoundEventListener	0	0
net/minecraft/client/quickplay/QuickPlayLog	118	122
	64	56
	66	60
	67	61
	68	62
	72	65
	73	66
	74	68
	75	69
	77	71
	78	72
	79	73
	80	74
	82	76
	83	77
	84	82
	87	110
	88	111
	25	27
	89	112
	91	114
	28	30
	32	34
	96	118
	97	119
	35	36
	36	37
	101	122
	106	99
	107	100
	44	43
	108	101
	45	44
	109	102
	110	104
	48	47
	49	47
	114	87
	51	47
	115	88
	116	89
	117	90
	118	92
	55	51
	56	52
	59	55
	60	80
	61	82
net/minecraft/client/particle/WaterDropParticle	73	71
	66	65
	67	66
	71	69
	72	70
	73	71
	10	13
	11	14
	12	15
	13	16
	15	17
	16	18
	18	19
	19	20
	23	24
	28	29
	29	30
	30	31
	32	32
	33	33
	34	58
	37	35
	38	36
	39	37
	40	38
	41	39
	43	40
	44	41
	45	42
	47	45
	48	46
	51	49
	52	50
	53	51
	54	52
	57	54
	58	55
	60	58
net/minecraft/client/gui/components/ImageButton	41	58
	32	37
	33	38
	34	39
	35	40
	36	41
	40	45
	41	58
	17	20
	18	21
	21	24
	22	25
	25	28
	26	29
	29	34
	30	35
	31	36
net/minecraft/client/renderer/block/model/BlockModel	421	429
	257	270
	262	275
	263	275
	264	276
	265	277
	266	278
	268	275
	270	282
	274	286
	278	290
	282	294
	283	295
	284	296
	285	297
	286	298
	287	299
	288	300
	289	301
	290	302
	294	306
	295	307
	297	308
	303	319
	49	51
	305	320
	306	321
	308	322
	309	323
	54	55
	55	55
	311	324
	56	56
	312	325
	57	57
	313	326
	58	58
	314	327
	59	59
	60	60
	61	61
	317	330
	62	62
	319	331
	320	332
	321	333
	324	336
	325	337
	329	341
	330	342
	331	343
	332	343
	333	344
	336	348
	340	352
	86	82
	342	353
	344	354
	345	355
	90	86
	346	357
	347	358
	94	98
	95	99
	351	362
	96	100
	97	101
	98	102
	99	103
	355	366
	100	104
	356	367
	101	105
	358	369
	359	370
	104	108
	360	371
	105	108
	362	373
	108	108
	367	379
	112	112
	113	113
	115	115
	116	115
	372	384
	373	384
	118	115
	375	384
	122	120
	123	121
	379	388
	125	123
	381	389
	126	123
	382	390
	383	391
	128	123
	386	395
	132	128
	136	132
	392	428
	393	429
	140	136
	141	136
	398	313
	143	136
	402	401
	403	402
	148	141
	149	143
	150	144
	408	407
	153	147
	409	408
	154	148
	156	151
	412	411
	413	412
	414	413
	161	156
	417	417
	163	158
	165	158
	421	421
	166	159
	167	160
	169	161
	170	162
	173	165
	174	166
	175	172
	178	175
	179	176
	180	177
	183	180
	184	184
	186	181
	189	158
	192	187
	193	188
	194	189
	195	192
	197	190
	198	192
	199	193
	203	197
	207	208
	209	209
	210	210
	213	213
	215	215
	216	216
	217	217
	218	218
	220	219
	221	220
	223	222
	228	230
	232	241
	236	247
	240	251
	241	252
	244	255
	246	258
	247	259
	248	260
	249	261
	252	264
	253	265
	254	266
	255	267
net/minecraft/client/gui/screens/inventory/JigsawBlockEditScreen	221	209
	23	26
	24	27
	25	28
	26	29
	27	30
	46	44
	47	45
	48	46
	52	50
	53	51
	54	52
	55	53
	56	54
	59	57
	60	58
	61	59
	64	62
	65	63
	68	68
	69	70
	70	71
	71	72
	72	73
	73	74
	76	78
	79	81
	80	81
	84	82
	88	86
	89	87
	93	91
	94	92
	95	93
	96	94
	97	95
	99	96
	100	97
	101	98
	102	99
	103	100
	105	101
	106	102
	107	103
	108	104
	109	105
	111	106
	112	107
	113	108
	114	109
	116	110
	117	111
	118	112
	119	115
	120	116
	121	117
	123	119
	124	120
	125	121
	127	122
	129	124
	130	125
	134	129
	135	130
	139	134
	140	135
	143	139
	145	141
	147	142
	148	143
	149	144
	151	146
	152	148
	154	149
	155	150
	156	151
	159	154
	160	155
	161	156
	162	157
	163	158
	164	159
	168	163
	169	164
	170	165
	171	166
	172	167
	173	168
	175	169
	177	170
	178	171
	179	172
	180	173
	181	174
	182	175
	183	176
	184	177
	188	181
	189	182
	192	185
	193	189
	194	190
	197	186
	202	195
	204	196
	205	197
	207	198
	208	199
	210	200
	211	201
	213	202
	214	203
	216	204
	217	205
	220	208
	221	209
com/mojang/realmsclient/gui/screens/RealmsConfirmScreen	37	38
	33	35
	34	36
	36	37
	37	38
	17	20
	18	21
	19	22
	20	23
	21	24
	25	28
	26	29
	27	30
	31	34
net/minecraft/client/renderer/block/model/multipart/Condition	12	14
	11	13
	12	14
com/mojang/realmsclient/RealmsMainScreen	1495	1467
	1031	1155
	1033	1156
	1034	1157
	1035	1158
	1036	1159
	1037	1160
	1038	1161
	1039	1166
	1040	1167
	1041	1171
	1043	1178
	1045	1181
	1046	1182
	1050	1186
	1051	1186
	1053	1186
	1057	1190
	1058	1191
	1059	1192
	1061	1194
	1064	1197
	1065	1198
	1066	1199
	1067	1200
	1068	1201
	1072	1205
	1073	1206
	1074	1207
	1078	1211
	1079	1212
	1081	1213
	1082	1214
	1086	1218
	1087	1219
	1089	1222
	1094	1227
	79	79
	1103	1052
	1104	1053
	81	80
	82	81
	83	82
	84	83
	1108	1057
	85	84
	1109	1058
	86	85
	87	86
	88	87
	89	88
	90	89
	1114	1063
	91	90
	1115	1063
	92	91
	93	92
	1117	1063
	94	93
	96	95
	97	97
	98	98
	1122	1068
	99	99
	1123	1069
	100	100
	1124	1070
	101	101
	102	102
	103	103
	104	104
	1128	1074
	105	105
	106	106
	107	107
	108	108
	109	109
	110	110
	111	111
	1135	1437
	112	112
	1136	1438
	113	113
	1140	1442
	1141	1443
	1145	1447
	1146	1448
	1148	1449
	1150	1450
	127	124
	1151	1451
	1154	1454
	1156	1455
	1157	1456
	136	130
	1160	1459
	1161	1460
	1162	1461
	1164	1463
	1168	1467
	1178	1319
	1179	1320
	1183	1324
	1184	1325
	1188	1329
	1189	1330
	1190	1331
	1191	1332
	1192	1333
	1193	1334
	1195	1337
	1197	1340
	1202	1345
	1203	1346
	1204	1347
	1205	1348
	1207	1350
	1211	1355
	1212	1356
	1215	1359
	1216	1360
	1218	1361
	195	175
	1219	1362
	1220	1363
	197	176
	198	177
	1222	1404
	199	178
	1225	1365
	202	181
	1226	1366
	203	194
	1228	1367
	206	182
	1230	1368
	207	183
	1231	1369
	1232	1370
	210	186
	1234	1371
	211	187
	1235	1378
	212	188
	216	192
	1240	1382
	1241	1383
	1242	1384
	1243	1385
	220	199
	221	200
	1246	1387
	1247	1388
	224	202
	1248	1389
	225	202
	1249	1390
	1250	1391
	228	202
	1252	1393
	1256	1396
	233	208
	1257	1397
	234	209
	236	211
	237	212
	1261	1401
	239	214
	1264	1402
	241	216
	1265	1404
	243	218
	244	219
	1268	1407
	1269	1408
	246	221
	1270	1409
	1271	1410
	248	223
	1272	1411
	1273	1412
	250	225
	1274	1413
	251	226
	1275	1414
	252	263
	1276	1415
	1278	1417
	255	228
	257	229
	258	230
	1282	1421
	1283	1422
	261	233
	1285	1423
	263	234
	264	235
	267	238
	1292	1429
	269	239
	270	240
	271	241
	273	244
	1297	942
	274	245
	275	246
	277	247
	1301	946
	278	248
	279	249
	281	250
	1305	950
	283	251
	1307	951
	1308	952
	285	252
	286	253
	1310	954
	287	254
	289	255
	1313	957
	290	256
	1314	958
	1316	960
	293	259
	294	260
	1319	963
	296	263
	1320	964
	1321	965
	1322	966
	299	266
	1323	967
	1325	969
	303	270
	304	271
	1328	972
	305	272
	306	273
	307	277
	1331	975
	1333	976
	310	280
	1334	977
	311	281
	312	285
	1336	979
	314	282
	315	283
	1339	982
	316	285
	317	286
	1341	983
	318	287
	1342	984
	319	291
	320	292
	1344	986
	323	295
	1347	989
	324	296
	325	297
	1349	990
	1350	991
	327	298
	328	299
	329	300
	1353	994
	330	301
	1354	995
	332	303
	1356	998
	1357	999
	334	304
	1358	1000
	335	305
	336	306
	1360	1001
	337	307
	1361	1002
	338	308
	339	309
	1364	1005
	341	310
	342	313
	1366	1006
	343	314
	1367	1007
	345	316
	1369	1008
	347	318
	1371	1010
	348	319
	349	320
	1374	1013
	352	323
	1376	1014
	1377	1015
	354	324
	1378	1016
	355	346
	1379	1017
	356	358
	1381	1018
	359	325
	1383	1019
	360	326
	1384	1020
	361	327
	363	328
	1387	1023
	364	329
	1389	1024
	366	330
	1390	1025
	367	331
	1391	1026
	368	332
	1392	1027
	369	333
	370	334
	1394	1028
	372	335
	1396	1029
	373	336
	1397	1030
	374	337
	375	338
	376	339
	1400	1033
	377	340
	1401	1034
	378	341
	1402	1035
	379	342
	380	343
	381	358
	1406	1040
	1407	1043
	384	361
	1408	1044
	1411	1233
	388	365
	1412	1234
	1413	1235
	392	369
	396	373
	1422	1245
	1423	1255
	400	377
	1424	1258
	1425	1259
	1428	1262
	405	382
	1429	1263
	406	383
	407	384
	1433	1267
	410	387
	1434	1268
	1435	1269
	412	388
	414	389
	1438	1272
	1439	1273
	1440	1274
	417	390
	1441	1275
	418	391
	1442	1276
	419	392
	1443	1277
	420	393
	1446	1279
	423	396
	424	397
	427	400
	428	401
	1453	1121
	1454	1122
	431	404
	1455	1131
	432	405
	433	406
	1458	1123
	435	408
	1460	1124
	1461	1125
	438	411
	1462	1126
	1463	1127
	440	412
	1464	1128
	441	413
	1466	1131
	443	414
	1467	1132
	445	416
	446	417
	447	418
	1471	1136
	1472	1137
	451	422
	453	423
	1477	1093
	1478	1094
	455	424
	457	425
	1481	1097
	458	426
	1482	1098
	459	427
	1483	1099
	461	429
	463	430
	1487	1103
	464	431
	1488	1104
	465	432
	1489	1105
	467	433
	468	434
	470	435
	1494	1084
	471	436
	1495	1087
	472	437
	473	438
	475	440
	477	441
	478	442
	479	450
	481	443
	482	444
	483	445
	485	447
	487	450
	489	451
	490	452
	491	453
	492	454
	493	455
	494	456
	498	460
	500	461
	501	462
	502	463
	503	464
	504	465
	505	466
	507	467
	515	471
	516	472
	518	474
	519	475
	520	476
	522	478
	523	479
	524	480
	526	482
	529	485
	531	486
	533	487
	534	489
	535	490
	536	491
	537	492
	541	496
	542	497
	543	498
	544	499
	545	500
	548	503
	549	504
	552	507
	554	508
	555	510
	556	511
	557	512
	558	513
	559	514
	563	518
	564	519
	566	521
	568	523
	571	526
	572	527
	573	528
	575	530
	578	533
	579	534
	581	536
	585	540
	586	541
	587	542
	588	543
	589	544
	592	547
	593	548
	594	549
	596	551
	597	552
	600	555
	602	557
	603	558
	604	559
	608	563
	612	567
	613	568
	616	571
	617	572
	618	573
	619	574
	621	576
	624	579
	625	580
	627	581
	630	584
	633	587
	636	588
	637	589
	638	590
	639	591
	643	594
	644	595
	645	596
	646	597
	648	598
	649	600
	650	604
	652	607
	655	610
	656	612
	658	614
	661	617
	664	620
	666	623
	668	624
	669	625
	670	626
	672	628
	673	629
	674	631
	677	634
	678	635
	679	636
	680	638
	682	640
	683	642
	684	643
	687	646
	688	647
	691	650
	693	653
	695	654
	696	655
	697	656
	698	657
	700	659
	701	660
	703	662
	704	663
	706	665
	709	668
	710	669
	713	672
	715	675
	717	676
	718	677
	719	678
	720	679
	722	681
	723	682
	725	684
	726	685
	728	687
	731	690
	732	691
	733	692
	736	695
	737	696
	738	697
	740	699
	743	702
	744	703
	745	704
	746	705
	747	707
	749	709
	752	712
	753	713
	757	717
	758	718
	760	721
	761	722
	765	726
	766	727
	770	731
	771	732
	772	733
	773	734
	774	735
	775	737
	777	739
	778	741
	781	744
	782	745
	785	748
	786	749
	787	750
	788	751
	790	753
	791	754
	792	755
	793	756
	796	759
	797	760
	798	761
	800	763
	801	764
	802	765
	803	766
	806	769
	807	770
	809	772
	813	776
	814	777
	816	778
	818	779
	820	781
	824	786
	825	787
	827	789
	829	791
	833	795
	834	796
	839	801
	841	802
	843	803
	845	804
	846	805
	849	808
	850	809
	853	812
	854	813
	855	814
	856	815
	857	816
	859	818
	861	819
	862	820
	863	821
	864	822
	866	825
	869	828
	872	831
	874	832
	875	833
	876	834
	878	835
	880	836
	881	837
	884	840
	886	852
	890	856
	891	857
	892	858
	893	859
	895	861
	899	866
	900	867
	902	868
	906	872
	907	873
	909	874
	911	875
	912	876
	913	877
	915	878
	918	879
	919	880
	920	881
	923	884
	926	887
	927	888
	930	891
	931	892
	933	893
	934	894
	935	895
	936	896
	938	897
	939	898
	941	899
	942	900
	944	901
	945	902
	946	903
	947	904
	950	907
	953	911
	954	912
	957	915
	961	919
	965	923
	967	925
	968	926
	971	929
	972	930
	974	932
	975	933
	978	936
	979	937
	981	939
	985	1285
	986	1286
	990	1289
	991	1290
	992	1291
	994	1293
	996	1295
	1000	1299
	1005	1304
	1012	1112
net/minecraft/client/gui/screens/DisconnectedScreen	70	72
	68	70
	69	71
	70	72
	13	16
	14	17
	23	24
	24	25
	27	28
	28	29
	29	30
	30	31
	31	32
	35	36
	36	37
	37	38
	38	39
	40	41
	41	42
	43	44
	45	47
	46	48
	47	49
	48	50
	49	51
	53	55
	54	56
	58	60
	63	65
net/minecraft/client/gui/screens/multiplayer/package-info	0	0
net/minecraft/client/gui/spectator/RootSpectatorMenuCategory	26	28
	16	18
	17	19
	21	23
	26	28
	11	13
	12	14
	15	17
com/mojang/blaze3d/platform/GlUtil	31	32
	16	17
	19	20
	23	24
	11	12
	27	28
	15	16
	31	32
net/minecraft/client/gui/screens/worldselection/package-info	0	0
net/minecraft/client/model/BlazeModel	108	106
	21	22
	22	23
	23	24
	24	25
	25	26
	28	29
	32	33
	33	34
	35	35
	36	35
	37	35
	42	36
	43	37
	44	37
	46	39
	47	40
	48	41
	49	42
	50	43
	51	44
	54	47
	55	49
	56	50
	57	51
	58	52
	59	53
	60	54
	63	57
	64	59
	65	60
	66	61
	67	62
	68	63
	69	64
	72	67
	77	72
	82	77
	83	79
	84	80
	85	81
	86	82
	87	83
	90	86
	91	88
	92	89
	93	90
	94	91
	95	92
	98	95
	99	97
	100	98
	101	99
	102	100
	103	101
	106	104
	107	105
	108	106
net/minecraft/client/renderer/texture/Tickable	0	0
com/mojang/realmsclient/dto/WorldDownload	31	31
	18	19
	19	20
	21	21
	24	24
	25	25
	26	26
	11	13
	27	27
	28	28
	31	31
net/minecraft/client/multiplayer/chat/report/ChatReportBuilder	188	192
	129	92
	130	93
	132	95
	133	95
	135	95
	139	100
	140	101
	141	102
	144	105
	146	106
	148	107
	150	108
	151	109
	155	113
	157	114
	158	115
	159	116
	160	117
	162	118
	166	122
	167	123
	169	124
	41	170
	170	124
	42	171
	171	124
	43	172
	172	125
	44	173
	174	127
	47	176
	48	177
	49	178
	178	140
	50	179
	52	181
	55	184
	56	185
	185	146
	57	186
	186	149
	58	187
	187	152
	59	188
	188	155
	63	192
	71	36
	72	37
	73	38
	76	41
	77	42
	78	43
	81	46
	85	50
	89	54
	93	58
	97	62
	98	63
	102	67
	106	71
	107	72
	110	75
	111	76
	114	79
	118	83
	123	88
	124	89
	126	90
	127	91
net/minecraft/client/tutorial/OpenInventoryTutorialStep	49	45
	32	28
	33	29
	36	32
	40	36
	41	37
	10	11
	42	38
	11	12
	44	40
	48	44
	49	45
	18	18
	19	19
	23	23
	25	24
	26	25
	27	32
	30	27
	31	27
net/minecraft/client/particle/SuspendedParticle	113	110
	64	66
	68	69
	71	72
	74	75
	75	76
	76	77
	77	78
	14	15
	15	16
	16	17
	18	18
	19	19
	20	20
	85	46
	22	21
	86	47
	23	22
	24	23
	90	50
	27	26
	91	51
	28	27
	92	52
	29	28
	93	53
	94	54
	31	29
	95	55
	32	30
	96	56
	33	31
	35	32
	36	33
	37	34
	104	102
	41	38
	105	103
	109	106
	110	107
	111	108
	48	87
	112	109
	49	88
	113	110
	53	91
	54	92
	55	93
	63	65
net/minecraft/client/renderer/blockentity/SpawnerRenderer	40	45
	32	36
	33	37
	34	38
	35	39
	36	40
	37	41
	39	44
	40	45
	16	19
	17	20
	21	23
	22	24
	23	25
	24	26
	25	29
	26	30
	27	31
	28	32
	29	33
net/minecraft/client/renderer/entity/EvokerFangsRenderer	54	48
	32	30
	35	33
	37	34
	38	35
	39	36
	40	37
	41	38
	43	39
	45	40
	14	17
	46	41
	47	42
	49	43
	50	45
	19	21
	21	22
	22	23
	54	48
	26	26
	27	27
	28	45
	30	28
	31	29
com/mojang/realmsclient/dto/Ops	27	31
	17	20
	18	21
	19	22
	20	23
	21	24
	22	25
	25	28
	11	13
	27	31
	14	16
	15	17
com/mojang/realmsclient/dto/ValueObject	31	35
	16	19
	20	24
	21	25
	22	26
	26	30
	11	13
	27	31
	12	15
	13	16
	15	18
	31	35
net/minecraft/client/multiplayer/chat/report/ReportingContext	78	82
	66	70
	70	74
	71	75
	74	78
	78	82
	25	26
	26	27
	27	28
	28	29
	31	32
	32	33
	33	34
	37	38
	38	39
	39	40
	40	43
	41	44
	42	45
	44	47
	46	49
	47	50
	48	51
	49	52
	50	53
	53	57
	55	59
	58	62
	62	66
net/minecraft/client/gui/screens/multiplayer/Realms32bitWarningScreen	31	34
	10	13
	11	14
	12	15
	13	16
	18	20
	19	21
	20	22
	24	26
	25	27
	26	28
	27	29
	29	32
	30	33
	31	34
com/mojang/realmsclient/dto/GuardedSerializer	21	23
	16	18
	21	23
	12	14
net/minecraft/client/model/PhantomModel	100	91
	26	27
	27	28
	28	29
	29	30
	30	31
	31	32
	32	33
	33	34
	34	35
	37	38
	38	39
	40	40
	41	41
	42	41
	43	41
	45	43
	46	44
	47	44
	48	44
	50	46
	51	47
	52	47
	53	47
	55	49
	56	51
	57	51
	58	52
	60	54
	61	56
	62	56
	63	57
	65	59
	66	61
	67	61
	68	62
	70	64
	71	66
	72	66
	73	67
	75	69
	76	71
	77	71
	78	72
	81	74
	86	79
	91	83
	92	84
	93	85
	94	86
	95	87
	96	88
	98	89
	99	90
	100	91
net/minecraft/client/renderer/entity/ElderGuardianRenderer	23	25
	18	20
	19	21
	23	25
	10	13
	13	16
	14	17
net/minecraft/client/resources/MobEffectTextureManager	15	18
	11	14
	12	15
	15	18
net/minecraft/client/gui/layouts/LayoutSettings	168	147
	128	113
	129	114
	67	61
	134	118
	139	122
	79	74
	144	126
	145	127
	82	77
	146	128
	83	78
	84	79
	85	80
	86	81
	87	82
	151	132
	88	83
	152	133
	92	86
	157	137
	158	138
	97	90
	163	142
	102	94
	39	33
	103	94
	104	94
	168	147
	105	94
	43	37
	110	98
	47	41
	111	99
	51	45
	116	103
	117	104
	55	49
	122	108
	59	53
	123	109
net/minecraft/client/renderer/entity/PillagerRenderer	20	21
	16	18
	20	21
	10	13
	13	16
	15	17
net/minecraft/client/particle/MobAppearanceParticle	59	56
	33	35
	38	40
	39	41
	41	42
	43	43
	44	44
	46	45
	47	46
	49	47
	50	48
	51	49
	53	50
	54	51
	25	27
	26	28
	27	29
	59	56
	28	30
	29	31
net/minecraft/client/resources/metadata/animation/VillagerMetaDataSection	39	42
	35	16
	36	17
	20	34
	21	35
	39	20
	24	38
	28	42
	13	27
	15	30
net/minecraft/client/gui/screens/social/PlayerSocialManager	90	88
	64	66
	68	70
	72	74
	73	75
	74	76
	77	79
	78	79
	79	79
	80	80
	82	82
	85	85
	86	85
	87	85
	88	86
	26	27
	90	88
	27	28
	28	29
	31	32
	32	33
	35	36
	36	37
	39	40
	43	44
	47	48
	48	49
	49	50
	52	53
	53	54
	56	57
	57	58
	59	61
	60	62
net/minecraft/client/renderer/ChunkBufferBuilderPack	21	25
	16	20
	17	21
	20	24
	21	25
	9	13
	12	16
net/minecraft/client/searchtree/SearchTree	0	0
net/minecraft/client/particle/SpitParticle	21	24
	16	20
	17	21
	21	24
	8	11
	9	12
	10	13
net/minecraft/client/gui/screens/worldselection/EditWorldScreen	170	196
	128	154
	129	155
	130	156
	132	159
	133	160
	134	161
	135	162
	137	164
	140	167
	141	168
	143	171
	144	172
	145	173
	148	176
	149	177
	150	178
	151	179
	152	180
	154	182
	155	183
	156	184
	157	185
	32	32
	33	33
	162	191
	164	192
	165	193
	167	194
	169	195
	42	40
	170	196
	43	41
	44	42
	45	43
	49	47
	50	48
	54	52
	56	55
	57	56
	58	57
	59	58
	60	59
	61	60
	63	61
	64	62
	65	63
	66	64
	67	65
	68	67
	69	72
	70	73
	72	74
	73	75
	74	76
	75	77
	76	78
	78	81
	79	82
	80	83
	82	86
	83	87
	84	88
	85	89
	86	90
	87	91
	90	94
	91	95
	92	99
	93	101
	95	103
	97	104
	98	105
	102	109
	103	110
	104	111
	105	112
	109	116
	110	117
	114	121
	115	122
	116	123
	117	124
	118	125
	119	126
	121	128
	124	131
	125	139
	126	137
	127	138
net/minecraft/client/renderer/blockentity/BrushableBlockRenderer	69	76
	64	64
	65	67
	66	70
	67	73
	69	76
	19	22
	20	23
	24	26
	25	51
	27	27
	28	28
	29	51
	31	29
	32	30
	33	51
	36	31
	37	32
	38	51
	41	33
	42	34
	43	35
	45	36
	46	37
	47	38
	48	39
	49	40
	51	42
	53	44
	54	46
	55	51
	58	54
	60	55
	61	56
	62	58
	63	61
net/minecraft/client/renderer/texture/Stitcher	271	217
	256	198
	132	127
	260	205
	261	206
	134	127
	262	207
	135	127
	263	208
	264	209
	137	128
	267	212
	13	17
	271	217
	25	27
	26	28
	27	29
	155	143
	28	30
	156	144
	157	145
	158	146
	31	33
	159	147
	162	150
	35	37
	166	154
	39	41
	40	42
	41	43
	171	158
	44	46
	172	159
	45	47
	47	49
	175	162
	48	50
	176	163
	49	51
	179	164
	52	54
	180	200
	184	165
	186	166
	59	57
	187	167
	60	58
	62	60
	191	170
	192	171
	65	63
	195	172
	69	67
	197	173
	70	68
	198	174
	71	69
	200	175
	75	73
	87	77
	215	176
	88	78
	216	177
	89	79
	217	178
	90	80
	218	179
	219	180
	92	81
	93	82
	221	182
	222	183
	95	83
	96	84
	224	185
	99	87
	100	88
	102	90
	103	91
	106	93
	234	186
	235	187
	110	97
	112	98
	113	99
	116	102
	117	103
	246	188
	120	105
	121	106
	250	192
	251	193
	124	109
	252	194
	125	110
	127	111
net/minecraft/client/renderer/texture/atlas/sources/LazyLoadedImage	51	53
	32	34
	33	35
	34	36
	40	42
	44	46
	45	47
	46	48
	47	49
	48	50
	19	21
	51	53
	20	22
	21	23
	22	24
	25	27
	26	28
	27	29
	28	30
	29	31
	30	32
	31	33
net/minecraft/client/renderer/texture/atlas/sources/SingleFile	45	48
	34	37
	35	38
	36	39
	37	40
	39	42
	41	44
	45	48
	17	19
	19	21
	20	22
	21	23
	22	25
	28	31
	29	32
	30	33
net/minecraft/client/renderer/entity/layers/SpinAttackEffectLayer	64	58
	32	33
	64	58
	33	34
	36	37
	37	38
	38	39
	39	39
	40	39
	44	40
	49	44
	50	58
	53	45
	54	47
	23	26
	55	48
	56	49
	57	50
	58	51
	59	52
	60	53
	29	31
	61	54
	62	55
	31	32
net/minecraft/client/particle/LavaParticle	64	64
	64	64
	9	12
	10	13
	11	14
	12	15
	13	16
	14	17
	15	18
	17	19
	19	20
	20	21
	24	25
	29	30
	31	31
	32	32
	33	33
	38	38
	39	39
	44	44
	45	45
	46	46
	47	47
	48	48
	51	51
	57	58
	58	59
	62	62
	63	63
net/minecraft/client/telemetry/TelemetryEventType	197	182
	130	112
	134	116
	135	118
	136	119
	138	122
	142	126
	19	20
	147	131
	20	21
	21	22
	22	22
	151	135
	24	22
	27	25
	155	139
	159	143
	163	147
	43	37
	173	158
	174	159
	47	39
	175	160
	49	40
	50	41
	178	163
	51	42
	179	164
	52	43
	53	44
	55	45
	183	168
	56	46
	184	169
	57	47
	58	48
	59	49
	60	50
	188	173
	61	51
	189	174
	62	52
	63	53
	64	54
	193	178
	66	55
	194	179
	67	56
	195	180
	68	57
	69	58
	197	182
	70	59
	71	60
	73	61
	74	62
	75	63
	76	64
	77	65
	79	66
	80	67
	81	68
	82	69
	83	70
	84	71
	86	72
	87	73
	88	74
	89	75
	90	76
	91	77
	92	78
	93	79
	103	87
	104	88
	105	89
	106	90
	107	91
	108	92
	111	93
	114	96
	118	100
	122	104
	126	108
net/minecraft/client/gui/screens/inventory/CyclingSlotBackground	61	60
	34	34
	35	35
	37	37
	40	40
	41	41
	42	51
	45	42
	46	43
	47	44
	48	45
	49	46
	51	49
	52	51
	55	54
	56	55
	25	25
	57	56
	26	26
	60	59
	29	29
	61	60
	30	30
	31	31
net/minecraft/client/resources/metadata/package-info	0	0
net/minecraft/client/model/PiglinModel	154	136
	128	111
	131	114
	132	115
	133	116
	134	117
	135	118
	136	119
	137	120
	141	123
	142	124
	143	128
	145	126
	146	128
	149	131
	150	132
	152	134
	154	136
	27	28
	35	29
	38	32
	40	33
	41	34
	42	35
	43	35
	46	37
	47	38
	48	38
	51	39
	55	43
	56	44
	57	46
	58	47
	59	49
	60	51
	61	53
	65	57
	66	59
	67	59
	68	60
	70	62
	71	64
	72	64
	73	65
	75	67
	79	70
	80	71
	81	72
	82	73
	84	74
	86	75
	87	76
	88	77
	89	78
	90	79
	92	80
	93	80
	94	81
	96	82
	97	83
	98	84
	99	85
	100	86
	101	87
	102	88
	103	89
	105	90
	106	91
	108	92
	109	93
	111	94
	112	95
	113	96
	114	97
	115	98
	116	99
	117	100
	118	101
	119	102
	120	103
	121	104
	123	106
	124	107
	127	110
net/minecraft/client/model/SkullModel	63	54
	33	29
	37	33
	39	34
	40	36
	41	36
	42	36
	46	37
	50	41
	51	42
	20	21
	21	22
	22	23
	56	47
	25	26
	57	48
	26	27
	58	49
	28	28
	29	28
	30	28
	62	53
	63	54
net/minecraft/client/gui/narration/NarrationThunk	55	52
	34	35
	35	36
	39	40
	40	41
	43	43
	44	43
	45	45
	14	15
	48	44
	17	18
	18	19
	19	20
	53	51
	22	23
	54	52
	55	52
	26	27
	30	31
com/mojang/realmsclient/Unit	48	46
	34	31
	38	35
	39	36
	40	37
	42	40
	43	41
	44	42
	15	17
	16	18
	48	46
	20	22
	21	23
	23	24
	24	25
	25	26
	30	31
	31	31
net/minecraft/client/package-info	0	0
net/minecraft/client/resources/language/LanguageInfo	24	22
	17	13
	18	14
	19	15
	20	16
	21	18
	24	22
net/minecraft/client/particle/AshParticle	20	23
	16	20
	20	23
	8	11
	9	12
	15	19
net/minecraft/client/gui/screens/debug/GameModeSwitcherScreen	249	232
	26	143
	27	144
	28	145
	29	146
	31	148
	40	156
	41	157
	42	158
	43	159
	46	162
	47	163
	50	166
	54	170
	58	174
	59	175
	60	176
	61	177
	62	178
	67	183
	68	184
	69	185
	70	186
	71	187
	76	26
	84	33
	86	35
	95	42
	98	45
	100	46
	101	47
	102	48
	105	51
	106	52
	107	53
	108	54
	110	56
	115	62
	117	63
	119	65
	120	66
	121	67
	123	69
	127	73
	128	99
	131	74
	132	75
	133	76
	134	77
	135	78
	136	79
	138	80
	141	81
	144	82
	146	83
	147	84
	148	85
	150	86
	153	89
	155	91
	156	92
	158	93
	160	94
	161	95
	164	99
	167	102
	168	103
	171	106
	172	113
	175	107
	176	108
	178	109
	179	110
	181	113
	184	116
	185	117
	186	118
	188	119
	191	121
	196	127
	197	128
	198	129
	199	130
	202	132
	207	138
	215	199
	216	200
	217	201
	221	205
	222	206
	224	207
	225	208
	227	210
	231	214
	232	215
	236	219
	240	223
	241	224
	244	227
	245	228
	248	231
	249	232
net/minecraft/client/resources/sounds/UnderwaterAmbientSoundHandler	39	40
	32	33
	33	34
	34	35
	35	36
	36	37
	39	40
	18	20
	19	21
	20	22
	24	26
	26	27
	27	28
	28	29
	29	30
	30	31
	31	32
net/minecraft/client/gui/screens/recipebook/RecipeBookPage	207	196
	128	116
	129	117
	131	119
	135	123
	140	128
	144	132
	145	133
	20	20
	148	136
	149	137
	151	138
	152	139
	153	140
	154	141
	28	25
	156	143
	30	26
	159	146
	162	148
	163	149
	164	150
	165	151
	166	154
	167	155
	168	156
	169	157
	44	38
	172	160
	45	39
	173	161
	174	162
	47	41
	175	163
	176	164
	177	165
	50	44
	178	165
	51	45
	179	166
	53	47
	54	48
	182	170
	186	174
	60	51
	61	52
	62	53
	190	179
	63	54
	191	180
	64	55
	193	182
	67	58
	68	59
	196	185
	69	60
	72	63
	200	189
	73	64
	75	65
	76	66
	204	193
	205	194
	206	195
	79	69
	207	196
	80	70
	83	73
	84	75
	85	76
	87	77
	88	78
	90	79
	92	80
	94	82
	98	86
	99	87
	102	90
	103	91
	104	92
	107	95
	108	96
	109	97
	110	98
	113	101
	114	103
	115	104
	116	105
	117	106
	121	110
	122	111
	124	112
	125	113
net/minecraft/client/renderer/entity/SalmonRenderer	42	41
	34	34
	35	35
	37	36
	38	37
	39	38
	40	39
	42	41
	12	15
	15	18
	16	19
	20	22
	25	26
	27	27
	28	28
	29	29
	30	30
	31	31
net/minecraft/client/telemetry/events/WorldLoadEvent	70	70
	64	63
	66	66
	69	69
	70	70
	24	24
	25	25
	28	28
	29	29
	31	32
	32	33
	35	36
	36	37
	38	39
	39	39
	41	39
	45	44
	46	54
	48	45
	49	46
	50	47
	51	48
	52	49
	54	51
	55	52
	60	59
	61	60
	62	61
	63	62
com/mojang/blaze3d/vertex/DefaultedVertexConsumer	22	26
	16	20
	17	21
	5	9
	21	25
	6	10
	22	26
	7	11
	8	12
	12	16
	13	17
	14	18
	15	19
net/minecraft/client/multiplayer/prediction/BlockStatePredictionHandler	86	92
	65	70
	74	80
	75	81
	76	82
	77	83
	80	86
	81	87
	18	21
	19	24
	20	25
	85	91
	22	26
	86	92
	24	28
	27	31
	28	32
	29	33
	31	36
	32	37
	36	41
	37	43
	38	44
	39	45
	40	46
	41	47
	42	48
	44	49
	47	52
	50	55
	51	56
	52	57
	57	62
	58	63
	61	66
net/minecraft/client/multiplayer/chat/ChatTrustLevel	81	67
	67	54
	72	59
	73	60
	74	61
	75	62
	15	17
	16	18
	17	19
	81	67
	20	21
	25	25
	26	26
	29	29
	30	30
	33	32
	34	32
	37	32
	41	37
	42	38
	45	41
	46	42
	47	42
	50	42
	54	46
	55	46
	56	46
	58	46
	59	46
	63	50
net/minecraft/client/particle/SimpleAnimatedParticle	58	58
	15	16
	16	17
	17	18
	18	19
	19	20
	22	23
	23	24
	24	25
	25	26
	26	27
	27	28
	30	31
	31	32
	32	33
	33	34
	34	35
	38	39
	43	44
	44	45
	45	46
	46	47
	48	48
	49	49
	50	50
	51	51
	54	54
	58	58
net/minecraft/client/multiplayer/chat/report/BanReason	52	50
	9	10
	10	11
	11	12
	12	13
	13	14
	14	15
	15	16
	16	17
	17	18
	18	19
	19	20
	20	21
	21	22
	27	27
	28	28
	31	31
	36	36
	39	41
	40	37
	41	39
	42	40
	43	42
	44	43
	45	44
	46	45
	47	46
	48	47
	49	48
	50	49
	51	50
	52	38
net/minecraft/client/particle/DustParticle	20	25
	16	22
	20	25
	8	13
	9	14
	15	21
net/minecraft/client/renderer/debug/HeightMapRenderer	63	68
	26	28
	27	29
	31	33
	32	34
	34	35
	36	37
	37	38
	38	39
	39	41
	40	42
	41	43
	42	44
	43	46
	44	47
	45	48
	46	49
	47	50
	48	52
	54	59
	57	62
	58	63
	59	64
	60	65
	61	66
	62	67
	63	68
net/minecraft/client/renderer/entity/layers/CustomHeadLayer	124	117
	43	42
	44	43
	47	48
	48	49
	49	50
	50	51
	51	52
	52	53
	53	54
	57	57
	58	58
	59	107
	62	59
	64	60
	65	61
	67	62
	69	63
	70	64
	71	65
	72	66
	73	67
	74	68
	77	71
	79	72
	80	73
	81	74
	82	75
	83	76
	86	79
	87	80
	88	81
	89	82
	90	83
	94	87
	95	88
	96	89
	97	90
	100	92
	101	93
	103	95
	105	98
	107	99
	108	100
	109	101
	111	102
	113	105
	114	107
	117	110
	118	111
	119	112
	120	113
	121	114
	122	115
	124	117
net/minecraft/client/particle/WhiteAshParticle	30	33
	21	25
	22	26
	26	29
	11	14
	27	30
	12	15
	28	31
	13	16
	29	32
	14	17
	30	33
	15	18
net/minecraft/client/renderer/entity/layers/CrossedArmsItemLayer	32	32
	32	32
	18	21
	19	22
	20	23
	24	26
	25	27
	26	28
	28	29
	29	30
	31	31
com/mojang/realmsclient/dto/WorldTemplate	40	44
	32	33
	33	34
	34	35
	35	36
	36	37
	37	40
	38	41
	40	44
	12	13
	14	14
	15	15
	16	16
	17	17
	18	18
	21	21
	22	22
	23	23
	26	26
	28	29
	29	30
	30	31
	31	32
net/minecraft/client/renderer/entity/SquidRenderer	36	35
	32	32
	36	35
	11	14
	14	17
	15	18
	19	21
	24	25
	25	26
	27	27
	28	28
	29	29
	30	30
	31	31
net/minecraft/client/multiplayer/chat/ChatLog	63	70
	34	39
	35	41
	36	42
	38	45
	42	49
	43	50
	12	17
	13	20
	14	21
	15	22
	47	54
	17	23
	51	58
	55	62
	25	30
	26	31
	59	66
	29	34
	30	35
	31	36
	63	70
net/minecraft/client/resources/package-info	0	0
com/mojang/realmsclient/util/LevelType	28	30
	19	21
	20	22
	21	23
	24	26
	9	12
	10	13
	11	14
	12	15
	28	30
net/minecraft/client/gui/narration/NarratedElementType	0	0
net/minecraft/client/gui/screens/inventory/tooltip/DefaultTooltipPositioner	33	31
	17	17
	33	31
	18	18
	19	19
	24	23
	25	24
	13	13
	29	27
	30	28
	31	29
net/minecraft/client/gui/components/ImageWidget	29	32
	16	19
	17	20
	18	21
	22	25
	26	29
	27	30
	12	15
	28	31
	13	16
	29	32
net/minecraft/client/renderer/entity/ShulkerBulletRenderer	65	54
	65	54
	18	20
	19	21
	24	25
	25	26
	26	27
	30	30
	35	34
	37	35
	38	36
	39	37
	41	38
	42	39
	43	40
	44	41
	46	42
	48	43
	50	44
	51	45
	53	46
	55	47
	56	48
	58	49
	60	50
	61	51
net/minecraft/client/gui/components/PlayerFaceRenderer	40	41
	34	36
	35	37
	37	38
	38	39
	39	40
	40	41
	20	23
	21	24
	24	27
	25	28
	26	29
	28	30
	29	31
	31	33
net/minecraft/client/gui/screens/LevelLoadingScreen	132	117
	128	33
	129	34
	130	35
	131	36
	132	37
	24	40
	25	41
	26	42
	30	46
	35	51
	40	56
	41	57
	42	58
	46	62
	47	63
	49	65
	50	66
	53	68
	56	71
	61	76
	63	77
	64	78
	65	79
	66	80
	69	83
	70	84
	72	85
	74	86
	75	87
	76	88
	79	91
	81	92
	82	93
	84	94
	85	95
	87	96
	88	97
	90	98
	92	99
	94	100
	95	101
	96	102
	97	103
	98	104
	99	105
	107	108
	108	109
	109	110
	110	111
	111	112
	112	113
	115	116
	116	117
	118	23
	119	24
	120	25
	121	26
	122	27
	123	28
	124	29
	125	30
	126	31
	127	32
net/minecraft/client/telemetry/TelemetryEventInstance	19	22
	16	19
	19	22
	8	11
	11	14
	12	15
	13	16
	15	18
net/minecraft/client/renderer/entity/CamelRenderer	17	19
	17	19
	9	12
	12	15
	13	16
net/minecraft/client/renderer/texture/TextureManager	237	232
	31	35
	33	36
	43	43
	44	44
	47	47
	48	48
	49	48
	50	48
	52	50
	54	52
	57	55
	60	56
	61	57
	62	58
	65	61
	66	62
	69	65
	71	66
	72	67
	73	68
	74	69
	76	72
	77	73
	80	76
	83	79
	85	80
	87	83
	88	84
	89	85
	92	89
	93	90
	97	94
	98	95
	99	96
	100	97
	101	98
	103	101
	104	102
	105	103
	106	104
	107	105
	108	106
	110	107
	115	112
	117	113
	118	114
	119	115
	122	118
	126	122
	131	126
	132	127
	133	128
	135	130
	137	133
	139	134
	140	135
	142	136
	146	140
	147	141
	148	142
	149	143
	151	145
	155	150
	156	151
	160	155
	161	156
	163	158
	166	161
	167	162
	168	163
	170	165
	174	169
	175	170
	176	171
	177	172
	178	173
	182	183
	184	184
	185	184
	186	184
	187	186
	189	187
	190	188
	191	189
	192	192
	193	193
	194	194
	195	195
	196	196
	198	198
	204	202
	205	203
	207	204
	211	208
	212	209
	213	209
	214	209
	216	211
	218	213
	222	217
	223	218
	224	219
	225	220
	228	223
	229	224
	231	226
	232	227
	233	228
	236	231
	237	232
net/minecraft/client/gui/screens/inventory/AbstractContainerScreen	627	623
	512	510
	517	515
	518	516
	521	519
	523	520
	527	524
	528	525
	529	526
	532	529
	536	533
	537	534
	538	535
	539	536
	28	30
	541	537
	545	541
	546	542
	548	545
	549	546
	553	550
	554	551
	556	554
	557	555
	558	556
	561	559
	563	560
	564	561
	565	562
	566	563
	567	564
	570	568
	574	572
	575	573
	576	574
	577	575
	579	578
	580	579
	581	580
	582	581
	587	586
	79	74
	80	75
	592	591
	81	76
	593	594
	82	77
	83	78
	595	592
	84	79
	596	594
	85	80
	86	81
	87	82
	600	598
	91	86
	92	87
	93	88
	605	603
	608	604
	97	92
	609	607
	98	93
	611	605
	100	94
	613	609
	102	95
	104	96
	616	612
	106	97
	107	98
	620	616
	109	99
	111	101
	112	102
	625	621
	114	103
	626	622
	115	104
	627	623
	118	107
	119	108
	121	109
	122	110
	123	111
	124	112
	129	117
	131	118
	133	119
	134	120
	135	121
	136	122
	138	123
	139	124
	140	125
	141	126
	143	127
	144	128
	147	132
	150	135
	151	136
	153	137
	154	138
	155	139
	158	142
	159	143
	160	144
	161	145
	163	146
	166	149
	168	150
	169	151
	172	154
	173	155
	176	158
	177	159
	178	160
	180	162
	183	165
	187	169
	188	170
	189	171
	190	172
	191	173
	192	174
	195	177
	196	178
	197	179
	202	184
	203	185
	204	186
	205	187
	206	188
	207	189
	208	190
	210	191
	211	192
	212	193
	213	194
	214	195
	216	198
	217	199
	219	200
	220	201
	221	202
	222	203
	223	204
	224	205
	227	208
	229	210
	230	211
	234	215
	235	216
	236	217
	237	218
	238	219
	239	220
	240	221
	241	222
	245	226
	246	227
	247	228
	249	231
	250	232
	252	235
	253	236
	256	239
	257	240
	258	255
	261	241
	262	242
	263	255
	266	244
	268	246
	269	247
	270	248
	271	249
	272	250
	273	251
	275	255
	279	259
	280	260
	281	261
	282	262
	285	266
	290	271
	291	272
	293	275
	294	276
	295	277
	296	278
	297	279
	299	280
	300	283
	301	284
	302	285
	304	286
	305	287
	306	288
	309	291
	310	292
	313	295
	314	296
	315	297
	318	300
	319	301
	320	302
	321	303
	322	304
	323	305
	325	307
	327	309
	328	310
	329	311
	330	312
	332	314
	333	319
	334	320
	335	321
	336	322
	337	323
	338	324
	340	327
	342	330
	344	332
	345	333
	346	334
	348	335
	349	336
	350	337
	351	338
	352	339
	353	340
	359	281
	362	347
	363	348
	364	349
	366	350
	370	354
	371	355
	372	356
	373	357
	375	360
	376	361
	377	362
	381	366
	384	369
	389	374
	390	375
	392	376
	393	377
	394	378
	395	379
	396	380
	398	382
	399	383
	401	384
	402	385
	403	386
	404	387
	405	388
	406	389
	407	390
	410	393
	411	394
	415	398
	416	405
	417	406
	420	409
	425	414
	426	415
	427	416
	428	417
	430	418
	431	419
	432	420
	435	423
	436	424
	439	427
	440	428
	441	429
	442	430
	443	431
	444	436
	449	441
	451	444
	452	445
	454	447
	455	448
	456	449
	457	450
	458	451
	459	454
	460	455
	461	456
	464	459
	465	460
	466	461
	467	462
	470	465
	472	466
	473	467
	474	468
	476	469
	477	470
	479	472
	480	473
	481	474
	482	475
	483	476
	484	477
	486	479
	487	480
	488	481
	489	482
	490	483
	491	484
	494	487
	496	489
	497	490
	499	492
	500	493
	503	496
	504	497
	505	498
	506	499
	508	501
	509	506
	510	507
net/minecraft/client/gui/screens/CreateFlatWorldScreen	226	219
	41	43
	42	44
	43	45
	44	46
	45	47
	48	50
	52	54
	53	55
	57	59
	58	60
	60	61
	61	62
	63	63
	64	64
	65	74
	67	65
	69	66
	70	67
	71	68
	72	69
	73	70
	74	71
	75	72
	76	74
	78	75
	79	76
	80	77
	81	78
	82	79
	84	80
	85	81
	86	82
	87	83
	88	84
	90	85
	91	86
	92	87
	93	88
	95	89
	96	90
	97	91
	100	94
	101	95
	104	98
	109	103
	110	104
	114	108
	116	109
	117	110
	119	111
	120	112
	121	113
	123	114
	124	115
	127	119
	130	123
	132	126
	133	127
	135	129
	139	132
	140	133
	141	134
	145	138
	149	142
	150	143
	151	145
	152	146
	155	149
	156	150
	157	151
	159	153
	164	159
	165	162
	167	163
	168	164
	169	165
	173	167
	174	168
	175	169
	176	170
	178	172
	181	175
	182	176
	185	179
	186	180
	187	181
	188	182
	189	183
	190	184
	193	188
	198	193
	199	196
	200	197
	201	197
	203	197
	209	202
	210	203
	211	204
	213	206
	217	211
	219	212
	220	213
	222	215
	225	218
	226	219
net/minecraft/client/model/GhastModel	64	61
	64	61
	19	21
	21	23
	22	24
	24	26
	27	29
	31	33
	32	34
	34	35
	35	36
	36	36
	37	36
	40	38
	41	40
	42	41
	43	42
	44	43
	45	44
	46	45
	47	45
	48	45
	52	49
	57	54
	58	55
	60	57
net/minecraft/client/renderer/entity/LlamaRenderer	27	28
	16	19
	18	20
	19	21
	23	24
	24	25
	25	26
	10	13
	26	27
	11	14
	27	28
	12	15
	13	16
net/minecraft/client/tutorial/CraftPlanksTutorialStep	81	79
	64	61
	66	63
	70	67
	71	68
	73	70
	76	73
	77	74
	78	75
	81	79
	18	19
	19	20
	26	26
	27	27
	31	31
	33	32
	34	33
	35	55
	38	35
	39	36
	40	37
	41	38
	42	39
	43	40
	45	43
	46	44
	47	45
	52	50
	53	50
	54	51
	55	52
	58	55
	62	59
	63	60
com/mojang/realmsclient/dto/RealmsNews	26	27
	16	17
	19	20
	20	21
	21	22
	22	23
	23	24
	26	27
	11	13
net/minecraft/client/renderer/entity/FrogRenderer	15	17
	10	13
	11	14
	15	17
net/minecraft/client/renderer/texture/atlas/sources/DirectoryLister	38	42
	32	36
	33	37
	34	38
	38	42
	13	17
	14	18
	15	19
	16	21
	22	27
	23	28
	24	29
	28	33
	30	34
	31	35
net/minecraft/client/gui/components/ComponentRenderUtils	42	36
	32	32
	33	33
	35	34
	36	35
	38	36
	40	36
	42	36
	17	19
	20	22
	24	26
	25	27
	26	28
	27	29
	30	31
net/minecraft/client/renderer/blockentity/BlockEntityRenderers	52	56
	12	15
	15	34
	16	35
	17	36
	18	37
	19	38
	20	39
	21	40
	22	41
	23	42
	24	43
	25	44
	26	45
	27	46
	28	47
	29	48
	30	49
	31	50
	32	51
	33	52
	34	53
	35	54
	36	55
	37	56
	40	18
	41	19
	44	22
	45	23
	47	25
	48	26
	49	27
	51	29
	52	30
net/minecraft/client/renderer/blockentity/BlockEntityRendererProvider	56	69
	32	45
	36	49
	40	53
	44	57
	48	61
	52	65
	23	36
	24	37
	56	69
	25	38
	26	39
	27	40
	28	41
	29	42
net/minecraft/client/gui/screens/reporting/ReportReasonSelectionScreen	193	180
	129	116
	130	117
	134	122
	135	124
	136	125
	138	127
	142	131
	143	131
	144	131
	145	131
	21	21
	22	22
	150	136
	23	23
	155	141
	160	145
	161	146
	162	147
	168	154
	169	155
	42	38
	43	39
	44	40
	45	41
	173	159
	46	42
	174	160
	175	161
	176	162
	50	46
	51	47
	52	48
	180	166
	54	50
	55	52
	57	53
	185	171
	58	54
	186	172
	59	54
	187	173
	60	55
	61	56
	189	175
	63	59
	64	60
	65	60
	193	180
	67	61
	68	62
	69	63
	70	64
	71	65
	73	68
	74	69
	76	70
	77	71
	81	75
	82	76
	84	77
	86	78
	88	79
	90	80
	92	81
	93	82
	94	83
	95	84
	96	85
	97	86
	99	87
	100	88
	102	89
	103	90
	105	92
	108	95
	112	99
	116	103
	120	107
	124	111
net/minecraft/client/renderer/entity/layers/CatCollarLayer	30	31
	18	20
	19	21
	20	22
	24	25
	25	31
	28	26
	13	16
	29	28
	30	31
net/minecraft/client/particle/TotemParticle	37	35
	32	31
	33	32
	37	35
	8	11
	10	12
	12	13
	13	14
	14	15
	16	16
	18	17
	19	18
	21	19
	22	20
	24	22
	26	24
com/mojang/realmsclient/util/task/DownloadTask	67	76
	64	73
	65	57
	67	76
	15	18
	23	25
	24	26
	25	27
	26	28
	27	29
	31	33
	32	34
	34	35
	36	39
	37	40
	39	43
	40	44
	41	45
	42	46
	44	49
	45	50
	46	51
	47	52
	48	53
	50	56
	51	58
	52	59
	53	60
	55	63
	56	64
	57	65
	58	66
	59	67
	60	68
	62	71
	63	72
net/minecraft/client/renderer/entity/layers/DolphinCarryingItemLayer	41	40
	32	32
	34	34
	37	37
	38	38
	40	39
	41	40
	18	21
	19	22
	20	23
	24	26
	26	27
	28	28
	29	29
	30	30
	31	31
net/minecraft/client/resources/sounds/MinecartSoundInstance	59	58
	36	38
	41	43
	42	44
	43	58
	46	46
	47	47
	48	48
	50	49
	19	21
	51	50
	20	22
	52	51
	21	23
	22	24
	54	52
	23	25
	24	26
	56	54
	25	27
	57	55
	26	28
	27	29
	59	58
	31	33
net/minecraft/client/gui/screens/inventory/EnchantmentScreen	240	223
	28	29
	29	30
	45	43
	46	44
	50	48
	51	49
	52	50
	56	54
	57	55
	58	56
	62	60
	63	61
	64	63
	65	64
	66	65
	67	66
	68	66
	69	67
	70	68
	74	72
	79	77
	80	78
	81	79
	83	80
	85	81
	87	82
	89	84
	90	85
	91	86
	93	87
	94	88
	95	89
	98	91
	99	92
	100	93
	101	94
	103	95
	104	96
	105	97
	106	98
	107	99
	109	101
	110	102
	111	103
	112	104
	113	105
	115	107
	117	110
	118	111
	119	112
	121	115
	123	118
	126	121
	127	122
	129	123
	130	124
	131	125
	133	126
	134	127
	136	128
	137	129
	138	130
	139	131
	140	132
	142	133
	143	134
	145	135
	146	136
	147	137
	149	138
	150	139
	151	140
	152	141
	156	145
	158	146
	159	147
	160	148
	162	149
	163	150
	165	152
	166	153
	168	154
	169	155
	171	156
	172	157
	173	158
	175	159
	177	160
	178	161
	179	162
	180	163
	183	166
	184	167
	186	169
	188	172
	191	174
	192	175
	194	177
	196	180
	200	184
	201	185
	204	188
	207	191
	209	192
	210	193
	212	196
	213	197
	216	200
	217	201
	218	202
	220	203
	221	205
	222	206
	223	207
	227	211
	228	212
	230	214
	232	217
	234	218
	235	219
	236	220
	237	221
	239	222
	240	223
net/minecraft/client/model/geom/PartPose	32	34
	16	18
	32	34
	17	19
	18	20
	19	21
	4	8
	20	22
	21	23
	24	26
	28	30
	15	17
net/minecraft/client/telemetry/WorldSessionTelemetryManager	79	77
	65	63
	66	64
	67	65
	68	66
	71	69
	72	70
	73	71
	74	72
	75	73
	76	74
	77	75
	79	77
	27	27
	28	28
	29	29
	31	30
	32	31
	33	32
	34	33
	35	34
	38	37
	39	38
	42	41
	43	42
	44	43
	45	44
	48	47
	49	48
	50	49
	53	52
	54	53
	57	56
	58	57
	59	58
	61	60
net/minecraft/client/gui/screens/AlertScreen	60	58
	34	35
	39	40
	41	41
	43	42
	44	43
	45	44
	47	45
	48	46
	52	50
	21	22
	53	51
	22	23
	54	52
	55	53
	56	54
	25	26
	26	27
	27	28
	28	29
	60	58
	29	30
	30	31
net/minecraft/client/renderer/entity/HumanoidMobRenderer	20	22
	17	19
	18	20
	19	21
	20	22
	11	14
	12	15
	15	18
net/minecraft/client/gui/layouts/SpacerElement	65	66
	65	66
	34	36
	35	37
	39	41
	40	42
	44	46
	14	16
	15	17
	49	51
	18	20
	19	21
	20	22
	21	23
	22	24
	54	56
	25	27
	59	61
	29	31
net/minecraft/client/model/BookModel	101	82
	30	31
	31	32
	32	33
	33	34
	34	35
	35	36
	36	37
	37	38
	38	39
	41	42
	42	43
	44	44
	45	45
	46	45
	47	45
	49	47
	50	48
	51	48
	52	48
	54	50
	55	51
	56	51
	57	51
	59	53
	60	53
	61	53
	64	54
	65	54
	66	54
	69	55
	70	55
	71	56
	72	57
	74	58
	79	63
	80	64
	83	67
	84	68
	87	71
	89	72
	90	73
	91	74
	92	75
	94	76
	95	77
	97	78
	98	79
	99	80
	100	81
	101	82
net/minecraft/client/renderer/block/model/BlockModelDefinition	176	171
	130	107
	134	111
	138	115
	144	141
	146	142
	147	143
	149	144
	150	147
	153	145
	157	152
	159	153
	160	154
	161	156
	34	121
	162	157
	35	121
	36	122
	37	123
	38	124
	166	161
	39	125
	40	126
	171	166
	44	130
	172	167
	175	170
	48	134
	176	171
	49	135
	56	36
	60	40
	64	44
	65	45
	66	46
	70	49
	71	51
	72	52
	73	53
	74	54
	76	57
	79	60
	80	61
	82	63
	86	67
	91	72
	92	73
	93	74
	95	76
	100	82
	101	83
	103	84
	104	84
	106	84
	107	85
	110	87
	115	93
	119	97
	124	102
	126	103
	127	104
net/minecraft/client/resources/metadata/animation/AnimationMetadataSectionSerializer	76	77
	65	68
	66	69
	67	70
	70	72
	76	77
	17	19
	18	20
	19	21
	20	22
	23	25
	25	27
	27	29
	28	30
	30	31
	31	32
	32	33
	35	36
	36	37
	40	41
	41	42
	43	43
	44	44
	46	47
	47	48
	50	51
	52	52
	57	57
	58	58
	59	61
	60	62
	61	63
	62	64
	63	65
com/mojang/blaze3d/platform/TextureUtil	145	135
	130	121
	131	122
	132	123
	133	124
	134	125
	137	128
	141	131
	145	135
	27	25
	35	30
	37	31
	38	32
	39	33
	40	34
	41	35
	42	36
	45	38
	49	43
	50	44
	51	45
	54	48
	55	49
	58	52
	59	53
	62	56
	63	57
	66	60
	67	61
	69	62
	70	63
	71	64
	72	65
	73	66
	76	69
	77	70
	79	72
	82	75
	83	76
	84	77
	88	80
	89	81
	90	82
	92	83
	97	87
	99	90
	100	91
	101	92
	104	96
	105	97
	106	98
	107	99
	112	104
	113	105
	116	108
	117	109
	119	111
	120	112
	121	113
	123	115
	124	116
	126	117
	127	118
net/minecraft/client/model/ShieldModel	59	51
	32	34
	34	35
	35	35
	36	35
	39	36
	40	36
	41	36
	45	37
	49	41
	53	45
	24	26
	25	27
	26	28
	58	50
	27	29
	59	51
	28	30
	31	33
net/minecraft/client/model/geom/builders/package-info	0	0
net/minecraft/client/model/RavagerModel	158	134
	25	26
	26	27
	27	28
	28	29
	29	30
	30	31
	31	32
	32	33
	33	34
	36	37
	37	38
	39	39
	40	40
	41	41
	42	41
	43	41
	45	43
	46	45
	47	45
	48	45
	49	46
	52	48
	53	50
	54	50
	55	51
	57	53
	58	55
	59	55
	60	56
	62	58
	63	59
	64	59
	65	59
	67	61
	68	63
	69	63
	70	63
	71	64
	73	66
	74	67
	75	67
	76	67
	78	69
	79	70
	80	70
	81	70
	83	72
	84	73
	85	73
	86	73
	88	75
	89	76
	90	76
	91	76
	94	78
	99	83
	104	87
	105	88
	107	89
	108	90
	109	91
	110	92
	111	93
	112	94
	116	97
	118	98
	119	99
	120	100
	121	101
	122	102
	123	103
	124	104
	125	105
	126	106
	127	107
	128	108
	129	109
	131	110
	132	111
	134	112
	135	113
	137	115
	140	118
	141	119
	142	120
	143	121
	144	122
	146	123
	147	124
	148	125
	150	126
	151	127
	152	128
	153	129
	154	130
	155	131
	158	134
net/minecraft/client/renderer/culling/Frustum	76	78
	66	68
	70	72
	71	73
	72	74
	73	75
	74	76
	75	77
	76	78
	18	21
	19	22
	22	25
	23	26
	24	27
	25	28
	26	29
	27	30
	28	31
	31	34
	32	35
	33	36
	34	37
	35	38
	36	40
	37	41
	45	48
	46	49
	47	46
	49	52
	53	56
	54	57
	55	58
	56	59
	59	62
	61	63
	62	64
	63	65
net/minecraft/client/searchtree/SearchRegistry	66	72
	65	71
	34	32
	66	72
	35	33
	36	34
	38	36
	42	41
	43	42
	46	45
	24	22
	56	62
	25	23
	57	63
	27	25
	60	66
	61	67
	30	28
	62	68
	31	29
net/minecraft/client/gui/screens/OptionsSubScreen	35	36
	32	34
	34	35
	35	36
	13	16
	14	17
	15	18
	16	19
	20	23
	21	24
	25	28
	26	29
	29	32
	30	33
net/minecraft/client/particle/WaterCurrentDownParticle	69	65
	67	63
	68	64
	69	65
	13	16
	15	17
	17	18
	19	19
	20	20
	21	21
	23	22
	24	23
	25	24
	26	25
	30	29
	35	34
	36	35
	37	36
	39	37
	40	38
	41	52
	44	40
	45	41
	46	42
	47	43
	48	44
	49	45
	51	46
	52	47
	55	50
	56	52
	62	59
	63	60
net/minecraft/client/model/dragon/DragonHeadModel	67	62
	65	60
	66	61
	67	62
	20	21
	21	22
	22	23
	25	26
	26	27
	28	28
	29	29
	30	31
	31	32
	32	33
	33	34
	34	35
	35	36
	36	37
	37	38
	38	39
	42	42
	43	43
	44	43
	45	43
	48	45
	53	50
	55	51
	56	52
	57	53
	61	57
	62	58
	63	59
net/minecraft/client/resources/sounds/ElytraOnPlayerSoundInstance	57	53
	17	17
	19	18
	20	19
	21	20
	22	21
	23	22
	27	26
	28	27
	29	51
	30	53
	33	28
	34	29
	35	30
	37	31
	38	32
	39	33
	41	35
	45	38
	46	39
	47	40
	48	41
	51	44
	52	45
	53	46
	55	48
	57	53
net/minecraft/client/multiplayer/AccountProfileKeyPairManager	154	149
	130	125
	131	126
	132	127
	133	128
	134	129
	136	129
	139	132
	143	137
	144	149
	148	141
	149	142
	150	143
	152	144
	153	145
	154	146
	34	37
	36	38
	38	39
	47	46
	48	47
	49	49
	50	51
	51	52
	55	56
	56	57
	57	58
	62	63
	63	64
	65	65
	69	69
	70	70
	71	71
	73	72
	75	75
	79	78
	80	79
	81	80
	82	81
	83	82
	84	83
	87	84
	88	87
	92	91
	93	92
	96	95
	97	96
	98	97
	99	98
	100	99
	106	105
	107	106
	108	107
	111	110
	112	122
	115	111
	116	122
	119	112
	121	114
	122	115
	123	116
	124	117
	126	119
	127	122
net/minecraft/client/gui/screens/controls/KeyBindsScreen	87	93
	64	71
	66	73
	71	79
	73	80
	74	81
	76	82
	77	84
	78	85
	79	86
	80	87
	84	91
	86	92
	87	93
	24	26
	25	27
	29	31
	30	32
	32	33
	33	34
	34	35
	36	38
	37	39
	38	41
	39	45
	43	49
	44	50
	45	51
	46	52
	47	53
	49	55
	54	61
	55	62
	56	63
	58	65
	61	68
	62	69
	63	70
net/minecraft/client/renderer/entity/GhastRenderer	32	29
	32	29
	19	21
	20	21
	23	21
	10	13
	11	14
	28	25
	29	26
	14	17
	30	27
	15	18
	31	28
net/minecraft/client/renderer/debug/StructureRenderer	91	137
	65	110
	68	113
	69	114
	72	117
	73	118
	74	119
	77	122
	78	124
	79	125
	80	126
	81	127
	82	128
	84	130
	88	134
	89	135
	90	136
	91	137
	29	30
	30	31
	34	35
	35	36
	36	37
	38	38
	40	39
	42	40
	43	41
	44	42
	45	44
	50	64
	51	65
	52	66
	53	67
	54	68
	56	69
	57	70
	58	72
	60	90
net/minecraft/client/model/WardenModel	231	182
	41	40
	43	41
	44	42
	45	43
	46	44
	47	45
	48	46
	49	47
	50	48
	51	49
	52	50
	53	51
	54	52
	56	53
	57	54
	58	55
	59	56
	60	57
	63	60
	64	61
	66	62
	67	62
	68	62
	70	63
	71	64
	72	64
	73	64
	75	66
	76	67
	77	67
	80	69
	81	71
	82	71
	83	72
	86	74
	87	75
	88	75
	89	75
	92	77
	93	78
	94	78
	95	78
	98	80
	99	81
	100	81
	101	81
	104	83
	105	84
	106	84
	107	84
	110	86
	111	87
	112	87
	113	87
	116	89
	117	90
	118	90
	119	90
	122	92
	123	93
	124	93
	125	93
	128	95
	133	99
	135	100
	138	101
	139	102
	140	103
	141	104
	144	105
	145	106
	146	107
	147	108
	148	109
	149	110
	150	111
	153	114
	154	115
	155	116
	158	119
	159	120
	160	121
	163	122
	164	123
	166	124
	167	125
	168	126
	171	129
	172	130
	173	131
	174	132
	175	133
	177	134
	178	135
	180	136
	181	137
	183	138
	184	139
	186	140
	187	141
	189	142
	190	143
	192	144
	193	145
	196	148
	197	149
	198	150
	199	151
	201	152
	202	153
	203	154
	204	155
	205	156
	208	159
	209	160
	210	161
	211	162
	215	166
	219	170
	223	174
	227	178
	231	182
com/mojang/realmsclient/util/task/RestoreTask	64	73
	64	73
	14	17
	21	23
	22	24
	23	25
	24	26
	28	30
	29	31
	31	32
	33	36
	34	37
	36	40
	37	41
	38	42
	39	43
	41	46
	42	47
	43	48
	44	49
	45	50
	47	53
	48	55
	49	56
	50	57
	52	60
	53	61
	54	62
	55	63
	56	64
	57	65
	59	68
	60	69
	61	70
	62	54
net/minecraft/client/gui/font/glyphs/BakedGlyph	86	84
	77	75
	78	76
	79	77
	80	78
	81	79
	82	80
	83	81
	84	82
	21	24
	85	83
	22	25
	86	84
	23	26
	24	27
	25	28
	27	29
	28	30
	29	31
	30	32
	31	33
	34	36
	36	37
	37	38
	39	39
	40	40
	42	41
	43	42
	45	43
	46	44
	48	45
	49	46
	50	47
	51	48
	52	49
	55	52
	56	53
	57	54
	58	55
	59	56
	62	59
com/mojang/blaze3d/preprocessor/GlslPreprocessor	135	119
	129	113
	130	114
	131	115
	134	118
	135	119
	19	21
	20	23
	21	24
	24	27
	25	28
	27	29
	28	30
	32	34
	34	35
	36	36
	37	37
	38	38
	39	40
	40	41
	44	42
	45	43
	46	44
	47	45
	50	48
	54	49
	56	50
	57	51
	58	52
	59	53
	60	54
	63	57
	64	58
	65	59
	68	60
	70	61
	71	62
	73	65
	76	67
	77	68
	81	71
	82	72
	84	73
	87	78
	88	79
	89	80
	91	83
	95	87
	96	88
	97	89
	99	90
	101	90
	103	90
	106	92
	110	97
	111	98
	112	99
	113	99
	114	99
	116	100
	120	104
	124	108
	125	109
	126	110
com/mojang/realmsclient/dto/RegionPingResult	25	26
	16	17
	17	18
	20	21
	25	26
	15	16
net/minecraft/client/gui/screens/inventory/tooltip/BelowOrAboveWidgetTooltipPositioner	31	30
	17	19
	18	20
	19	21
	22	22
	23	23
	11	14
	27	26
	12	15
	28	27
	31	30
net/minecraft/client/gui/components/tabs/TabManager	60	64
	32	34
	35	37
	36	38
	37	39
	39	42
	40	43
	41	44
	42	45
	44	48
	45	49
	48	52
	52	56
	22	24
	23	25
	24	26
	56	60
	57	61
	58	62
	27	29
	28	30
	60	64
	29	31
	30	32
net/minecraft/client/renderer/blockentity/PistonHeadRenderer	76	85
	64	62
	67	65
	68	66
	70	67
	71	81
	76	85
	24	28
	25	29
	29	32
	30	33
	31	62
	33	34
	34	35
	35	36
	36	62
	39	37
	40	38
	41	39
	42	40
	44	41
	45	42
	46	43
	48	44
	49	45
	50	47
	51	48
	54	49
	55	50
	56	51
	57	52
	58	53
	60	55
	62	58
	63	59
net/minecraft/client/renderer/entity/BlazeRenderer	24	24
	19	20
	24	24
	11	13
	14	16
	15	17
net/minecraft/realms/package-info	0	0
net/minecraft/client/multiplayer/chat/package-info	0	0
com/mojang/realmsclient/gui/task/RepeatedDelayStrategy	40	42
	32	34
	37	39
	38	40
	39	41
	24	27
	40	42
	25	28
	10	13
	15	18
	31	33
net/minecraft/client/model/ShulkerBulletModel	47	50
	35	38
	40	43
	45	48
	46	49
	47	50
	19	20
	20	21
	21	22
	24	25
	25	26
	27	27
	28	29
	29	30
	30	32
	31	34
net/minecraft/client/model/ModelUtils	14	19
	7	9
	8	11
	9	12
	11	15
	12	16
	14	19
net/minecraft/client/renderer/entity/RenderLayerParent	0	0
net/minecraft/client/gui/screens/social/PlayerEntry	278	268
	256	251
	257	252
	259	253
	264	257
	265	258
	267	259
	268	260
	269	261
	270	262
	271	263
	272	264
	273	265
	274	266
	275	268
	276	268
	278	268
	31	32
	56	51
	57	52
	58	53
	59	54
	60	55
	61	56
	62	57
	63	58
	64	59
	65	60
	72	66
	73	67
	74	68
	75	69
	76	70
	79	75
	80	76
	81	77
	82	78
	84	79
	85	80
	86	81
	87	82
	89	83
	90	84
	92	85
	93	86
	94	87
	95	88
	96	89
	97	101
	98	102
	101	107
	104	110
	105	111
	106	112
	107	113
	108	114
	109	115
	112	118
	115	121
	116	122
	117	123
	118	124
	119	125
	120	126
	123	129
	126	132
	127	133
	129	134
	131	135
	132	136
	133	137
	134	138
	136	140
	138	142
	141	145
	142	146
	144	147
	145	148
	147	150
	148	151
	150	152
	152	152
	158	158
	159	159
	160	160
	163	161
	164	163
	165	164
	166	165
	168	167
	169	168
	170	169
	173	172
	175	173
	177	174
	178	175
	181	178
	182	179
	184	180
	185	181
	186	182
	187	183
	188	184
	189	185
	190	186
	191	187
	192	188
	194	189
	195	190
	199	194
	200	195
	202	197
	206	201
	211	206
	215	210
	219	214
	223	218
	224	219
	227	222
	231	226
	232	227
	233	228
	234	229
	236	231
	239	234
	243	238
	244	239
	245	240
	246	241
	249	244
	250	245
	251	246
	252	247
	255	250
net/minecraft/client/resources/model/BlockModelRotation	73	70
	65	62
	69	66
	73	70
	13	15
	14	16
	15	17
	16	18
	17	19
	18	20
	19	21
	20	22
	21	23
	22	24
	23	25
	24	26
	25	27
	26	28
	27	29
	28	30
	34	34
	39	40
	45	44
	47	45
	49	46
	51	48
	52	49
	55	52
	56	53
	59	56
	60	57
	61	58
com/mojang/blaze3d/vertex/PoseStack	102	102
	64	63
	67	66
	68	67
	71	70
	75	74
	13	15
	14	16
	15	17
	79	78
	16	18
	80	79
	17	19
	81	80
	82	81
	20	22
	21	23
	85	84
	86	85
	24	26
	25	27
	26	28
	29	31
	93	93
	30	32
	94	94
	95	95
	32	33
	34	34
	98	98
	35	35
	37	38
	102	102
	41	41
	42	42
	43	43
	45	44
	46	45
	47	46
	50	49
	51	50
	52	51
	53	52
	56	55
	57	56
	58	57
	59	58
	62	61
	63	62
net/minecraft/client/renderer/entity/ZombieRenderer	19	25
	16	22
	17	23
	19	25
	11	13
	12	14
	15	19
net/minecraft/client/KeyMapping	187	178
	130	128
	134	132
	135	133
	139	136
	140	137
	142	138
	15	17
	16	18
	17	19
	146	142
	147	143
	148	143
	150	143
	155	147
	28	27
	29	28
	30	29
	31	30
	159	151
	32	31
	33	32
	34	33
	35	34
	163	155
	36	35
	164	156
	166	157
	39	44
	40	45
	41	46
	170	161
	43	48
	46	51
	174	165
	47	52
	48	53
	50	55
	178	169
	54	58
	182	173
	55	59
	56	60
	186	177
	59	63
	187	178
	62	66
	63	67
	65	69
	68	72
	69	73
	70	74
	73	77
	76	80
	77	82
	78	83
	80	85
	90	88
	91	89
	94	92
	95	93
	96	94
	97	95
	99	96
	100	97
	101	98
	102	99
	105	102
	109	106
	113	110
	114	111
	116	114
	117	115
	121	119
	122	120
	123	121
	126	124
net/minecraft/client/gui/screens/VideoSettingsScreen	198	195
	24	26
	25	27
	26	28
	27	29
	28	30
	31	36
	32	37
	33	39
	34	41
	35	43
	36	45
	37	47
	38	49
	39	51
	40	53
	41	55
	42	57
	52	63
	53	64
	55	65
	56	66
	58	67
	61	70
	62	71
	66	75
	68	76
	70	77
	71	78
	73	80
	74	81
	76	83
	77	84
	80	88
	82	89
	84	91
	85	92
	87	94
	88	95
	91	96
	93	99
	94	100
	96	102
	97	105
	99	103
	100	105
	103	107
	104	108
	105	109
	107	110
	109	111
	110	112
	111	113
	112	114
	113	115
	114	116
	118	120
	119	121
	120	122
	122	125
	123	126
	127	130
	129	131
	130	132
	131	133
	134	136
	136	137
	138	138
	139	139
	140	140
	141	141
	144	144
	145	145
	146	146
	147	147
	150	150
	151	151
	152	152
	153	153
	156	156
	158	157
	159	158
	161	159
	162	160
	163	161
	166	162
	167	163
	168	164
	172	167
	174	169
	179	175
	180	176
	181	177
	182	178
	183	179
	184	180
	185	181
	186	182
	189	186
	191	188
	197	194
	198	195
net/minecraft/client/gui/screens/worldselection/SwitchGrid	178	182
	128	142
	129	143
	131	144
	133	145
	134	146
	136	147
	137	148
	138	149
	139	150
	142	153
	143	155
	145	158
	148	162
	149	164
	150	165
	152	168
	154	169
	155	170
	156	171
	157	172
	158	173
	159	174
	160	175
	161	176
	162	177
	163	178
	36	51
	164	178
	37	52
	165	178
	166	179
	40	55
	168	182
	41	56
	44	59
	45	60
	46	61
	174	105
	175	106
	176	107
	50	65
	178	109
	51	66
	55	70
	56	71
	60	75
	61	75
	63	76
	64	77
	66	78
	67	79
	68	81
	69	82
	72	85
	73	86
	74	87
	75	88
	76	89
	80	93
	81	94
	88	30
	89	31
	92	34
	93	35
	96	38
	110	124
	111	125
	112	126
	113	127
	114	128
	117	131
	118	132
	122	136
	123	137
	127	141
net/minecraft/client/renderer/blockentity/DecoratedPotRenderer	140	127
	128	115
	130	116
	131	117
	134	120
	135	121
	137	124
	138	125
	140	127
	51	49
	52	50
	53	51
	54	52
	56	53
	57	54
	58	55
	59	56
	60	57
	61	58
	64	61
	65	62
	67	63
	68	64
	70	65
	71	67
	72	68
	73	70
	74	72
	77	74
	78	75
	79	76
	81	77
	85	81
	86	82
	88	83
	90	84
	91	85
	92	86
	93	87
	95	88
	100	93
	101	94
	102	95
	104	98
	109	102
	111	103
	113	104
	114	105
	115	106
	117	107
	119	108
	120	109
	121	110
	123	111
	125	112
	126	113
	127	114
net/minecraft/client/gui/screens/SoundOptionsScreen	50	51
	32	32
	33	33
	35	34
	37	35
	38	36
	39	37
	40	38
	41	39
	44	44
	49	50
	18	20
	50	51
	19	20
	24	24
	25	25
	29	29
	30	30
	31	31
net/minecraft/client/telemetry/events/PerformanceMetricsEvent	57	60
	11	14
	18	21
	19	22
	21	24
	24	27
	25	28
	26	29
	27	30
	31	34
	32	35
	33	36
	34	37
	37	40
	38	41
	39	42
	40	43
	41	44
	45	48
	46	49
	47	50
	48	51
	49	52
	50	53
	51	54
	52	55
	53	56
	54	57
	57	60
net/minecraft/client/model/package-info	0	0
net/minecraft/client/gui/screens/recipebook/RecipeUpdateListener	0	0
com/mojang/realmsclient/dto/RealmsWorldResetDto	23	23
	19	19
	20	20
	21	21
	22	22
	23	23
net/minecraft/client/model/MinecartModel	65	60
	65	60
	16	18
	17	19
	20	22
	21	23
	23	24
	24	25
	25	26
	26	27
	28	28
	29	30
	30	30
	31	31
	35	33
	36	35
	37	35
	38	36
	40	38
	41	40
	42	40
	43	41
	45	43
	46	45
	47	45
	48	46
	50	48
	51	49
	52	49
	53	49
	56	51
	61	56
net/minecraft/client/gui/components/TabOrderedElement	5	9
	5	9
net/minecraft/client/gui/components/OptionsList	105	109
	66	70
	74	79
	75	80
	76	81
	79	84
	19	21
	83	88
	20	22
	84	89
	21	23
	85	90
	87	91
	24	26
	28	30
	92	96
	29	31
	93	97
	94	98
	95	99
	32	34
	96	100
	33	35
	35	37
	100	104
	39	41
	105	109
	44	46
	49	51
	50	52
	51	53
	52	54
	55	58
	59	62
	60	63
	61	64
	62	65
net/minecraft/client/particle/AttackSweepParticle	55	55
	33	34
	34	35
	35	39
	38	37
	39	39
	11	13
	43	43
	12	14
	13	15
	14	16
	15	17
	16	18
	17	19
	18	20
	50	51
	19	21
	51	52
	20	22
	55	55
	24	26
	29	31
	30	32
	31	33
net/minecraft/client/User	93	94
	66	68
	70	72
	74	77
	75	78
	76	79
	79	81
	84	85
	85	86
	24	26
	25	27
	89	90
	26	28
	27	29
	28	30
	29	31
	93	94
	30	32
	33	35
	37	39
	41	43
	45	47
	49	51
	53	55
	59	61
	60	62
	61	63
net/minecraft/client/gui/screens/inventory/SmokerScreen	14	17
	10	13
	13	16
	14	17
net/minecraft/client/multiplayer/chat/ChatListener	208	194
	130	123
	132	124
	133	125
	134	126
	135	127
	136	128
	138	130
	139	131
	140	132
	141	133
	145	137
	147	138
	148	139
	152	146
	153	147
	156	150
	157	150
	31	32
	32	33
	160	150
	35	36
	36	45
	164	154
	165	155
	166	156
	39	37
	41	38
	169	159
	42	40
	170	160
	43	41
	171	161
	46	45
	174	164
	175	174
	49	48
	178	165
	51	49
	179	166
	53	50
	181	168
	54	51
	182	169
	57	54
	185	172
	58	55
	186	174
	61	58
	189	177
	62	59
	190	178
	191	179
	192	179
	65	62
	195	179
	69	66
	70	67
	71	68
	199	183
	200	184
	201	185
	74	71
	203	187
	78	75
	208	194
	82	79
	83	80
	85	82
	87	84
	90	87
	91	88
	92	89
	94	90
	95	91
	96	92
	97	93
	98	94
	99	95
	101	98
	103	100
	106	103
	108	104
	109	105
	110	106
	111	107
	113	108
	115	109
	116	110
	118	112
	121	117
	122	118
	123	119
	126	122
	127	141
net/minecraft/client/telemetry/events/WorldUnloadEvent	44	44
	33	35
	34	36
	38	40
	39	40
	40	41
	41	42
	42	43
	43	43
	44	44
	14	15
	19	20
	20	21
	21	22
	23	24
	26	27
	27	28
	29	31
	30	32
net/minecraft/client/resources/language/ClientLanguage	76	74
	32	33
	34	35
	66	66
	35	36
	37	38
	39	40
	71	70
	40	41
	41	42
	42	43
	76	74
	46	48
	50	52
	51	53
	52	54
	21	23
	53	55
	54	56
	57	59
	27	28
	28	29
	29	30
	61	62
net/minecraft/client/gui/components/package-info	0	0
net/minecraft/client/particle/SquidInkParticle	63	63
	10	13
	11	14
	12	15
	14	16
	15	17
	17	18
	18	19
	20	20
	22	21
	23	22
	24	23
	25	24
	29	28
	30	29
	31	30
	32	31
	33	32
	35	35
	36	36
	39	39
	45	59
	46	60
	50	63
	58	46
	59	47
	63	50
net/minecraft/client/model/BatModel	125	96
	23	25
	24	26
	25	27
	26	28
	27	29
	28	30
	29	31
	30	32
	33	35
	34	36
	36	37
	37	38
	38	38
	41	40
	42	40
	43	40
	46	41
	47	41
	48	41
	52	42
	53	44
	54	44
	55	44
	59	47
	60	48
	61	48
	64	50
	65	51
	66	51
	67	51
	70	53
	71	54
	72	54
	75	56
	76	57
	77	57
	78	57
	81	59
	86	64
	91	68
	92	69
	93	70
	94	71
	96	72
	97	73
	98	74
	100	75
	102	76
	103	77
	104	78
	105	79
	106	80
	107	81
	109	83
	110	84
	111	85
	113	86
	114	87
	115	88
	117	89
	118	90
	120	91
	121	92
	122	93
	123	94
	125	96
net/minecraft/client/server/package-info	0	0
net/minecraft/client/gui/spectator/categories/package-info	0	0
net/minecraft/client/particle/DustColorTransitionParticle	49	62
	32	43
	36	47
	37	48
	38	49
	44	56
	45	57
	14	27
	16	28
	49	62
	18	29
	19	30
	20	31
	23	34
	27	38
	28	39
	29	40
	30	41
	31	42
net/minecraft/client/gui/screens/inventory/StonecutterScreen	189	179
	128	119
	129	120
	130	121
	131	122
	132	123
	133	124
	134	125
	138	129
	139	130
	140	131
	141	132
	17	19
	145	136
	150	141
	151	142
	152	143
	154	144
	155	145
	157	146
	159	147
	161	149
	36	35
	37	36
	38	37
	166	155
	39	38
	167	156
	168	157
	169	158
	170	159
	43	42
	44	43
	172	162
	45	44
	176	166
	49	48
	51	49
	52	50
	180	170
	53	51
	55	52
	56	53
	184	174
	185	175
	58	54
	186	176
	59	55
	187	177
	61	56
	189	179
	63	57
	64	58
	65	59
	69	63
	71	64
	72	65
	73	66
	75	67
	76	68
	77	70
	78	71
	80	72
	81	73
	82	74
	83	75
	87	79
	90	82
	91	83
	92	84
	93	85
	94	86
	96	87
	97	88
	98	89
	99	90
	100	91
	103	94
	105	96
	108	99
	109	101
	110	102
	111	103
	112	104
	113	105
	115	106
	117	108
	121	112
	122	113
	123	114
	124	115
	126	116
	127	118
net/minecraft/client/gui/navigation/FocusNavigationEvent	23	30
	16	22
	23	14
	9	30
net/minecraft/client/gui/spectator/package-info	0	0
com/mojang/blaze3d/platform/IconSet	43	44
	34	35
	38	39
	39	40
	40	41
	41	42
	43	44
	13	15
	14	16
	20	21
	21	22
	24	25
	25	26
	26	27
	27	28
	28	29
	29	30
net/minecraft/client/main/GameConfig	80	89
	67	42
	68	43
	69	44
	37	62
	70	45
	38	63
	71	46
	39	64
	40	65
	41	66
	74	49
	42	67
	80	73
	52	85
	53	86
	22	26
	54	87
	23	27
	55	88
	24	28
	56	89
	25	29
	26	30
	27	31
net/minecraft/client/renderer/RenderType	1101	1386
	1024	1318
	1025	1319
	1029	1323
	1030	1324
	1034	1328
	1035	1329
	1039	1333
	1040	1334
	1044	1338
	1045	1339
	22	1374
	23	1375
	24	1376
	1049	1343
	1050	1344
	1054	1348
	30	1381
	31	1382
	1058	1353
	35	1386
	1064	1130
	1065	1131
	1066	1137
	1067	1138
	1068	1139
	1069	1140
	1070	1141
	1071	1142
	48	29
	49	37
	50	38
	51	39
	52	40
	55	767
	1079	1160
	1080	1162
	1081	1164
	58	42
	1082	1166
	59	50
	1083	1167
	60	51
	61	52
	62	53
	1087	1171
	65	771
	68	55
	1092	1176
	69	63
	70	64
	71	65
	72	66
	1096	1180
	75	775
	1101	1185
	79	779
	80	780
	81	781
	82	782
	83	783
	84	784
	85	785
	88	69
	91	789
	95	793
	96	794
	97	795
	98	796
	99	797
	100	798
	101	799
	104	72
	107	803
	110	75
	113	807
	116	83
	117	85
	118	86
	119	87
	120	88
	121	89
	122	90
	123	91
	124	92
	125	93
	127	94
	131	811
	134	97
	135	99
	136	100
	137	101
	138	102
	139	103
	140	104
	141	105
	143	106
	147	815
	150	109
	151	111
	152	112
	153	113
	154	114
	155	115
	156	116
	157	117
	159	118
	163	819
	166	121
	167	123
	168	124
	169	125
	170	126
	171	127
	172	128
	173	129
	174	130
	176	131
	180	823
	184	827
	187	134
	188	136
	189	137
	190	138
	191	139
	192	140
	193	141
	194	142
	195	143
	196	144
	198	145
	202	831
	206	835
	209	148
	210	150
	211	151
	212	152
	213	153
	214	154
	215	155
	216	156
	217	157
	218	158
	220	159
	224	839
	227	162
	228	164
	229	165
	230	166
	231	167
	232	168
	233	169
	234	170
	236	171
	240	843
	243	174
	244	176
	245	177
	246	178
	247	179
	248	180
	249	181
	250	182
	251	183
	253	184
	257	847
	261	851
	264	187
	265	189
	266	190
	267	191
	268	192
	269	193
	270	194
	271	195
	272	196
	274	197
	278	855
	282	859
	285	200
	286	202
	287	203
	288	204
	289	205
	290	206
	291	207
	293	208
	297	863
	300	211
	301	213
	302	214
	303	215
	304	216
	305	217
	306	218
	308	219
	312	867
	315	222
	316	224
	317	225
	318	226
	319	227
	320	228
	321	229
	322	230
	323	231
	325	232
	329	871
	332	235
	333	237
	334	238
	335	239
	336	240
	337	241
	338	242
	339	243
	340	244
	341	245
	343	246
	347	875
	350	249
	351	251
	352	252
	353	253
	354	254
	355	255
	356	256
	357	257
	358	258
	359	259
	360	260
	361	261
	363	262
	367	879
	370	265
	371	267
	372	268
	373	269
	374	270
	375	271
	377	272
	381	883
	384	275
	385	277
	386	278
	387	286
	388	287
	389	288
	390	289
	391	290
	395	887
	400	891
	401	899
	402	900
	403	901
	404	902
	405	903
	406	904
	407	905
	408	906
	411	294
	412	300
	413	301
	414	302
	415	303
	416	304
	419	911
	422	306
	423	312
	424	313
	425	314
	426	315
	429	915
	433	919
	436	317
	437	323
	438	324
	439	325
	440	326
	441	327
	442	328
	443	329
	444	330
	445	331
	448	923
	451	333
	452	339
	453	340
	454	341
	455	342
	456	343
	457	344
	458	345
	459	346
	460	347
	463	927
	466	349
	467	355
	468	356
	469	357
	470	358
	471	359
	472	360
	473	361
	474	362
	475	363
	478	931
	481	365
	482	371
	483	372
	484	373
	485	374
	486	375
	487	376
	488	377
	489	378
	492	935
	495	380
	496	386
	497	387
	498	388
	499	389
	500	390
	501	391
	502	392
	503	393
	506	939
	509	395
	510	401
	511	402
	512	403
	513	404
	514	405
	515	406
	516	407
	517	408
	518	409
	521	943
	524	411
	525	417
	526	418
	527	419
	528	420
	529	421
	530	422
	531	423
	532	424
	535	947
	538	426
	539	428
	540	429
	541	437
	542	438
	543	439
	544	440
	545	441
	546	442
	550	951
	553	446
	554	447
	555	455
	556	456
	557	457
	558	458
	559	459
	563	955
	566	463
	567	462
	568	470
	569	471
	570	472
	571	473
	572	474
	575	959
	578	476
	579	477
	580	485
	581	486
	582	487
	583	488
	584	489
	588	963
	591	492
	592	493
	593	501
	594	502
	595	503
	596	504
	597	505
	598	506
	602	967
	605	509
	606	510
	607	518
	608	519
	609	520
	610	521
	611	522
	612	523
	616	971
	619	526
	620	527
	621	535
	622	536
	623	537
	624	538
	625	539
	626	540
	627	541
	631	975
	634	545
	635	544
	636	552
	637	553
	638	554
	639	555
	640	556
	641	557
	642	558
	645	979
	648	560
	649	561
	650	569
	651	570
	652	571
	653	572
	654	573
	655	574
	656	575
	660	983
	663	578
	664	586
	665	587
	666	588
	667	589
	668	590
	671	987
	675	991
	676	992
	677	993
	678	994
	679	995
	680	996
	681	997
	684	592
	687	1001
	690	593
	691	601
	692	602
	693	604
	694	605
	695	606
	696	608
	699	1005
	702	610
	703	618
	704	619
	705	621
	706	622
	707	623
	708	625
	711	1009
	714	627
	715	633
	716	634
	717	635
	718	636
	719	637
	720	638
	721	639
	722	640
	725	1013
	728	642
	729	648
	730	649
	731	650
	732	651
	733	652
	734	653
	735	654
	736	655
	739	1017
	742	657
	743	658
	744	664
	745	665
	746	666
	747	667
	748	668
	752	1021
	755	671
	756	679
	757	680
	758	681
	759	682
	762	1025
	765	684
	766	692
	767	693
	768	694
	769	695
	772	1029
	775	697
	776	705
	777	706
	778	707
	779	708
	780	709
	783	1033
	786	711
	787	717
	788	718
	789	719
	790	720
	793	1037
	796	722
	797	728
	798	729
	799	730
	800	731
	801	732
	804	1041
	807	734
	808	740
	809	741
	810	742
	811	743
	812	744
	815	1045
	818	746
	819	752
	820	753
	821	754
	822	755
	823	756
	826	1049
	829	758
	839	1053
	840	1054
	841	1055
	842	1056
	843	1057
	844	1058
	845	1059
	846	1060
	849	1065
	853	1071
	857	1075
	858	1085
	860	1076
	861	1077
	863	1080
	864	1081
	865	1082
	866	1083
	867	1085
	871	1089
	875	1093
	879	1097
	883	1101
	887	1105
	891	1109
	895	1113
	899	1117
	903	1121
	907	1125
	929	1223
	930	1224
	931	1225
	932	1226
	933	1227
	934	1228
	935	1229
	936	1230
	937	1231
	938	1232
	939	1233
	940	1234
	941	1235
	942	1236
	944	1237
	959	1252
	963	1256
	967	1260
	971	1265
	972	1266
	973	1267
	974	1268
	975	1269
	976	1270
	977	1271
	978	1272
	979	1273
	980	1274
	981	1275
	982	1276
	983	1277
	986	1280
	989	1283
	990	1284
	994	1288
	995	1289
	999	1293
	1000	1294
	1004	1298
	1005	1299
	1009	1303
	1010	1304
	1014	1308
	1015	1309
	1019	1313
	1020	1314
net/minecraft/client/renderer/texture/atlas/SpriteResourceLoader	80	83
	64	65
	65	66
	66	67
	70	71
	71	72
	72	74
	73	75
	74	76
	75	77
	76	78
	77	79
	80	83
	27	31
	29	32
	34	36
	35	37
	38	40
	39	41
	42	44
	43	45
	44	46
	46	48
	50	52
	51	54
	52	55
	53	56
	54	57
	55	58
	58	61
	61	63
	63	64
net/minecraft/client/gui/screens/LoadingDotsText	14	13
	4	8
	13	12
	14	13
net/minecraft/client/renderer/chunk/VisibilitySet	56	61
	9	11
	11	12
	14	15
	15	16
	16	17
	19	20
	22	23
	23	24
	24	25
	27	28
	28	29
	31	32
	36	37
	37	38
	38	40
	39	41
	41	44
	43	46
	44	47
	45	49
	46	50
	47	51
	49	53
	50	54
	53	58
	56	61
net/minecraft/client/renderer/entity/WardenRenderer	29	41
	11	14
	12	15
	13	16
	14	17
	15	18
	18	21
	20	22
	21	25
	22	32
	23	36
	24	37
	25	38
	29	41
com/mojang/blaze3d/platform/Lighting	35	36
	34	35
	35	36
	8	11
	9	12
	11	13
	12	14
	14	15
	15	16
	18	19
	19	20
	22	23
	23	24
	26	27
	27	28
	30	31
	31	32
net/minecraft/client/renderer/item/ClampedItemPropertyFunction	14	16
	14	16
net/minecraft/client/renderer/Rect2i	73	74
	64	65
	65	66
	68	69
	69	70
	70	71
	73	74
	10	14
	11	15
	12	16
	13	17
	14	18
	17	21
	18	22
	19	23
	20	24
	22	25
	23	26
	24	27
	25	28
	27	29
	28	30
	29	31
	30	32
	32	33
	36	37
	40	41
	44	45
	45	46
	48	49
	49	50
	52	53
	56	57
	60	61
	61	62
com/mojang/realmsclient/gui/RealmsServerList	40	38
	33	31
	34	32
	20	20
	21	21
	38	36
	39	37
	24	24
	40	38
	25	25
	27	26
	28	27
	30	28
net/minecraft/client/gui/components/Checkbox	67	65
	64	62
	65	63
	67	65
	14	17
	21	23
	22	24
	25	27
	26	28
	27	29
	28	30
	32	34
	33	35
	36	38
	41	43
	42	44
	43	45
	44	46
	46	48
	49	51
	53	55
	54	56
	55	57
	57	58
	59	59
	60	60
	62	61
net/minecraft/client/renderer/entity/PufferfishRenderer	57	54
	32	31
	37	35
	38	36
	39	37
	40	38
	41	39
	42	40
	44	42
	15	18
	48	46
	49	47
	50	48
	51	49
	23	25
	55	52
	56	53
	57	54
	26	26
	27	27
	28	28
net/minecraft/client/resources/metadata/animation/AnimationMetadataSection	68	59
	32	30
	33	31
	65	56
	34	32
	66	57
	68	59
	37	35
	38	36
	39	36
	43	36
	14	14
	46	39
	48	40
	17	17
	52	43
	53	44
	57	48
	29	27
	61	52
	30	28
	31	29
net/minecraft/client/renderer/entity/ItemEntityRenderer	115	105
	31	33
	32	34
	34	35
	35	36
	36	37
	39	40
	40	41
	41	42
	42	43
	43	44
	44	45
	45	46
	46	47
	47	48
	50	51
	55	55
	57	56
	59	57
	60	58
	62	59
	64	60
	65	61
	68	62
	69	63
	70	64
	71	65
	74	66
	75	67
	77	68
	78	69
	79	70
	81	71
	82	72
	83	73
	84	74
	85	75
	87	78
	88	79
	89	80
	90	81
	91	82
	92	83
	93	84
	94	85
	96	87
	97	88
	98	89
	101	93
	103	94
	104	95
	105	96
	108	100
	110	101
	111	102
	115	105
net/minecraft/client/gui/screens/inventory/BookEditScreen	730	693
	514	484
	515	485
	516	485
	517	485
	519	486
	523	490
	524	491
	527	494
	528	495
	529	496
	530	497
	531	498
	533	501
	537	505
	538	506
	539	507
	542	510
	546	514
	547	515
	550	518
	551	519
	552	520
	555	523
	556	524
	557	525
	559	528
	48	46
	560	529
	49	47
	50	48
	562	530
	51	49
	563	531
	564	532
	565	533
	566	534
	567	535
	568	536
	569	537
	570	538
	571	539
	572	540
	573	541
	574	542
	575	543
	576	544
	578	545
	68	63
	580	546
	583	548
	72	66
	584	549
	73	66
	586	551
	587	552
	76	66
	588	553
	591	556
	593	557
	594	558
	595	559
	597	560
	598	561
	599	562
	600	563
	601	564
	602	565
	604	567
	605	568
	606	570
	607	571
	608	572
	97	83
	609	573
	98	84
	610	574
	99	85
	100	86
	612	577
	102	87
	103	88
	104	89
	616	581
	107	92
	108	93
	620	585
	621	586
	622	586
	111	96
	112	97
	624	586
	115	100
	116	101
	629	590
	118	103
	630	591
	632	592
	121	106
	633	593
	635	594
	125	110
	639	598
	640	599
	130	115
	642	600
	131	116
	643	601
	132	117
	645	602
	646	603
	136	121
	648	604
	138	122
	139	123
	140	124
	141	125
	142	126
	143	127
	144	128
	656	691
	145	129
	657	692
	658	693
	147	130
	148	131
	149	132
	150	133
	152	135
	153	136
	154	137
	155	138
	157	141
	669	677
	158	142
	670	678
	671	679
	160	143
	672	680
	161	144
	673	681
	674	682
	163	145
	164	146
	166	147
	678	610
	167	148
	170	151
	171	152
	173	155
	174	156
	175	157
	689	620
	178	160
	690	621
	179	161
	691	622
	692	623
	181	163
	693	624
	182	164
	694	625
	183	165
	695	626
	186	169
	698	629
	187	170
	699	630
	188	171
	700	631
	702	634
	191	174
	703	635
	192	175
	705	638
	194	176
	706	639
	195	177
	196	178
	197	179
	198	180
	710	643
	199	181
	711	644
	713	646
	202	184
	714	647
	203	186
	715	648
	204	187
	716	649
	206	189
	718	651
	720	654
	209	192
	210	198
	724	658
	213	193
	725	659
	216	194
	729	663
	218	195
	730	664
	219	196
	220	198
	223	201
	224	202
	225	203
	226	204
	229	207
	230	208
	231	209
	233	211
	236	214
	237	218
	239	215
	240	216
	241	218
	245	222
	246	223
	249	224
	250	225
	252	227
	253	228
	254	229
	255	230
	257	232
	263	239
	264	240
	267	243
	268	244
	269	245
	270	246
	271	247
	272	248
	274	250
	276	252
	277	253
	278	254
	279	255
	281	257
	287	262
	288	263
	289	264
	290	267
	291	268
	292	269
	293	272
	294	273
	295	274
	296	277
	297	278
	298	279
	301	282
	303	283
	305	289
	306	290
	308	292
	309	293
	312	286
	313	287
	315	298
	316	299
	318	295
	319	296
	321	304
	322	305
	324	301
	325	302
	327	307
	328	308
	330	310
	331	311
	333	313
	334	314
	336	316
	337	317
	341	319
	345	324
	346	325
	349	328
	350	329
	353	332
	354	333
	355	334
	356	335
	359	338
	360	339
	362	341
	363	342
	364	343
	366	345
	369	348
	370	349
	372	351
	373	352
	374	353
	375	354
	377	356
	380	359
	382	369
	383	370
	384	371
	385	372
	388	362
	389	363
	390	364
	392	367
	397	374
	401	379
	402	379
	404	379
	408	383
	409	384
	410	385
	411	386
	413	388
	417	392
	420	393
	422	394
	423	395
	424	396
	426	397
	427	398
	428	400
	430	402
	431	403
	433	404
	434	405
	435	406
	436	407
	438	408
	440	410
	441	411
	443	412
	444	414
	445	415
	447	418
	448	419
	451	422
	452	423
	455	426
	456	427
	457	428
	458	429
	460	431
	463	434
	466	437
	467	438
	468	439
	469	440
	470	441
	471	442
	473	444
	476	447
	480	451
	485	456
	486	457
	489	460
	490	461
	492	462
	493	463
	494	464
	495	465
	496	467
	497	468
	499	470
	502	466
	504	473
	506	476
	507	477
	510	480
net/minecraft/client/gui/screens/packs/PackSelectionModel	269	270
	131	130
	259	260
	136	135
	264	265
	265	266
	141	140
	269	270
	146	145
	151	150
	156	155
	31	31
	32	32
	33	33
	161	160
	34	34
	36	35
	37	36
	165	164
	38	37
	166	165
	39	38
	167	166
	40	39
	168	167
	169	168
	170	169
	43	42
	173	172
	174	173
	47	46
	175	174
	177	176
	51	50
	52	51
	180	179
	181	180
	182	181
	55	54
	183	182
	56	55
	184	183
	57	56
	185	184
	60	59
	189	188
	62	60
	190	189
	191	190
	64	61
	65	62
	66	63
	67	64
	196	195
	197	196
	201	200
	202	201
	203	202
	208	207
	209	208
	83	81
	214	214
	215	215
	219	219
	224	224
	101	99
	229	229
	105	103
	234	234
	238	238
	239	239
	244	245
	117	116
	245	246
	118	117
	249	250
	126	125
	254	255
com/mojang/realmsclient/client/package-info	0	0
net/minecraft/client/gui/components/toasts/TutorialToast	91	92
	64	65
	67	68
	68	69
	71	73
	72	74
	73	75
	74	76
	75	77
	76	78
	77	79
	84	85
	85	86
	86	87
	89	90
	90	91
	27	28
	91	92
	28	29
	29	30
	30	31
	31	32
	35	36
	36	37
	38	38
	39	39
	41	41
	42	42
	45	45
	46	46
	47	47
	49	49
	50	50
	52	52
	54	55
	55	56
	56	57
	59	60
	63	64
net/minecraft/client/gui/screens/inventory/tooltip/ClientBundleTooltip	120	121
	13	15
	26	25
	27	26
	28	27
	32	31
	37	36
	42	41
	43	42
	45	43
	46	44
	47	46
	48	47
	49	48
	50	49
	51	50
	54	54
	55	55
	58	58
	59	59
	60	69
	62	61
	63	62
	64	63
	65	64
	66	65
	67	66
	69	69
	72	72
	73	73
	76	75
	77	76
	78	77
	80	80
	81	81
	82	82
	85	85
	86	86
	87	87
	90	90
	91	91
	94	94
	98	98
	102	103
	103	104
	104	105
	105	106
	106	107
	107	108
	108	109
	116	117
	117	118
	118	119
	119	120
	120	121
com/mojang/realmsclient/gui/task/DataFetcher	174	176
	128	66
	129	67
	130	68
	131	69
	133	71
	136	74
	137	75
	138	76
	139	77
	141	79
	144	82
	145	83
	146	84
	23	21
	153	92
	154	93
	155	94
	156	95
	30	27
	31	28
	159	98
	32	29
	160	99
	33	30
	162	101
	36	33
	37	34
	165	104
	38	35
	166	105
	40	37
	168	107
	171	110
	44	42
	172	111
	174	113
	64	133
	65	134
	66	135
	67	136
	68	137
	71	140
	72	141
	73	142
	75	143
	77	146
	78	147
	79	148
	80	148
	81	149
	82	150
	83	151
	84	151
	85	152
	86	153
	87	154
	88	155
	91	158
	92	159
	94	161
	95	162
	96	163
	97	164
	98	165
	99	166
	103	170
	106	173
	107	174
	108	175
	109	176
	118	56
	119	57
	120	58
	123	61
	124	62
	125	63
net/minecraft/client/renderer/block/model/multipart/AndCondition	25	25
	18	19
	19	20
	23	24
	25	25
net/minecraft/client/renderer/entity/EntityRenderer	120	105
	64	64
	68	68
	69	71
	72	69
	73	71
	76	74
	82	80
	86	84
	88	85
	89	105
	92	86
	29	29
	30	30
	94	87
	31	31
	95	88
	97	89
	34	34
	35	35
	99	90
	100	91
	102	92
	39	39
	104	93
	106	94
	43	43
	107	95
	44	43
	109	96
	46	43
	111	97
	113	98
	50	47
	51	48
	115	99
	116	100
	53	51
	54	52
	119	103
	56	55
	120	105
	57	56
	58	57
	60	60
net/minecraft/client/renderer/entity/SkeletonRenderer	34	36
	18	23
	34	36
	20	24
	21	26
	22	26
	23	26
	25	29
	11	14
	29	32
	14	17
	15	18
net/minecraft/client/particle/PortalParticle	103	98
	12	15
	14	16
	15	17
	16	18
	17	19
	18	20
	19	21
	20	22
	21	23
	22	24
	24	25
	26	26
	27	27
	28	28
	29	29
	31	30
	32	31
	36	35
	41	40
	42	41
	43	42
	47	46
	48	47
	49	48
	50	49
	51	50
	56	55
	58	56
	59	57
	60	58
	62	59
	63	60
	64	61
	65	62
	66	63
	68	66
	73	71
	74	72
	75	73
	77	74
	78	75
	79	85
	82	77
	83	78
	84	79
	85	80
	87	81
	88	82
	89	83
	90	85
	96	92
	97	93
	101	96
	102	97
	103	98
net/minecraft/client/gui/screens/PresetFlatWorldScreen	329	351
	256	274
	257	278
	259	282
	262	285
	266	288
	267	289
	268	290
	272	294
	273	295
	275	298
	276	298
	277	299
	280	302
	284	307
	290	312
	291	313
	292	314
	293	315
	294	316
	298	320
	299	321
	300	322
	46	48
	304	326
	305	327
	307	330
	311	334
	56	56
	312	335
	57	57
	313	336
	314	337
	315	338
	318	341
	320	342
	321	343
	68	67
	324	346
	69	68
	325	347
	70	69
	329	351
	74	73
	78	76
	79	77
	81	80
	82	81
	83	82
	84	83
	88	86
	89	87
	92	90
	93	91
	97	95
	98	96
	99	97
	100	98
	103	101
	104	102
	105	103
	108	105
	112	110
	113	111
	114	112
	116	114
	117	115
	118	116
	119	117
	121	120
	122	121
	125	124
	129	135
	130	136
	131	137
	134	140
	136	141
	137	142
	140	145
	141	146
	142	147
	143	148
	144	149
	145	150
	146	151
	147	152
	148	153
	149	154
	153	158
	157	162
	159	164
	160	165
	161	166
	163	169
	166	172
	167	174
	169	176
	174	181
	175	182
	177	183
	178	184
	179	185
	180	186
	181	187
	183	188
	184	189
	185	190
	186	191
	187	192
	188	193
	189	194
	191	195
	192	196
	194	197
	195	202
	196	204
	197	205
	198	206
	199	212
	201	214
	202	215
	207	219
	212	224
	213	225
	214	226
	215	227
	219	231
	220	232
	224	236
	226	237
	228	238
	229	239
	231	240
	232	241
	233	242
	235	243
	237	244
	238	245
	239	246
	243	250
	244	251
	245	252
	248	255
	249	256
	253	262
	254	265
	255	272
net/minecraft/client/renderer/texture/PreloadedTexture	42	45
	32	35
	37	40
	38	41
	39	42
	42	45
	17	19
	18	20
	19	21
	23	25
	24	26
	25	27
	26	28
	28	30
com/mojang/realmsclient/util/task/ResettingTemplateWorldTask	19	22
	18	21
	19	22
	12	15
	13	16
	14	17
net/minecraft/client/gui/font/providers/BitmapProvider	227	216
	131	131
	132	133
	133	134
	135	135
	136	136
	138	137
	139	138
	141	139
	143	140
	145	142
	146	143
	147	145
	148	146
	149	147
	152	148
	154	149
	155	150
	156	151
	31	32
	161	157
	37	37
	38	38
	166	163
	39	39
	167	163
	168	164
	169	166
	170	167
	43	43
	44	44
	172	168
	173	169
	49	49
	177	174
	54	54
	63	59
	65	60
	66	61
	194	183
	68	63
	69	64
	199	188
	72	67
	202	191
	75	69
	76	71
	77	72
	79	75
	207	196
	84	91
	212	201
	86	92
	87	93
	217	206
	90	96
	91	97
	93	98
	94	99
	222	211
	223	212
	97	102
	98	103
	99	104
	227	216
	100	106
	103	111
	106	79
	107	80
	108	81
	109	82
	110	83
	111	85
	114	115
	115	116
	117	117
	122	122
	127	127
net/minecraft/client/gui/components/DebugScreenOverlay	612	623
	513	535
	514	536
	515	537
	516	538
	518	539
	519	540
	520	541
	522	543
	523	544
	524	545
	527	548
	528	549
	529	550
	531	551
	532	552
	533	553
	536	556
	537	557
	538	558
	539	559
	540	560
	541	561
	542	562
	549	565
	550	565
	552	565
	556	569
	557	570
	558	571
	559	572
	560	573
	561	574
	562	575
	563	576
	564	577
	565	578
	566	579
	567	580
	568	581
	572	585
	577	591
	579	592
	580	593
	581	594
	582	595
	73	74
	585	598
	74	75
	75	76
	587	599
	76	77
	588	600
	77	78
	78	79
	79	80
	591	603
	80	81
	595	604
	596	605
	597	606
	598	607
	601	610
	602	611
	603	612
	604	613
	96	98
	608	617
	97	99
	609	619
	98	100
	610	620
	99	101
	612	623
	102	104
	103	105
	104	106
	107	109
	109	110
	111	111
	112	112
	114	113
	115	114
	116	115
	118	116
	119	117
	121	118
	122	119
	123	120
	124	121
	127	124
	137	125
	138	126
	141	129
	143	130
	144	131
	145	132
	146	139
	148	140
	149	141
	152	144
	154	145
	155	146
	158	149
	159	151
	160	152
	161	153
	162	154
	163	155
	164	156
	165	157
	168	161
	169	162
	170	163
	171	164
	172	165
	173	166
	174	167
	177	170
	182	173
	183	174
	184	175
	185	176
	186	178
	187	179
	189	181
	192	184
	193	185
	194	186
	195	188
	198	196
	199	197
	200	198
	201	199
	203	201
	207	205
	208	206
	210	208
	212	209
	215	210
	218	211
	221	212
	224	213
	228	215
	229	216
	230	217
	231	218
	234	221
	235	222
	236	223
	237	225
	240	234
	241	235
	242	236
	243	237
	246	239
	247	240
	248	241
	251	244
	252	245
	253	246
	254	255
	255	267
	256	280
	258	283
	259	284
	260	285
	262	287
	263	288
	264	289
	265	290
	266	291
	275	292
	276	294
	277	295
	278	296
	281	300
	283	301
	284	302
	285	304
	286	305
	287	306
	288	307
	289	308
	291	310
	295	315
	297	316
	298	317
	302	318
	303	319
	304	320
	305	321
	306	322
	309	325
	310	326
	312	337
	313	338
	317	342
	318	343
	319	344
	321	345
	322	346
	323	347
	324	348
	325	349
	326	350
	328	351
	329	352
	330	353
	331	354
	332	360
	334	364
	338	368
	339	369
	340	370
	343	373
	345	376
	349	380
	354	385
	355	386
	356	386
	359	386
	364	391
	365	392
	366	392
	368	392
	372	396
	373	398
	380	405
	381	406
	382	407
	383	410
	386	413
	387	414
	390	418
	394	422
	395	423
	397	426
	402	430
	403	431
	404	432
	405	433
	407	434
	408	435
	409	436
	410	437
	411	438
	413	440
	415	443
	416	445
	417	446
	420	448
	421	449
	424	452
	425	453
	426	454
	428	455
	429	456
	430	457
	432	459
	433	460
	436	463
	439	466
	440	467
	441	468
	442	469
	443	470
	444	471
	446	473
	447	474
	450	477
	453	480
	454	481
	455	482
	456	483
	457	484
	460	487
	464	491
	465	492
	466	493
	468	494
	469	495
	470	496
	471	497
	474	500
	478	504
	479	505
	480	506
	481	507
	482	508
	484	509
	485	510
	487	511
	489	512
	490	513
	491	514
	493	516
	494	517
	495	518
	496	519
	497	520
	500	523
	501	524
	503	526
	504	527
	505	528
	506	529
	507	530
	509	531
	510	532
net/minecraft/client/particle/TrackingEmitter	48	51
	32	35
	33	36
	34	37
	35	38
	36	39
	39	40
	40	41
	41	42
	42	43
	44	47
	45	48
	46	49
	15	18
	16	19
	48	51
	19	22
	20	23
	23	26
	24	27
	25	28
	26	29
	27	30
	28	31
net/minecraft/client/model/geom/builders/CubeDefinition	34	51
	34	51
	23	39
	24	40
	25	41
	26	42
	27	43
	28	44
	29	45
	30	46
	31	47
net/minecraft/client/gui/screens/ChatOptionsScreen	21	36
	16	27
	17	29
	18	31
	19	33
	21	36
	10	12
	11	17
	12	19
	13	21
	14	23
	15	25
net/minecraft/client/particle/RisingParticle	17	19
	16	18
	17	19
	7	10
	8	11
	9	12
	10	13
	11	14
	12	15
	13	16
	14	17
net/minecraft/client/gui/layouts/LayoutElement	28	30
	22	24
	26	28
	27	29
	28	30
com/mojang/blaze3d/audio/OggAudioStream	235	229
	33	199
	34	200
	35	201
	38	204
	39	205
	42	208
	43	209
	44	210
	45	211
	48	214
	49	215
	50	216
	51	217
	54	220
	56	221
	57	222
	60	225
	61	226
	62	227
	63	228
	64	229
	74	31
	76	32
	77	34
	78	35
	79	36
	80	38
	81	39
	82	40
	84	43
	85	44
	86	45
	87	46
	88	47
	90	48
	91	49
	92	50
	93	51
	96	55
	98	56
	100	57
	101	58
	103	60
	106	63
	107	64
	108	65
	109	66
	112	69
	113	70
	114	71
	115	72
	117	75
	118	76
	119	77
	120	78
	121	79
	122	80
	127	84
	128	85
	130	86
	131	87
	132	88
	134	90
	135	91
	136	92
	138	93
	139	94
	141	96
	144	99
	145	100
	148	103
	149	104
	150	105
	151	106
	154	109
	155	110
	157	111
	158	112
	159	113
	160	114
	166	118
	167	119
	170	122
	171	123
	176	124
	177	125
	178	126
	179	127
	180	128
	181	131
	182	135
	183	136
	185	132
	189	115
	194	144
	195	145
	197	147
	200	150
	201	151
	202	152
	204	154
	208	158
	209	159
	210	160
	212	163
	213	164
	214	165
	218	169
	223	174
	224	176
	227	179
	231	183
	232	185
	235	188
net/minecraft/client/renderer/entity/MinecartRenderer	118	107
	20	23
	26	28
	27	29
	28	30
	29	31
	30	32
	34	35
	36	36
	38	37
	39	38
	41	39
	42	40
	43	41
	45	42
	47	43
	48	44
	49	45
	51	46
	53	47
	55	48
	57	49
	58	50
	59	51
	60	52
	61	53
	63	56
	64	57
	67	60
	69	61
	70	62
	71	63
	72	64
	73	65
	76	69
	78	70
	79	71
	80	72
	81	73
	82	74
	83	75
	85	78
	86	79
	88	82
	90	83
	91	84
	92	85
	94	86
	96	87
	97	88
	98	89
	99	90
	101	91
	104	94
	105	95
	106	96
	107	97
	108	98
	109	99
	113	102
	117	106
	118	107
com/mojang/realmsclient/util/package-info	0	0
net/minecraft/client/multiplayer/chat/report/ReportEnvironment	66	61
	65	60
	34	37
	66	61
	35	37
	37	37
	42	42
	43	42
	13	16
	45	42
	17	20
	49	46
	51	47
	52	48
	21	24
	53	49
	56	52
	25	28
	29	32
net/minecraft/client/renderer/entity/ShulkerRenderer	68	61
	65	58
	66	59
	35	39
	67	60
	36	39
	68	61
	39	39
	40	40
	41	41
	42	42
	44	43
	45	44
	46	45
	19	22
	51	49
	20	26
	23	30
	55	53
	56	53
	25	31
	26	32
	58	53
	30	35
	63	57
net/minecraft/client/gui/spectator/categories/SpectatorPage	29	26
	16	17
	17	18
	18	19
	21	22
	22	22
	25	22
	29	26
net/minecraft/client/gui/package-info	0	0
net/minecraft/client/searchtree/package-info	0	0
net/minecraft/client/gui/navigation/ScreenAxis	30	33
	16	19
	17	20
	18	21
	23	26
	24	27
	9	12
	25	28
	10	13
	11	14
	30	33
net/minecraft/client/renderer/entity/ExperienceOrbRenderer	81	76
	65	57
	66	58
	67	59
	68	60
	70	61
	72	62
	73	63
	76	66
	77	73
	81	76
	18	20
	19	21
	22	24
	23	25
	24	26
	25	27
	29	30
	34	34
	36	35
	37	36
	38	37
	39	38
	40	39
	42	40
	43	41
	44	42
	46	43
	47	44
	48	45
	49	46
	50	47
	52	48
	53	49
	54	50
	56	51
	57	52
	59	53
	61	54
	62	55
	63	56
net/minecraft/client/renderer/entity/DrownedRenderer	40	42
	32	35
	34	36
	35	37
	36	38
	37	39
	38	40
	40	42
	14	17
	17	20
	18	22
	19	23
	20	24
	22	26
	23	27
	27	31
net/minecraft/client/gui/screens/ProgressScreen	82	76
	64	60
	65	61
	66	62
	69	76
	72	65
	74	66
	75	67
	77	70
	78	71
	81	74
	82	76
	21	22
	22	23
	23	24
	27	28
	32	33
	37	37
	38	38
	42	41
	43	42
	44	43
	48	46
	49	47
	50	48
	54	51
	55	52
	59	55
	60	56
com/mojang/blaze3d/Blaze3D	25	26
	16	18
	17	19
	21	22
	22	23
	25	26
	12	14
	13	15
net/minecraft/realms/RealmsObjectSelectionList	73	71
	68	66
	37	37
	72	70
	73	71
	10	12
	42	42
	11	13
	14	16
	15	17
	16	18
	48	47
	17	19
	49	48
	19	21
	53	52
	22	24
	23	25
	26	28
	58	57
	31	32
	63	62
net/minecraft/client/ParticleStatus	35	34
	35	34
	20	21
	21	22
	22	23
	9	12
	10	13
	26	26
	11	14
	14	16
	31	30
net/minecraft/client/model/FoxModel	203	171
	31	31
	32	32
	33	33
	34	34
	35	35
	36	36
	37	37
	38	38
	39	39
	42	42
	43	43
	45	44
	46	45
	47	45
	48	45
	50	47
	51	47
	52	47
	55	48
	56	48
	57	48
	60	49
	61	49
	62	49
	66	50
	67	52
	68	52
	69	53
	71	55
	72	56
	73	56
	74	57
	75	57
	77	58
	79	59
	80	60
	81	61
	82	62
	83	64
	84	64
	85	65
	88	67
	93	71
	94	72
	96	73
	97	74
	98	75
	99	76
	101	77
	102	78
	103	79
	105	80
	106	81
	107	82
	108	83
	109	84
	110	85
	111	86
	112	87
	114	88
	115	89
	116	90
	117	91
	118	92
	119	93
	120	94
	121	95
	122	96
	123	97
	124	98
	125	99
	126	100
	128	103
	129	104
	130	105
	131	106
	133	107
	134	108
	135	109
	136	110
	137	111
	138	112
	139	113
	140	114
	141	115
	142	116
	143	117
	144	118
	146	119
	147	120
	150	123
	151	124
	152	125
	153	126
	155	127
	156	128
	158	130
	162	134
	167	139
	172	143
	173	144
	174	145
	178	148
	179	149
	180	150
	181	151
	185	154
	186	155
	187	156
	188	157
	189	158
	190	159
	191	160
	195	163
	196	164
	197	165
	198	166
	199	167
	200	168
	201	169
	203	171
net/minecraft/client/gui/components/LerpingBossEvent	36	40
	34	38
	35	39
	36	40
	16	22
	17	23
	18	24
	19	25
	20	26
	21	27
	22	28
	23	29
	27	32
	28	33
	29	34
	30	35
net/minecraft/client/multiplayer/resolver/ServerRedirectHandler	52	50
	32	30
	33	31
	34	32
	35	33
	36	34
	39	37
	40	38
	42	40
	43	41
	44	42
	46	43
	47	44
	16	17
	49	46
	18	18
	52	50
	25	25
	27	26
	29	27
	30	28
	31	29
net/minecraft/client/particle/SonicBoomParticle	25	26
	20	22
	21	23
	8	11
	25	26
	10	12
	11	13
	13	14
	14	15
net/minecraft/client/renderer/entity/WitchRenderer	36	34
	17	19
	18	20
	34	32
	35	33
	36	34
	22	23
	24	24
	25	25
	12	15
	29	28
	15	18
net/minecraft/client/renderer/entity/PhantomRenderer	38	36
	32	31
	36	34
	37	35
	38	36
	12	15
	15	18
	17	19
	18	20
	22	23
	27	27
	28	28
	29	29
	31	30
net/minecraft/client/particle/GlowParticle	181	161
	134	57
	135	58
	10	12
	139	61
	140	62
	142	63
	15	16
	16	17
	17	18
	18	19
	20	20
	148	64
	149	65
	22	21
	150	66
	23	22
	151	67
	24	23
	28	27
	160	106
	33	32
	161	107
	34	33
	35	34
	37	35
	165	110
	38	36
	166	111
	39	37
	167	112
	40	38
	41	39
	169	114
	43	42
	172	117
	48	47
	49	48
	50	49
	178	118
	179	119
	180	120
	181	121
	56	76
	57	77
	61	81
	62	83
	63	84
	65	86
	67	89
	68	90
	69	91
	70	92
	72	95
	73	96
	82	151
	83	152
	87	155
	88	156
	90	157
	96	158
	97	159
	98	160
	99	161
	108	131
	109	132
	113	135
	114	136
	116	137
	122	138
	123	139
	124	140
	125	141
net/minecraft/client/model/AgeableListModel	65	66
	65	66
	22	23
	23	24
	26	27
	27	28
	30	31
	31	32
	32	33
	33	34
	34	35
	35	36
	36	37
	37	38
	40	41
	41	42
	45	46
	46	47
	47	48
	48	49
	49	50
	51	53
	52	54
	53	55
	55	56
	56	57
	57	58
	58	59
	59	60
	60	61
	62	63
	63	64
net/minecraft/client/renderer/entity/LightningBoltRenderer	128	114
	128	114
	15	18
	16	19
	20	22
	21	23
	22	24
	23	25
	25	26
	26	28
	27	29
	28	30
	29	31
	30	32
	34	35
	35	36
	36	38
	37	39
	38	41
	39	42
	40	43
	41	44
	42	45
	44	48
	45	49
	47	52
	48	53
	49	55
	50	56
	51	57
	52	58
	53	59
	54	60
	56	62
	57	63
	60	66
	61	67
	62	68
	63	69
	65	70
	66	71
	67	72
	70	75
	71	76
	72	77
	75	80
	76	81
	77	82
	78	83
	82	87
	85	107
	86	107
	88	107
	90	107
	92	107
	93	107
	95	108
	96	108
	98	108
	100	108
	102	108
	103	108
	105	109
	106	109
	108	109
	110	109
	112	109
	113	109
	115	110
	116	110
	118	110
	120	110
	122	110
	123	110
	124	111
com/mojang/blaze3d/platform/VideoMode	135	138
	129	131
	131	134
	135	138
	22	25
	23	26
	24	27
	25	28
	26	29
	27	30
	28	31
	31	34
	32	35
	33	36
	34	37
	35	38
	36	39
	37	40
	40	43
	41	44
	42	45
	43	46
	44	47
	45	48
	46	49
	49	52
	53	56
	57	60
	61	64
	65	68
	69	72
	74	77
	75	78
	77	79
	78	88
	80	80
	81	81
	92	94
	97	99
	100	22
	103	103
	104	104
	108	108
	109	109
	110	110
	111	111
	112	112
	114	114
	115	115
	117	117
	119	120
	121	122
	122	123
	124	125
	126	128
	127	129
net/minecraft/client/renderer/BlockEntityWithoutLevelRenderer	176	174
	128	123
	129	124
	130	125
	131	126
	132	127
	133	128
	134	129
	135	131
	136	135
	137	136
	138	137
	140	139
	143	132
	145	143
	146	174
	149	146
	150	147
	152	148
	153	149
	155	150
	157	151
	158	153
	160	154
	161	156
	162	158
	164	160
	167	163
	168	164
	169	165
	170	166
	172	168
	173	170
	174	171
	176	174
	59	62
	60	64
	78	79
	79	80
	80	81
	84	84
	85	85
	86	86
	87	87
	90	90
	92	91
	93	92
	94	93
	95	94
	96	95
	97	96
	99	97
	100	98
	101	99
	102	100
	103	101
	104	102
	105	102
	110	106
	111	107
	112	108
	113	109
	114	174
	117	111
	118	113
	119	114
	120	115
	121	116
	122	117
	123	118
	124	119
	125	120
	126	121
	127	122
net/minecraft/client/resources/language/package-info	0	0
net/minecraft/client/gui/screens/social/SocialInteractionsScreen	275	264
	256	243
	257	244
	258	245
	260	248
	261	249
	263	251
	265	254
	267	256
	270	259
	271	260
	274	263
	275	264
	28	29
	30	30
	31	31
	32	32
	33	33
	34	34
	35	35
	36	36
	37	39
	38	40
	39	41
	40	42
	55	54
	57	55
	69	66
	70	67
	71	68
	74	71
	78	75
	82	79
	87	84
	88	85
	90	86
	95	91
	96	92
	97	93
	101	97
	102	98
	104	100
	107	103
	108	104
	109	105
	111	106
	112	107
	113	108
	115	109
	116	111
	117	114
	119	116
	120	117
	123	120
	124	121
	126	122
	129	125
	130	126
	131	127
	132	128
	133	129
	134	130
	136	131
	137	132
	139	133
	140	133
	141	134
	142	135
	144	138
	145	139
	147	140
	148	141
	149	142
	152	145
	153	146
	154	147
	155	148
	156	149
	157	150
	159	152
	160	153
	161	154
	162	155
	164	157
	165	158
	166	159
	167	160
	168	161
	170	163
	171	164
	172	165
	173	166
	174	167
	178	170
	179	171
	180	172
	181	173
	182	174
	183	175
	184	176
	185	177
	188	180
	192	184
	194	185
	196	186
	198	187
	199	188
	203	192
	204	193
	206	194
	207	195
	210	198
	211	199
	212	200
	213	201
	214	202
	215	203
	216	204
	217	205
	220	208
	222	209
	224	210
	225	211
	229	215
	230	216
	231	217
	233	219
	238	225
	242	229
	243	230
	244	231
	245	232
	246	233
	248	235
	251	238
	252	239
	253	240
	254	241
	255	242
net/minecraft/client/telemetry/ClientTelemetryManager	113	99
	65	63
	66	64
	69	67
	70	68
	71	69
	74	72
	75	73
	76	73
	79	74
	80	75
	81	89
	84	76
	85	77
	86	78
	87	79
	24	26
	88	80
	25	27
	26	28
	90	81
	27	29
	28	30
	92	82
	93	83
	95	87
	98	84
	100	85
	102	87
	39	39
	103	89
	41	40
	42	41
	43	42
	107	93
	44	43
	45	44
	46	45
	47	46
	48	47
	112	98
	49	48
	113	99
	50	49
	52	50
	53	51
	54	52
	57	55
	61	59
com/mojang/realmsclient/dto/ServerActivity	21	24
	16	18
	17	19
	18	20
	19	21
	21	24
	14	15
com/mojang/realmsclient/dto/RealmsServer	315	314
	258	257
	259	258
	260	259
	261	260
	262	261
	263	262
	264	263
	265	264
	266	265
	267	266
	268	267
	269	268
	270	269
	271	270
	272	271
	273	272
	274	273
	275	274
	276	275
	277	276
	278	277
	279	278
	283	282
	285	284
	30	29
	286	285
	289	288
	293	292
	297	296
	304	304
	305	305
	309	308
	310	309
	311	310
	56	50
	312	311
	313	312
	314	313
	315	314
	60	54
	64	58
	68	62
	69	63
	72	66
	73	67
	76	70
	78	71
	80	73
	81	74
	85	75
	88	78
	89	79
	91	80
	92	81
	95	84
	96	85
	99	89
	100	90
	101	91
	104	94
	106	97
	107	98
	108	99
	109	100
	110	101
	111	102
	112	103
	113	104
	114	105
	116	107
	118	110
	119	111
	120	112
	121	113
	122	114
	124	115
	125	116
	127	118
	130	121
	131	122
	132	123
	133	124
	134	125
	135	126
	137	129
	141	135
	142	140
	145	143
	146	145
	148	147
	149	148
	150	149
	151	150
	152	151
	153	152
	154	153
	155	154
	156	155
	159	159
	163	163
	164	165
	167	167
	169	168
	170	169
	172	171
	173	172
	175	174
	178	177
	180	178
	181	179
	185	183
	186	184
	187	185
	191	189
	195	193
	196	194
	197	195
	198	196
	200	197
	205	202
	206	203
	207	204
	209	205
	214	211
	215	212
	216	213
	222	219
	223	220
	224	221
	230	227
	235	232
	236	233
	238	236
	239	237
	241	240
	242	241
	244	244
	246	245
	247	246
	248	247
	249	248
	250	249
	251	250
	252	251
	253	252
net/minecraft/client/model/VillagerHeadModel	0	0
net/minecraft/client/tutorial/TutorialSteps	36	39
	32	34
	33	35
	36	39
	6	9
	7	10
	8	11
	9	12
	10	13
	11	14
	18	20
	19	21
	20	22
	23	25
	27	29
	31	33
net/minecraft/client/particle/SculkChargePopParticle	44	44
	33	33
	34	34
	35	35
	40	40
	41	41
	10	13
	42	42
	11	14
	43	43
	44	44
	13	15
	14	16
	16	17
	18	18
	19	19
	23	23
	28	28
net/minecraft/client/gui/screens/SimpleOptionsSubScreen	56	57
	32	32
	34	33
	36	34
	37	35
	38	36
	40	38
	43	42
	44	46
	48	50
	49	51
	53	54
	54	55
	23	24
	24	25
	56	57
	25	26
	29	30
	30	31
net/minecraft/client/gui/screens/OutOfMemoryScreen	36	45
	32	42
	33	43
	35	44
	36	45
	10	13
	13	16
	14	17
	18	22
	19	27
	20	31
	21	32
	25	36
	30	41
net/minecraft/client/gui/screens/inventory/ShulkerBoxScreen	30	32
	16	18
	20	22
	21	23
	22	24
	23	25
	10	13
	27	29
	28	30
	13	16
	29	31
	30	32
	15	17
net/minecraft/client/renderer/FogRenderer	362	352
	40	34
	48	41
	49	42
	50	43
	53	46
	54	47
	56	48
	57	49
	58	50
	59	51
	60	52
	61	53
	62	54
	65	57
	66	58
	67	59
	69	60
	70	61
	71	62
	73	63
	74	64
	75	65
	76	66
	77	67
	78	68
	79	69
	81	70
	82	71
	83	72
	84	73
	86	75
	87	76
	88	77
	89	78
	90	79
	91	80
	92	81
	93	82
	94	83
	95	84
	96	85
	98	87
	99	88
	101	89
	102	90
	103	91
	104	92
	106	93
	107	94
	109	95
	110	98
	112	101
	113	102
	114	103
	116	104
	117	105
	118	106
	119	107
	120	108
	121	109
	123	112
	124	113
	125	114
	126	115
	127	116
	128	117
	129	118
	134	123
	135	124
	136	125
	138	126
	139	127
	140	128
	141	129
	142	130
	143	131
	144	132
	146	135
	147	136
	148	137
	149	138
	150	139
	151	140
	153	143
	156	146
	157	147
	158	148
	159	149
	160	150
	163	153
	164	154
	165	155
	167	158
	168	159
	169	160
	170	161
	173	164
	174	165
	175	166
	176	167
	180	171
	181	172
	182	173
	184	175
	186	177
	187	178
	189	180
	192	183
	193	184
	194	185
	195	186
	196	187
	199	190
	200	191
	203	194
	204	195
	208	199
	209	200
	211	201
	215	205
	216	206
	218	207
	219	208
	221	209
	222	210
	223	211
	224	212
	225	213
	226	214
	227	215
	229	217
	230	218
	232	220
	233	221
	234	222
	235	223
	237	225
	238	226
	240	228
	241	229
	242	230
	244	231
	245	232
	247	234
	248	235
	249	236
	251	237
	252	238
	254	239
	255	240
	256	241
	259	245
	260	246
	261	247
	264	249
	265	250
	266	251
	267	252
	268	253
	269	254
	270	255
	272	257
	273	258
	274	259
	275	260
	278	263
	279	264
	280	265
	281	266
	284	269
	285	270
	294	322
	295	323
	304	339
	308	343
	309	344
	310	345
	311	346
	313	348
	316	352
	323	276
	328	281
	329	282
	330	283
	331	284
	333	286
	334	287
	336	289
	342	296
	347	301
	348	306
	351	302
	352	303
	353	304
	354	306
	358	310
	359	310
	362	310
net/minecraft/client/server/IntegratedServer	294	251
	256	222
	261	226
	266	230
	270	234
	271	235
	275	238
	280	242
	285	246
	34	34
	291	251
	292	251
	294	251
	50	56
	52	57
	53	58
	54	59
	56	60
	57	61
	61	64
	63	65
	64	66
	65	67
	67	68
	69	69
	71	70
	72	71
	73	72
	75	73
	80	77
	81	78
	83	79
	84	80
	85	81
	86	82
	87	83
	88	84
	93	87
	94	88
	95	89
	96	109
	99	91
	102	92
	105	95
	107	96
	108	97
	109	98
	110	99
	112	102
	113	103
	114	104
	115	105
	116	106
	118	109
	121	112
	122	113
	124	115
	128	118
	133	122
	138	126
	143	130
	148	134
	153	138
	158	142
	159	143
	163	146
	164	147
	165	148
	167	149
	172	153
	178	158
	179	159
	180	160
	181	161
	182	162
	184	164
	186	165
	187	166
	188	167
	190	168
	191	169
	193	170
	194	171
	195	172
	196	173
	197	175
	198	176
	201	179
	202	180
	204	181
	209	186
	211	187
	212	188
	213	189
	215	191
	219	194
	220	195
	221	195
	223	196
	224	197
	227	200
	229	201
	231	202
	232	203
	233	204
	235	206
	239	209
	244	213
	249	217
	251	218
	252	219
com/mojang/blaze3d/platform/DebugMemoryUntracker	47	43
	35	32
	36	39
	39	34
	40	35
	41	36
	43	39
	13	16
	46	42
	15	18
	47	43
	17	19
	18	20
	19	21
	21	22
	22	23
	23	24
	24	25
	25	25
	27	25
	29	26
	30	27
net/minecraft/client/model/PufferfishMidModel	97	91
	19	21
	20	22
	21	23
	22	24
	25	27
	26	28
	28	29
	29	30
	30	31
	31	31
	32	31
	34	33
	35	34
	36	34
	37	34
	39	36
	40	37
	41	37
	42	37
	44	39
	45	41
	46	41
	47	42
	49	44
	50	46
	51	46
	52	47
	54	49
	55	51
	56	51
	57	52
	59	54
	60	56
	61	56
	62	57
	64	59
	65	61
	66	61
	67	62
	69	64
	70	66
	71	66
	72	67
	74	69
	75	71
	76	71
	77	72
	79	74
	80	76
	81	76
	82	77
	85	79
	90	84
	95	89
	96	90
	97	91
net/minecraft/client/gui/screens/inventory/EnchantmentNames	64	108
	64	108
	43	85
	12	15
	13	16
	46	88
	17	18
	50	92
	19	61
	51	93
	53	95
	54	96
	55	97
	57	100
	59	103
	63	107
net/minecraft/client/renderer/texture/Dumpable	0	0
net/minecraft/client/particle/NoteParticle	46	47
	32	33
	39	41
	40	42
	9	12
	10	13
	11	14
	12	15
	44	45
	13	16
	45	46
	14	17
	46	47
	15	18
	17	19
	18	20
	19	21
	21	22
	22	23
	23	24
	27	28
net/minecraft/client/particle/ShriekParticle	126	109
	16	17
	17	18
	23	23
	25	24
	27	25
	28	26
	29	27
	31	28
	32	29
	33	30
	34	31
	38	35
	43	40
	44	45
	47	41
	49	42
	50	42
	51	42
	52	43
	53	43
	54	43
	55	45
	58	48
	60	49
	61	50
	62	51
	64	52
	65	53
	66	54
	68	56
	75	58
	76	60
	77	61
	78	62
	79	63
	80	64
	83	67
	84	68
	85	69
	86	70
	87	71
	88	72
	91	75
	92	76
	96	80
	101	85
	106	90
	107	91
	108	95
	111	93
	112	95
	118	102
	119	103
	123	106
	124	107
	125	108
	126	109
net/minecraft/client/renderer/chunk/RenderChunkRegion	77	67
	32	32
	33	33
	35	34
	67	59
	40	38
	72	63
	41	39
	43	40
	77	67
	48	44
	53	48
	24	25
	25	26
	26	27
	27	28
	59	53
	28	29
	60	54
	62	55
net/minecraft/client/telemetry/TelemetryProperty	179	190
	134	178
	135	179
	136	180
	139	182
	144	186
	145	187
	149	190
	23	25
	155	152
	28	26
	156	153
	29	27
	157	154
	30	28
	158	155
	31	29
	32	30
	160	156
	33	31
	34	32
	35	33
	163	158
	38	34
	39	35
	40	40
	169	163
	170	164
	43	42
	171	165
	44	47
	174	168
	47	53
	48	55
	51	56
	179	172
	52	57
	55	58
	56	59
	57	60
	58	61
	59	62
	60	63
	63	64
	64	65
	67	67
	68	70
	69	73
	70	76
	73	78
	74	79
	77	82
	81	86
	85	90
	89	94
	93	98
	97	103
	101	112
	105	117
	106	120
	107	121
	112	128
	113	129
	114	130
	116	132
	118	134
	121	137
	126	142
net/minecraft/client/particle/SuspendedTownParticle	131	128
	128	94
	129	95
	130	96
	131	97
	8	11
	10	12
	11	13
	12	14
	13	15
	14	16
	16	17
	18	18
	19	19
	20	20
	22	21
	23	22
	27	26
	32	31
	33	32
	34	33
	38	37
	39	38
	40	39
	42	40
	43	41
	44	48
	47	43
	48	44
	49	45
	50	46
	51	48
	57	122
	58	123
	62	126
	63	127
	64	128
	72	106
	73	107
	77	110
	78	111
	79	112
	80	113
	88	55
	89	56
	93	59
	94	60
	95	61
	96	62
	97	63
	105	72
	106	73
	110	76
	111	77
	112	78
	113	79
	114	80
	115	81
	123	90
	124	91
com/mojang/blaze3d/font/SheetGlyphInfo	35	39
	19	23
	35	39
	23	27
	27	31
	15	19
	31	35
com/mojang/blaze3d/audio/Library	337	319
	256	168
	258	171
	262	175
	263	176
	264	177
	266	180
	267	181
	272	185
	273	186
	274	187
	276	190
	277	191
	279	194
	280	195
	282	198
	283	199
	286	201
	290	206
	292	207
	293	207
	39	31
	296	207
	300	211
	301	212
	303	213
	304	214
	305	215
	307	217
	310	220
	315	225
	319	229
	320	230
	322	232
	68	43
	325	236
	73	48
	329	246
	330	247
	331	247
	333	247
	78	53
	337	251
	82	57
	87	62
	96	274
	97	275
	102	280
	103	281
	104	282
	106	285
	109	287
	110	288
	111	289
	114	292
	119	298
	120	299
	122	302
	123	303
	128	308
	129	309
	130	310
	134	314
	139	319
	143	65
	144	66
	149	70
	150	71
	153	74
	154	75
	156	76
	157	77
	158	78
	161	81
	162	82
	164	85
	165	86
	166	87
	168	88
	169	89
	170	90
	172	91
	173	92
	175	93
	176	94
	178	95
	180	96
	182	99
	184	100
	185	101
	187	104
	188	105
	189	106
	192	109
	193	110
	194	111
	195	112
	196	112
	197	112
	198	112
	199	112
	201	113
	202	114
	206	118
	209	121
	210	122
	211	123
	212	124
	215	127
	216	128
	217	129
	218	130
	221	133
	222	135
	223	136
	224	137
	227	141
	229	142
	230	143
	234	148
	239	153
	240	154
	245	157
	247	158
	251	162
	252	163
	253	164
	255	167
net/minecraft/client/renderer/block/BlockRenderDispatcher	120	133
	64	87
	66	88
	68	89
	70	91
	74	95
	75	96
	76	97
	77	98
	79	99
	81	100
	83	102
	86	105
	90	109
	95	113
	96	114
	97	129
	35	37
	36	38
	100	115
	37	39
	38	40
	102	117
	39	41
	40	42
	104	118
	105	119
	106	120
	43	45
	107	121
	109	122
	110	124
	47	51
	48	57
	112	126
	51	52
	115	129
	52	53
	53	54
	54	57
	119	132
	120	133
	58	69
	59	70
	60	71
	62	85
	63	86
net/minecraft/client/renderer/entity/IronGolemRenderer	37	36
	33	31
	34	32
	35	33
	36	34
	37	36
	13	16
	16	19
	17	20
	18	21
	19	22
	23	25
	28	29
	29	30
	30	36
net/minecraft/client/renderer/entity/layers/DrownedOuterLayer	25	28
	18	20
	19	21
	20	22
	24	26
	25	28
	13	16
net/minecraft/client/resources/model/ModelManager	223	264
	41	45
	43	47
	64	75
	65	76
	66	77
	67	78
	68	79
	71	82
	75	86
	79	90
	84	101
	85	102
	86	103
	87	106
	89	109
	91	110
	92	113
	93	117
	94	118
	95	119
	99	123
	100	124
	101	126
	102	128
	103	129
	104	130
	105	131
	106	132
	107	133
	108	134
	112	140
	117	146
	118	147
	119	149
	120	151
	121	152
	122	153
	123	154
	124	156
	125	157
	126	158
	127	159
	128	160
	129	161
	132	165
	135	170
	140	176
	142	177
	143	178
	145	179
	146	180
	147	181
	148	182
	149	183
	151	186
	152	187
	155	189
	156	196
	159	200
	160	201
	161	202
	163	203
	164	205
	165	206
	166	207
	167	208
	168	209
	169	210
	172	214
	173	216
	174	217
	175	218
	179	222
	181	223
	182	224
	184	225
	185	226
	186	227
	187	228
	188	229
	189	230
	191	231
	192	232
	193	233
	196	236
	197	237
	199	240
	200	241
	201	242
	202	243
	203	244
	204	245
	205	246
	209	250
	213	254
	218	259
	219	260
	222	263
	223	264
net/minecraft/client/gui/spectator/PlayerMenuItem	43	45
	36	38
	37	39
	38	40
	39	41
	43	45
	17	20
	19	21
	20	22
	21	23
	22	24
	26	28
	27	29
	31	33
net/minecraft/client/resources/sounds/RidingMinecartSoundInstance	58	54
	36	37
	41	42
	42	43
	43	54
	46	44
	47	45
	48	54
	18	20
	19	21
	51	47
	20	22
	21	23
	53	48
	54	49
	23	24
	24	25
	56	51
	25	26
	26	27
	58	54
	27	28
	31	32
net/minecraft/client/resources/sounds/BeeSoundInstance	80	70
	66	60
	67	60
	69	60
	75	65
	80	70
	18	20
	19	21
	20	22
	21	23
	22	24
	23	25
	24	26
	25	27
	26	28
	30	32
	31	33
	33	34
	34	35
	37	38
	38	51
	39	53
	42	39
	43	40
	44	41
	46	42
	47	43
	48	44
	50	45
	52	47
	53	48
	55	53
	58	56
	59	56
	61	56
com/mojang/realmsclient/gui/screens/RealmsTermsScreen	102	109
	64	73
	65	74
	67	76
	71	80
	72	81
	73	82
	74	83
	77	85
	82	91
	87	98
	24	24
	25	25
	89	99
	26	26
	90	100
	27	27
	91	101
	93	102
	94	103
	95	104
	96	105
	98	106
	99	107
	36	35
	37	36
	101	108
	38	37
	102	109
	39	38
	40	39
	44	43
	46	45
	47	48
	48	52
	52	56
	53	57
	54	58
	56	60
	60	65
	62	68
	63	69
net/minecraft/client/renderer/debug/package-info	0	0
net/minecraft/client/gui/components/CommandSuggestions	544	566
	513	536
	514	537
	517	540
	518	541
	520	543
	521	544
	523	546
	526	549
	527	550
	528	551
	529	552
	530	553
	531	554
	532	555
	533	556
	534	557
	535	558
	538	561
	539	562
	540	563
	541	564
	542	565
	544	566
	47	49
	49	50
	50	51
	51	53
	77	80
	78	81
	79	82
	80	83
	81	84
	82	85
	83	86
	84	87
	85	88
	86	89
	88	90
	89	91
	92	94
	93	95
	94	96
	96	98
	99	101
	100	102
	101	103
	102	104
	103	105
	105	107
	109	112
	113	116
	117	120
	118	121
	119	122
	120	123
	121	125
	122	126
	125	129
	126	130
	127	131
	130	134
	133	137
	134	138
	138	141
	139	142
	140	143
	142	144
	143	145
	144	147
	145	148
	146	151
	148	149
	151	155
	152	156
	156	160
	158	161
	159	162
	162	165
	163	166
	164	167
	167	170
	168	171
	169	172
	170	173
	171	174
	173	177
	175	178
	176	179
	177	180
	179	181
	180	182
	183	185
	185	186
	186	187
	187	188
	188	189
	189	192
	191	190
	192	192
	195	195
	196	196
	197	197
	198	198
	200	200
	203	203
	204	204
	207	207
	209	208
	210	210
	211	211
	214	214
	218	218
	219	219
	220	220
	221	221
	223	222
	227	226
	229	227
	230	228
	231	229
	232	231
	233	232
	234	233
	235	234
	237	236
	240	240
	241	241
	243	243
	244	244
	248	248
	249	249
	251	250
	252	250
	254	250
	255	251
	260	254
	261	255
	262	256
	264	258
	267	261
	268	262
	269	263
	270	268
	271	269
	272	270
	274	272
	275	273
	276	274
	277	275
	281	279
	282	280
	283	281
	284	282
	285	283
	287	285
	291	290
	292	290
	294	290
	300	295
	301	295
	304	295
	309	299
	310	300
	311	301
	313	302
	314	304
	315	305
	316	306
	319	309
	320	310
	323	314
	324	315
	327	316
	328	317
	329	318
	331	322
	332	323
	333	324
	334	325
	335	326
	336	327
	337	328
	340	332
	341	333
	345	337
	346	338
	348	340
	351	343
	352	344
	353	345
	355	347
	359	352
	360	354
	361	355
	362	356
	363	357
	364	358
	366	360
	369	363
	370	363
	372	363
	386	378
	387	379
	388	380
	389	381
	390	382
	391	383
	392	384
	393	385
	396	388
	397	389
	398	390
	399	391
	400	392
	401	393
	403	394
	404	395
	407	398
	408	399
	409	400
	410	407
	411	408
	412	409
	413	410
	417	415
	418	416
	419	417
	420	418
	426	426
	427	428
	428	429
	429	430
	430	433
	431	434
	432	435
	434	438
	436	441
	439	446
	440	447
	441	448
	442	449
	445	452
	448	455
	449	456
	452	459
	453	460
	454	461
	455	462
	458	465
	462	470
	463	475
	465	479
	466	480
	467	481
	470	483
	474	488
	475	489
	476	490
	477	491
	478	494
	479	495
	480	496
	481	497
	482	500
	483	501
	484	502
	486	505
	487	506
	488	507
	489	508
	490	509
	493	511
	497	516
	498	517
	499	518
	500	519
	501	520
	502	521
	503	522
	505	528
	508	531
	510	532
	511	533
net/minecraft/client/gui/components/StringWidget	53	55
	35	37
	39	41
	11	14
	43	45
	12	15
	15	18
	16	19
	48	50
	49	51
	50	52
	19	22
	51	53
	20	23
	52	54
	21	24
	53	55
	25	27
	26	28
	30	32
	31	33
net/minecraft/client/renderer/block/model/package-info	0	0
net/minecraft/client/gui/screens/multiplayer/SafetyScreen	34	37
	32	35
	34	37
	10	13
	11	14
	12	15
	13	16
	18	20
	19	21
	20	22
	24	26
	25	27
	26	28
	27	29
	29	32
	30	33
	31	34
net/minecraft/client/renderer/ItemInHandRenderer	669	607
	512	425
	513	426
	515	429
	517	430
	518	431
	520	433
	521	434
	522	435
	523	436
	524	437
	525	438
	528	439
	529	440
	530	441
	534	445
	536	455
	537	456
	538	457
	539	458
	541	460
	542	461
	33	33
	545	464
	34	34
	546	465
	547	466
	549	468
	550	469
	552	471
	554	472
	555	473
	556	474
	557	475
	559	476
	560	477
	561	478
	562	479
	563	480
	565	483
	566	484
	567	485
	568	486
	569	487
	571	490
	573	491
	574	492
	575	493
	578	495
	580	496
	581	497
	582	498
	583	499
	585	500
	586	501
	587	502
	588	503
	590	506
	591	507
	592	508
	593	509
	594	510
	596	513
	598	514
	599	515
	600	516
	603	518
	607	520
	608	521
	609	522
	610	523
	611	524
	612	525
	614	527
	615	528
	616	529
	617	530
	618	531
	619	532
	620	533
	623	536
	626	547
	627	549
	631	552
	632	553
	634	554
	635	555
	636	556
	638	557
	639	558
	641	561
	642	562
	645	565
	646	566
	647	567
	649	569
	650	570
	651	571
	654	574
	655	575
	658	578
	659	579
	661	581
	664	584
	665	585
	154	116
	155	117
	667	587
	156	118
	157	119
	669	589
	160	130
	161	145
	164	131
	165	145
	168	148
	169	149
	170	150
	171	150
	175	154
	176	155
	178	156
	180	157
	182	158
	183	159
	184	160
	185	161
	187	162
	188	163
	190	165
	192	168
	193	169
	196	174
	198	175
	200	176
	201	177
	202	178
	203	179
	204	180
	207	183
	208	184
	210	185
	211	186
	212	187
	213	188
	214	189
	215	190
	217	191
	218	192
	219	193
	220	194
	221	195
	224	198
	225	199
	226	200
	227	201
	229	202
	230	203
	231	204
	233	205
	234	206
	235	207
	237	208
	238	209
	240	210
	243	213
	244	214
	246	215
	248	216
	249	217
	252	220
	253	221
	255	222
	257	223
	258	224
	260	225
	261	226
	263	227
	265	228
	267	229
	268	230
	269	231
	270	232
	272	233
	273	234
	275	236
	278	239
	279	240
	280	241
	281	242
	282	243
	283	244
	284	245
	290	246
	292	247
	293	248
	294	249
	295	250
	297	251
	299	252
	300	253
	301	254
	302	255
	303	256
	304	257
	306	258
	307	259
	308	260
	310	262
	312	264
	315	267
	316	268
	318	269
	319	270
	320	271
	323	274
	325	275
	326	276
	328	277
	329	278
	330	279
	331	280
	334	283
	336	284
	337	285
	338	286
	340	287
	341	288
	342	289
	343	290
	345	291
	347	292
	348	293
	349	294
	351	295
	352	296
	354	297
	355	298
	357	300
	359	301
	360	302
	361	303
	363	304
	365	306
	368	309
	370	310
	371	311
	373	312
	374	313
	375	314
	376	315
	377	316
	380	319
	381	320
	382	321
	385	324
	386	325
	387	326
	389	327
	391	328
	392	329
	393	330
	394	331
	396	332
	397	333
	398	334
	399	335
	402	338
	403	339
	404	340
	405	341
	408	344
	409	345
	413	594
	414	595
	415	596
	420	602
	421	603
	422	604
	425	607
	432	349
	433	350
	435	351
	436	352
	438	353
	439	354
	442	355
	443	356
	446	358
	447	359
	450	360
	454	365
	455	366
	457	367
	458	372
	462	368
	463	369
	464	370
	468	377
	472	392
	473	549
	476	393
	477	394
	479	395
	480	396
	481	397
	482	398
	485	400
	486	401
	487	402
	489	404
	491	406
	492	407
	493	408
	494	409
	496	410
	497	411
	499	412
	500	413
	501	414
	502	415
	504	416
	505	417
	506	418
	507	419
	509	422
	510	423
	511	424
net/minecraft/client/renderer/block/LiquidBlockRenderer	383	352
	30	33
	31	34
	35	38
	36	39
	37	40
	38	41
	39	42
	40	43
	43	46
	47	50
	48	51
	49	52
	50	53
	52	55
	56	60
	62	64
	66	70
	70	74
	71	75
	73	76
	74	77
	75	78
	76	79
	78	80
	79	81
	80	82
	81	83
	82	84
	83	85
	84	86
	85	87
	86	88
	87	89
	88	90
	89	91
	91	92
	92	93
	94	95
	95	96
	96	97
	97	98
	99	99
	100	294
	103	100
	104	101
	105	102
	106	103
	108	104
	115	105
	116	110
	117	111
	118	112
	119	113
	120	114
	122	116
	123	117
	124	118
	125	119
	127	120
	128	121
	129	122
	130	123
	133	126
	134	127
	135	128
	137	129
	138	130
	140	131
	142	132
	143	133
	144	134
	145	135
	156	136
	157	145
	158	146
	159	147
	160	148
	161	149
	162	150
	163	151
	164	152
	165	153
	166	154
	168	156
	169	157
	170	158
	171	159
	172	160
	173	161
	174	162
	175	163
	176	164
	177	165
	178	166
	179	167
	180	168
	183	171
	184	172
	186	173
	188	174
	189	175
	190	176
	191	177
	192	178
	193	179
	194	180
	195	181
	197	182
	198	183
	199	184
	200	185
	202	186
	203	187
	204	188
	205	189
	207	190
	209	191
	210	192
	211	193
	212	194
	216	198
	217	199
	218	200
	219	201
	220	202
	222	203
	223	204
	224	205
	225	206
	227	207
	228	208
	229	209
	230	210
	233	213
	235	215
	244	223
	246	225
	247	226
	248	227
	249	228
	250	229
	251	230
	252	231
	253	232
	255	234
	256	235
	257	236
	258	237
	259	238
	260	239
	261	240
	262	241
	264	243
	265	244
	266	245
	267	246
	268	247
	269	248
	270	249
	271	250
	273	252
	274	253
	275	254
	276	255
	277	256
	278	257
	279	258
	283	261
	285	263
	287	264
	289	265
	290	266
	291	267
	292	268
	296	272
	297	273
	299	274
	300	275
	301	276
	303	277
	305	278
	306	279
	307	280
	309	281
	310	282
	311	283
	312	284
	314	285
	315	286
	316	287
	317	288
	318	289
	322	294
	325	297
	326	313
	328	298
	329	299
	330	300
	331	301
	332	302
	334	305
	336	308
	337	309
	338	310
	339	311
	343	318
	344	319
	345	320
	346	321
	347	322
	348	323
	350	325
	353	328
	354	329
	358	333
	359	334
	360	335
	361	335
	363	335
	364	337
	365	337
	367	337
	371	342
	372	343
	375	346
	376	347
	378	348
	379	349
	380	350
	381	351
	383	352
com/mojang/realmsclient/dto/RealmsServerAddress	29	31
	18	19
	19	20
	21	23
	22	24
	23	25
	24	26
	25	27
	26	28
	11	13
	29	31
net/minecraft/client/gui/Font	350	391
	259	369
	260	370
	264	374
	265	375
	266	376
	267	377
	268	378
	269	379
	278	382
	279	383
	280	384
	281	386
	282	387
	286	391
	35	36
	291	197
	292	198
	293	199
	297	214
	298	215
	299	216
	303	234
	304	235
	305	236
	51	45
	307	238
	52	46
	53	47
	54	48
	310	241
	57	51
	314	245
	62	56
	318	249
	63	57
	64	58
	65	59
	322	253
	68	60
	326	257
	72	67
	330	261
	76	83
	334	265
	80	89
	338	269
	84	104
	342	273
	88	110
	89	111
	90	113
	346	277
	91	114
	92	115
	93	116
	94	117
	350	281
	95	118
	96	119
	97	120
	98	121
	99	122
	101	123
	102	124
	103	125
	105	126
	111	133
	112	135
	113	136
	114	137
	118	140
	119	140
	121	140
	125	156
	126	157
	129	160
	131	161
	132	162
	133	163
	134	164
	137	167
	139	168
	143	183
	145	184
	146	185
	147	186
	148	187
	151	190
	153	191
	181	309
	182	310
	184	313
	185	314
	188	317
	189	318
	190	319
	191	320
	192	321
	193	322
	194	323
	195	324
	196	325
	197	326
	198	327
	199	328
	200	329
	204	332
	205	333
	206	334
	208	335
	213	336
	215	337
	216	341
	217	342
	218	343
	219	344
	220	345
	222	347
	223	348
	224	349
	227	352
	228	353
	229	354
	231	355
	232	356
	235	359
	237	360
	238	361
	239	362
	249	365
	250	366
net/minecraft/client/particle/SmokeParticle	20	23
	16	20
	20	23
	8	11
	9	12
	15	19
com/mojang/blaze3d/audio/OpenAlUtil	86	94
	66	71
	67	72
	68	73
	70	74
	71	75
	72	76
	73	77
	74	80
	11	14
	75	81
	77	83
	14	17
	78	84
	79	85
	16	19
	80	88
	81	89
	18	21
	20	23
	22	25
	86	94
	24	27
	26	29
	31	34
	32	35
	33	36
	34	37
	36	39
	40	44
	42	46
	44	48
	46	52
	48	50
	50	54
	52	56
	57	61
	58	62
	59	63
	60	64
	62	66
net/minecraft/client/animation/AnimationChannel	44	33
	35	24
	36	25
	37	26
	38	27
	39	28
	40	29
	41	30
	42	31
	28	19
	44	33
	29	20
	30	21
net/minecraft/client/gui/screens/inventory/ContainerScreen	38	38
	34	34
	35	35
	36	36
	37	37
	38	38
	10	13
	15	17
	17	18
	18	19
	19	20
	21	21
	22	22
	23	23
	27	27
	28	28
	29	29
	30	30
net/minecraft/client/renderer/entity/StrayRenderer	19	21
	19	21
	9	12
	12	15
	14	16
	15	17
net/minecraft/client/sounds/WeighedSoundEvents	75	66
	34	25
	35	27
	67	58
	36	28
	38	31
	72	63
	73	64
	43	35
	75	66
	45	36
	46	48
	49	37
	50	39
	51	40
	53	41
	54	42
	58	46
	28	20
	30	21
	62	53
	63	54
net/minecraft/client/renderer/entity/layers/PhantomEyesLayer	18	21
	18	21
	10	13
	13	16
	14	17
net/minecraft/realms/RepeatedNarrator	37	40
	16	18
	19	21
	35	38
	20	23
	36	39
	21	25
	37	40
	23	24
	25	27
	26	28
	28	30
	15	17
com/mojang/blaze3d/vertex/VertexMultiConsumer	176	182
	130	136
	131	137
	7	10
	136	142
	137	143
	11	14
	142	148
	15	18
	143	149
	19	22
	148	154
	149	155
	154	160
	155	161
	28	31
	29	32
	31	35
	32	36
	160	166
	33	37
	161	167
	37	41
	165	171
	38	42
	166	172
	39	43
	170	176
	171	177
	44	48
	45	49
	46	50
	175	181
	176	182
	51	55
	52	56
	53	57
	58	62
	59	63
	60	64
	65	69
	66	70
	67	71
	72	76
	73	77
	74	78
	79	83
	80	84
	81	85
	85	89
	86	90
	87	91
	91	95
	92	96
	93	97
	97	101
	98	102
	99	103
	106	111
	107	112
	108	113
	109	114
	113	119
	114	120
	117	123
	118	124
	120	126
	124	130
	125	131
com/mojang/blaze3d/platform/WindowEventHandler	0	0
net/minecraft/client/resources/language/LanguageManager	88	82
	67	63
	69	64
	71	65
	72	66
	75	69
	76	70
	79	73
	83	77
	23	25
	88	82
	25	27
	31	32
	32	33
	35	36
	37	37
	39	39
	40	40
	42	41
	44	43
	45	44
	47	46
	49	47
	54	51
	55	52
	56	53
	57	54
	59	55
	60	56
	61	57
	62	58
	63	59
net/minecraft/client/gui/screens/inventory/DispenserScreen	34	37
	32	35
	33	36
	34	37
	10	13
	13	16
	14	17
	18	21
	19	22
	20	23
	24	27
	25	28
	26	29
	27	30
	31	34
net/minecraft/client/model/IronGolemModel	106	97
	23	25
	24	26
	25	27
	26	28
	27	29
	28	30
	29	31
	32	34
	33	35
	35	36
	36	38
	37	38
	38	38
	39	39
	41	41
	42	43
	43	44
	44	46
	45	48
	47	50
	48	51
	49	51
	50	51
	52	53
	53	54
	54	54
	55	54
	57	56
	58	57
	59	57
	60	57
	62	59
	63	60
	64	60
	65	60
	68	62
	73	67
	78	71
	79	72
	81	73
	82	74
	83	75
	84	76
	85	77
	89	80
	90	81
	91	82
	92	83
	94	85
	95	86
	96	87
	97	88
	99	90
	100	91
	103	94
	106	97
com/mojang/realmsclient/gui/screens/RealmsPlayerScreen	336	318
	269	211
	270	212
	272	213
	273	214
	275	215
	277	215
	278	216
	279	217
	281	218
	283	219
	29	30
	285	219
	286	220
	31	31
	287	221
	32	32
	33	33
	289	222
	34	34
	291	222
	36	35
	292	223
	37	36
	293	224
	38	37
	39	38
	295	225
	296	226
	299	229
	300	230
	301	231
	306	235
	307	236
	309	239
	310	240
	60	51
	61	52
	317	246
	62	53
	318	247
	63	54
	320	248
	321	249
	67	58
	323	251
	68	59
	69	60
	326	254
	71	61
	327	255
	72	62
	328	256
	73	63
	329	257
	330	258
	75	65
	331	259
	76	66
	332	260
	79	69
	336	264
	81	70
	82	73
	84	78
	85	79
	87	83
	88	84
	89	85
	91	87
	93	89
	95	90
	96	91
	98	95
	99	96
	102	99
	103	100
	104	101
	105	102
	108	105
	113	110
	114	111
	115	112
	117	114
	121	119
	122	120
	124	122
	126	124
	129	127
	130	128
	133	131
	134	132
	135	133
	137	136
	138	137
	141	140
	142	141
	145	144
	146	145
	147	146
	149	149
	150	150
	153	153
	154	154
	156	156
	159	159
	160	160
	161	161
	162	179
	163	163
	164	164
	166	167
	167	168
	168	169
	170	172
	171	173
	172	174
	174	177
	175	178
	176	179
	177	180
	179	182
	183	186
	185	187
	187	188
	189	189
	191	190
	192	191
	193	192
	195	193
	196	194
	198	195
	199	196
	203	271
	204	272
	207	275
	208	276
	210	278
	213	281
	214	282
	218	286
	223	291
	224	292
	225	293
	228	296
	229	297
	230	298
	234	301
	235	302
	236	303
	237	304
	241	308
	242	309
	246	313
	251	318
net/minecraft/client/multiplayer/ClientChunkCache	241	233
	30	32
	38	39
	39	40
	40	43
	41	44
	42	45
	46	48
	50	52
	51	53
	53	56
	54	57
	58	61
	59	68
	61	62
	62	63
	63	64
	64	65
	66	68
	71	72
	72	73
	73	74
	74	75
	78	79
	79	79
	81	79
	86	83
	90	87
	91	88
	92	98
	94	90
	96	91
	97	92
	98	93
	100	95
	102	98
	106	102
	107	103
	108	104
	110	107
	112	108
	113	109
	114	110
	116	111
	117	112
	118	113
	120	115
	122	118
	123	119
	128	123
	131	126
	132	127
	133	128
	136	131
	137	132
	139	133
	140	134
	141	135
	142	136
	143	138
	144	139
	145	140
	146	141
	147	142
	148	143
	152	148
	154	150
	158	153
	163	157
	168	161
	173	165
	174	166
	185	178
	186	179
	187	180
	188	181
	191	184
	195	188
	196	189
	197	190
	198	191
	201	194
	202	195
	204	197
	207	200
	208	200
	209	201
	212	204
	213	205
	217	209
	222	214
	227	218
	228	219
	229	221
	230	222
	231	223
	232	224
	233	225
	234	226
	238	230
	239	231
	241	233
net/minecraft/client/renderer/entity/LivingEntityRenderer	283	269
	256	239
	257	240
	258	241
	259	242
	260	243
	262	245
	264	247
	266	249
	268	251
	270	253
	273	258
	277	262
	278	263
	279	264
	280	265
	283	269
	30	33
	38	39
	39	40
	40	41
	41	42
	44	45
	49	50
	54	54
	57	55
	58	56
	59	57
	61	58
	62	59
	63	60
	66	61
	67	62
	68	63
	70	64
	71	65
	72	66
	73	67
	75	70
	76	71
	78	74
	79	75
	80	76
	83	79
	86	82
	88	83
	89	84
	90	85
	93	88
	94	89
	95	90
	96	91
	97	92
	101	96
	102	97
	106	98
	107	99
	110	100
	113	101
	114	102
	115	103
	116	104
	117	105
	118	106
	119	107
	122	110
	123	111
	127	115
	129	116
	131	117
	132	118
	133	119
	134	120
	136	121
	137	122
	138	123
	139	124
	140	125
	143	128
	144	129
	145	130
	149	134
	150	135
	151	136
	155	140
	156	141
	157	142
	159	143
	160	144
	162	146
	163	146
	165	146
	169	151
	173	155
	177	159
	179	161
	181	163
	183	165
	185	167
	187	169
	192	174
	196	178
	197	179
	200	182
	201	183
	203	186
	204	187
	205	188
	206	189
	207	190
	209	193
	210	194
	211	195
	212	196
	213	197
	214	198
	215	199
	216	200
	217	201
	218	202
	219	203
	220	204
	221	205
	223	207
	226	210
	230	214
	234	218
	238	222
	242	226
	246	229
	247	230
	248	231
	249	232
	252	235
	253	236
	254	237
	255	238
com/mojang/realmsclient/client/UploadStatus	0	0
net/minecraft/client/model/ColorableAgeableListModel	21	24
	16	19
	20	23
	21	24
	8	11
	9	12
	10	13
	13	16
	14	17
	15	18
com/mojang/realmsclient/exception/RealmsDefaultUncaughtExceptionHandler	15	19
	9	13
	10	14
	14	18
	15	19
net/minecraft/client/renderer/PostChain	332	330
	258	253
	262	257
	263	258
	264	259
	266	260
	267	261
	269	263
	273	267
	274	268
	276	271
	277	272
	279	275
	280	276
	283	279
	284	280
	285	281
	289	285
	290	286
	293	289
	294	290
	295	291
	296	293
	297	294
	299	297
	300	298
	302	300
	48	46
	49	47
	305	303
	50	48
	306	304
	51	49
	307	305
	52	50
	53	51
	309	307
	54	52
	55	53
	311	310
	312	312
	57	54
	313	313
	58	55
	315	316
	316	317
	61	58
	62	60
	318	319
	63	61
	65	62
	321	322
	66	63
	67	64
	69	66
	326	327
	71	68
	327	328
	72	69
	73	70
	329	330
	74	71
	330	330
	75	72
	332	330
	77	75
	81	79
	82	80
	83	81
	85	83
	87	85
	88	86
	89	87
	90	88
	91	89
	93	92
	96	95
	97	96
	98	97
	99	98
	101	100
	104	103
	105	104
	107	106
	109	107
	110	108
	111	109
	113	110
	114	111
	116	114
	119	116
	122	119
	124	120
	125	121
	126	122
	127	123
	128	124
	130	125
	131	126
	133	129
	134	130
	137	133
	139	134
	140	135
	141	136
	142	138
	144	140
	145	141
	146	142
	149	145
	150	146
	151	147
	153	149
	154	150
	156	153
	158	154
	159	155
	160	156
	164	159
	165	162
	167	163
	169	164
	170	165
	171	166
	172	167
	173	168
	174	169
	175	170
	176	171
	178	173
	179	174
	181	177
	183	178
	184	179
	186	181
	189	183
	190	184
	191	185
	192	186
	194	189
	198	193
	199	194
	200	195
	201	197
	203	199
	204	200
	205	201
	206	202
	207	203
	209	206
	212	209
	215	212
	216	213
	217	214
	219	215
	220	216
	223	219
	224	220
	225	222
	227	222
	229	224
	230	225
	231	226
	232	227
	233	228
	235	231
	238	234
	243	239
	244	240
	246	242
	247	243
	249	245
	250	246
	252	248
	255	250
com/mojang/blaze3d/platform/NativeImage	826	801
	513	491
	514	493
	515	494
	516	495
	519	498
	523	502
	524	503
	526	505
	527	506
	530	508
	535	514
	537	517
	538	518
	539	519
	541	522
	542	523
	545	526
	546	527
	548	529
	40	38
	42	40
	557	534
	558	535
	560	538
	561	539
	562	540
	563	541
	564	542
	53	50
	54	51
	566	544
	567	545
	568	547
	57	54
	569	548
	58	66
	570	549
	571	550
	60	55
	61	56
	62	57
	574	553
	63	58
	64	59
	65	60
	66	61
	578	556
	579	557
	68	63
	580	558
	70	68
	583	561
	73	71
	74	79
	587	564
	76	72
	588	565
	77	73
	78	74
	79	75
	80	76
	81	77
	82	81
	595	568
	596	569
	597	570
	86	85
	598	571
	599	572
	600	573
	90	89
	603	576
	94	93
	607	579
	608	581
	609	582
	610	583
	99	97
	611	584
	612	586
	101	100
	613	587
	102	101
	614	588
	103	102
	615	589
	616	590
	105	104
	617	591
	106	105
	620	594
	111	110
	625	597
	626	598
	115	114
	627	599
	116	115
	117	116
	629	602
	118	117
	630	603
	119	118
	631	604
	632	604
	634	606
	125	123
	126	124
	638	609
	639	610
	128	127
	129	128
	642	760
	131	131
	643	761
	132	132
	644	762
	133	133
	645	763
	134	134
	136	135
	137	136
	138	137
	651	768
	140	140
	652	769
	655	772
	145	151
	146	152
	147	153
	148	154
	150	156
	151	157
	663	614
	153	159
	156	162
	157	163
	669	615
	159	165
	675	616
	165	169
	166	170
	167	171
	169	173
	681	617
	172	177
	173	178
	176	181
	180	185
	184	189
	190	193
	191	194
	192	197
	193	198
	195	201
	707	634
	196	202
	708	635
	197	203
	709	636
	710	637
	711	638
	712	639
	713	640
	714	641
	203	207
	715	642
	204	208
	716	643
	205	211
	717	644
	206	212
	718	645
	719	646
	208	215
	720	647
	209	216
	210	217
	211	218
	723	650
	214	221
	215	222
	727	654
	728	655
	217	225
	729	656
	219	226
	220	227
	732	659
	221	228
	733	660
	222	229
	734	661
	223	231
	224	232
	737	664
	226	235
	741	668
	230	239
	231	240
	233	243
	745	672
	235	244
	236	245
	237	247
	749	676
	238	248
	240	250
	753	680
	245	253
	757	684
	246	254
	248	257
	249	258
	761	688
	250	259
	251	260
	765	692
	255	264
	257	265
	769	696
	258	266
	259	269
	260	270
	773	700
	262	273
	263	274
	264	275
	265	276
	777	704
	268	279
	269	280
	781	708
	270	281
	271	284
	272	285
	785	712
	275	288
	276	289
	789	716
	280	293
	281	294
	793	720
	282	295
	283	298
	284	299
	797	724
	287	302
	288	303
	801	728
	292	307
	293	308
	805	732
	294	309
	295	312
	296	313
	809	736
	299	316
	300	317
	813	740
	305	321
	817	744
	306	322
	307	325
	819	746
	308	326
	821	748
	311	329
	823	750
	312	330
	826	753
	320	334
	321	335
	323	338
	325	339
	326	340
	327	341
	328	342
	330	343
	331	344
	332	345
	333	346
	335	347
	336	348
	338	349
	339	350
	340	351
	341	352
	343	353
	344	354
	346	357
	347	358
	349	361
	350	362
	352	365
	353	366
	356	369
	357	370
	358	371
	359	372
	361	373
	362	374
	367	378
	368	379
	370	382
	371	383
	372	385
	373	386
	374	387
	375	388
	376	388
	377	388
	378	388
	379	388
	383	392
	387	396
	388	397
	391	400
	392	401
	397	404
	398	405
	399	405
	400	405
	402	407
	404	409
	408	413
	409	414
	410	415
	413	416
	414	417
	416	419
	418	422
	419	423
	421	424
	423	425
	424	426
	425	427
	426	428
	429	431
	430	432
	433	435
	436	438
	437	439
	439	440
	441	441
	443	442
	444	443
	445	444
	446	445
	450	449
	453	452
	454	453
	455	454
	457	457
	458	458
	459	459
	460	460
	463	463
	464	464
	465	465
	466	466
	469	469
	470	470
	473	473
	474	475
	476	479
	477	480
	479	483
	480	484
	488	783
	489	784
	493	788
	495	791
	496	792
	497	793
	499	795
	502	798
	503	799
	505	801
	510	487
	511	488
net/minecraft/client/gui/screens/multiplayer/WarningScreen	70	68
	66	64
	67	65
	70	68
	22	23
	23	24
	26	27
	27	28
	28	29
	29	30
	30	31
	36	37
	38	38
	40	39
	42	40
	43	41
	44	42
	45	43
	48	46
	49	47
	53	51
	58	56
	59	57
	60	58
	61	59
	62	60
	63	61
net/minecraft/client/renderer/debug/DebugRenderer	294	197
	256	167
	265	172
	266	173
	268	174
	269	190
	272	175
	273	176
	274	177
	275	178
	277	179
	278	180
	279	181
	280	182
	282	183
	283	184
	285	185
	287	188
	288	190
	294	197
	52	50
	53	51
	54	52
	55	53
	56	54
	57	55
	58	56
	59	57
	60	58
	61	59
	62	60
	63	61
	64	62
	65	63
	66	64
	67	65
	68	66
	69	67
	70	68
	71	69
	74	72
	75	73
	76	74
	77	75
	78	76
	79	77
	80	78
	81	79
	82	80
	83	81
	84	82
	85	83
	86	84
	87	85
	88	86
	89	87
	90	88
	91	89
	92	90
	93	91
	94	92
	97	95
	98	96
	106	100
	107	101
	178	104
	179	105
	182	108
	183	109
	188	111
	189	112
	190	113
	192	114
	194	115
	195	116
	196	117
	197	118
	198	119
	201	121
	203	121
	206	121
	213	129
	214	130
	215	135
	218	131
	219	132
	220	133
	221	135
	227	138
	228	139
	229	144
	232	140
	233	141
	234	142
	235	144
	238	147
	239	148
	242	153
	243	154
	244	155
	247	158
	248	159
	251	162
	252	163
	255	166
net/minecraft/client/animation/definitions/WardenAnimation	680	917
	10	12
	11	13
	12	17
	13	18
	14	19
	15	20
	16	21
	17	22
	18	23
	19	24
	20	25
	21	26
	22	27
	23	28
	24	29
	25	30
	26	31
	27	32
	29	35
	30	39
	31	40
	32	41
	33	42
	34	43
	35	44
	36	45
	37	46
	38	47
	39	48
	40	49
	41	50
	42	51
	43	52
	44	53
	45	54
	46	55
	48	58
	49	62
	50	63
	51	64
	52	65
	53	66
	54	67
	55	68
	56	69
	57	70
	58	71
	59	72
	60	73
	61	74
	62	75
	63	76
	64	77
	65	78
	66	79
	68	82
	69	86
	70	87
	71	88
	72	89
	73	90
	74	91
	75	92
	76	93
	77	94
	78	95
	79	96
	80	97
	81	98
	82	99
	83	100
	84	101
	85	102
	87	105
	88	109
	89	110
	90	111
	91	112
	92	113
	93	114
	94	115
	95	116
	96	117
	98	120
	99	124
	100	125
	101	126
	102	127
	103	128
	104	129
	105	130
	106	131
	107	132
	109	135
	110	139
	111	140
	112	141
	113	142
	114	143
	115	144
	116	145
	117	146
	118	147
	120	150
	121	154
	122	155
	123	156
	124	157
	125	158
	126	159
	127	160
	128	161
	129	162
	131	165
	132	169
	133	170
	134	171
	135	172
	136	173
	137	174
	138	175
	139	176
	140	177
	141	178
	142	179
	143	180
	144	181
	145	182
	146	183
	147	184
	148	185
	149	186
	150	187
	152	190
	153	194
	154	195
	155	196
	156	197
	157	198
	158	199
	159	200
	160	201
	161	202
	162	203
	163	204
	164	205
	165	206
	166	207
	167	208
	168	209
	169	210
	171	213
	172	217
	173	218
	174	219
	175	220
	176	221
	177	222
	178	223
	179	224
	180	225
	181	226
	182	227
	183	228
	184	229
	185	230
	186	231
	187	232
	188	233
	189	234
	190	235
	191	236
	192	237
	193	238
	195	241
	196	245
	197	246
	198	247
	199	248
	200	249
	201	250
	202	251
	203	252
	204	253
	205	254
	206	255
	207	256
	208	257
	209	258
	210	259
	211	260
	212	261
	213	262
	214	263
	216	266
	217	270
	218	271
	219	272
	220	273
	221	274
	222	275
	223	276
	224	277
	225	278
	226	279
	227	280
	229	283
	230	287
	231	288
	232	289
	233	290
	234	291
	235	292
	236	293
	237	294
	238	295
	239	296
	240	297
	241	298
	242	299
	243	300
	244	301
	245	302
	246	303
	248	306
	249	310
	250	311
	251	312
	252	313
	253	314
	254	315
	255	316
	256	317
	257	318
	258	319
	259	320
	260	321
	262	324
	263	328
	264	329
	265	330
	266	331
	267	332
	268	333
	269	334
	270	335
	271	336
	272	337
	273	338
	274	339
	275	340
	276	341
	277	342
	279	345
	281	346
	282	347
	283	351
	284	352
	285	353
	286	354
	287	355
	288	356
	289	357
	290	358
	291	359
	292	360
	293	361
	294	362
	295	363
	296	364
	297	365
	298	366
	299	367
	300	368
	301	369
	303	372
	304	376
	305	377
	306	378
	307	379
	308	380
	309	381
	310	382
	311	383
	312	384
	313	385
	314	386
	316	389
	317	393
	318	394
	319	395
	320	396
	321	397
	322	398
	323	399
	325	402
	326	406
	327	407
	329	410
	330	414
	331	415
	332	416
	333	417
	334	418
	335	419
	336	420
	337	421
	338	422
	339	423
	341	426
	342	430
	343	431
	344	432
	345	433
	346	434
	348	437
	349	441
	350	442
	351	443
	352	444
	353	445
	354	446
	355	447
	356	448
	357	449
	358	450
	359	451
	360	452
	362	455
	363	459
	364	460
	365	461
	366	462
	367	463
	368	464
	369	465
	370	466
	372	469
	373	473
	374	474
	375	475
	376	476
	377	477
	378	478
	379	479
	380	480
	381	481
	383	484
	384	488
	385	489
	386	490
	387	491
	388	492
	389	493
	390	494
	391	495
	393	498
	394	502
	395	503
	396	504
	397	505
	398	506
	399	507
	400	508
	401	509
	402	510
	404	513
	405	517
	406	518
	407	519
	408	520
	409	521
	410	522
	411	523
	412	524
	414	527
	416	528
	417	529
	418	533
	419	534
	420	535
	421	536
	422	537
	423	538
	424	539
	425	540
	427	543
	428	547
	429	548
	430	549
	431	550
	432	551
	434	554
	435	558
	436	559
	437	560
	438	561
	439	562
	440	563
	441	564
	442	565
	444	568
	445	572
	446	573
	447	574
	448	575
	449	576
	450	577
	452	580
	453	584
	454	585
	455	586
	456	587
	457	588
	458	589
	459	590
	460	591
	462	594
	463	598
	464	599
	465	600
	466	601
	467	602
	468	603
	469	604
	470	605
	472	608
	473	612
	474	613
	475	614
	476	615
	477	616
	478	617
	479	618
	481	621
	482	625
	483	626
	484	627
	485	628
	486	629
	488	632
	489	636
	490	637
	491	638
	492	639
	493	640
	494	641
	495	642
	497	645
	498	649
	499	650
	500	651
	501	652
	502	653
	504	656
	506	657
	507	658
	508	662
	509	663
	510	664
	511	665
	512	666
	513	667
	515	670
	516	674
	517	675
	518	676
	519	677
	520	678
	521	679
	522	680
	523	681
	524	682
	526	685
	527	689
	528	690
	529	691
	530	692
	531	693
	533	696
	534	700
	535	701
	536	702
	537	703
	538	704
	540	707
	542	708
	543	709
	544	713
	545	714
	546	715
	547	716
	549	719
	550	723
	551	724
	552	725
	553	726
	555	729
	556	733
	557	734
	558	735
	559	736
	561	739
	562	743
	563	744
	564	745
	565	746
	567	749
	568	753
	569	754
	570	755
	571	756
	573	759
	574	763
	575	764
	576	765
	577	766
	579	769
	580	773
	581	774
	582	775
	583	776
	585	779
	586	783
	587	784
	588	785
	589	786
	591	789
	593	790
	594	791
	595	795
	596	796
	597	797
	598	798
	599	799
	600	800
	601	801
	602	802
	604	805
	605	809
	606	810
	607	811
	608	812
	609	813
	610	814
	612	817
	613	821
	614	822
	615	823
	616	824
	617	825
	618	826
	620	829
	621	833
	622	834
	623	835
	624	836
	625	837
	626	838
	628	841
	629	845
	630	846
	631	847
	632	848
	633	849
	634	850
	635	851
	637	854
	638	858
	639	859
	640	860
	641	861
	642	862
	644	865
	645	869
	646	870
	647	871
	648	872
	649	873
	650	874
	651	875
	652	876
	653	877
	654	878
	656	881
	657	885
	658	886
	659	887
	660	888
	662	891
	663	895
	664	896
	665	897
	666	898
	667	899
	668	900
	669	901
	670	902
	671	903
	672	904
	674	907
	675	911
	676	912
	677	913
	678	914
	680	917
net/minecraft/client/renderer/Sheets	237	223
	128	119
	132	123
	136	127
	140	131
	144	135
	145	136
	146	137
	147	138
	148	139
	149	140
	151	142
	152	143
	155	146
	156	147
	29	31
	157	148
	30	32
	31	33
	159	149
	32	34
	160	150
	33	35
	161	151
	34	36
	35	37
	163	152
	36	38
	164	153
	165	154
	38	39
	39	40
	167	155
	40	41
	168	156
	41	42
	42	43
	43	44
	171	159
	44	45
	46	46
	47	47
	175	163
	48	48
	49	49
	51	50
	179	167
	52	52
	183	171
	187	175
	191	179
	195	183
	69	54
	71	56
	199	187
	73	57
	75	59
	203	191
	77	63
	79	67
	207	195
	81	73
	83	75
	212	200
	85	76
	213	200
	86	77
	87	78
	215	200
	88	79
	89	80
	90	81
	91	82
	219	204
	92	83
	220	205
	93	84
	221	206
	222	207
	223	209
	96	87
	224	210
	226	211
	100	91
	230	216
	104	95
	232	218
	234	220
	108	99
	237	223
	112	103
	116	107
	120	111
	124	115
com/mojang/realmsclient/gui/screens/RealmsParentalConsentScreen	51	55
	32	34
	33	36
	34	37
	35	41
	36	41
	38	42
	39	43
	43	47
	15	17
	48	52
	49	53
	50	54
	51	55
	20	22
	21	23
	22	24
	26	28
	27	29
	28	30
	29	31
	30	32
	31	33
com/mojang/blaze3d/pipeline/MainTarget	164	146
	128	116
	129	117
	132	120
	134	121
	135	122
	136	124
	138	123
	16	16
	19	19
	147	129
	20	20
	148	130
	22	21
	150	131
	23	22
	151	135
	25	24
	153	132
	154	133
	27	26
	30	29
	159	141
	32	30
	34	31
	35	32
	164	146
	37	33
	38	34
	39	35
	40	36
	41	37
	42	38
	44	39
	45	40
	46	41
	47	42
	48	43
	49	44
	50	45
	52	46
	54	47
	55	48
	57	49
	58	50
	60	51
	61	52
	62	53
	65	56
	67	57
	68	58
	70	59
	71	61
	72	62
	74	63
	75	64
	77	67
	78	68
	81	71
	82	72
	86	76
	90	80
	91	81
	93	82
	94	83
	96	84
	100	88
	101	89
	103	90
	104	91
	106	92
	115	102
	118	105
	127	115
net/minecraft/client/gui/components/ContainerObjectSelectionList	206	212
	130	127
	131	128
	135	132
	140	137
	141	138
	143	141
	144	142
	146	145
	147	146
	22	24
	23	25
	152	151
	28	30
	157	156
	30	31
	158	157
	32	32
	160	160
	33	35
	161	161
	34	36
	35	37
	39	40
	167	167
	40	41
	168	168
	41	42
	169	171
	170	169
	43	43
	171	170
	45	46
	173	173
	46	47
	174	174
	176	177
	49	49
	177	179
	50	50
	178	180
	51	51
	179	181
	180	182
	181	183
	54	53
	55	54
	56	55
	57	57
	186	188
	61	61
	63	65
	64	66
	192	194
	65	67
	193	195
	194	196
	67	70
	195	197
	68	71
	196	198
	69	73
	198	201
	199	202
	200	205
	73	33
	201	206
	204	210
	78	79
	206	212
	79	80
	80	81
	82	83
	86	87
	88	87
	90	87
	95	92
	100	97
	101	98
	102	99
	103	100
	105	102
	106	103
	107	104
	108	105
	111	109
	112	110
	125	122
net/minecraft/client/gui/components/events/ContainerEventHandler	252	250
	27	28
	28	29
	29	30
	32	34
	37	39
	38	40
	39	41
	40	42
	41	43
	43	46
	46	50
	51	55
	53	56
	58	61
	59	61
	61	61
	70	70
	76	75
	81	80
	86	85
	97	95
	101	99
	107	105
	108	106
	109	106
	111	106
	115	110
	116	111
	121	116
	124	117
	125	118
	126	119
	127	120
	132	124
	133	125
	135	127
	136	127
	139	127
	144	133
	145	134
	146	135
	147	136
	150	137
	151	139
	152	140
	154	141
	155	142
	157	144
	161	147
	163	148
	164	149
	166	151
	167	152
	168	153
	169	154
	170	155
	173	159
	178	164
	179	165
	180	166
	181	167
	182	168
	184	170
	185	171
	190	179
	191	180
	192	181
	193	182
	195	183
	196	185
	197	186
	200	187
	201	188
	202	189
	203	190
	204	191
	205	192
	206	192
	207	193
	213	200
	214	203
	215	205
	216	207
	217	208
	218	209
	219	210
	222	214
	227	221
	228	222
	230	223
	232	225
	233	228
	234	229
	237	230
	238	232
	240	234
	241	235
	242	236
	245	241
	246	243
	247	244
	248	245
	249	246
	252	250
net/minecraft/client/particle/FallingDustParticle	96	90
	64	57
	67	60
	68	61
	69	62
	70	64
	76	71
	77	72
	82	76
	19	21
	83	77
	20	22
	84	78
	22	23
	23	24
	87	81
	24	25
	88	82
	89	83
	26	26
	90	84
	28	27
	92	87
	93	88
	30	28
	94	89
	31	29
	32	30
	96	90
	34	31
	35	32
	36	33
	40	37
	45	42
	50	47
	51	48
	52	49
	54	50
	55	51
	56	64
	59	53
	61	54
	62	55
	63	56
net/minecraft/client/particle/EnchantmentTableParticle	115	109
	12	15
	14	16
	15	17
	16	18
	17	19
	18	20
	19	21
	20	22
	21	23
	22	24
	23	25
	24	26
	25	27
	27	28
	29	29
	30	30
	31	31
	32	32
	34	33
	36	34
	37	35
	41	39
	46	44
	47	45
	48	46
	52	50
	54	51
	55	52
	56	53
	58	54
	59	55
	60	56
	61	57
	62	58
	64	61
	69	66
	70	67
	71	68
	73	69
	74	70
	75	81
	78	72
	79	73
	81	74
	82	75
	83	76
	84	77
	85	78
	86	79
	87	81
	93	103
	94	104
	98	107
	99	108
	100	109
	108	88
	109	89
	113	92
	114	93
	115	94
net/minecraft/client/model/PiglinHeadModel	42	41
	32	32
	34	33
	35	34
	36	35
	37	36
	41	40
	42	41
	17	18
	18	19
	19	20
	20	21
	23	24
	24	25
	26	26
	31	31
net/minecraft/client/gui/font/providers/GlyphProviderType	32	32
	16	18
	32	32
	22	23
	23	24
	24	25
	9	12
	10	13
	11	14
	12	15
	28	28
	13	16
net/minecraft/client/renderer/entity/player/PlayerRenderer	239	236
	45	47
	47	48
	48	51
	49	52
	50	53
	52	56
	53	57
	54	58
	55	59
	56	60
	57	61
	58	62
	59	63
	60	64
	61	65
	65	68
	66	69
	67	70
	71	73
	72	73
	75	73
	79	77
	80	78
	81	79
	82	80
	83	81
	85	83
	87	84
	88	85
	89	86
	90	87
	91	88
	92	89
	94	90
	96	91
	97	92
	100	93
	101	94
	104	97
	105	98
	106	99
	108	101
	109	102
	112	105
	116	108
	117	109
	118	110
	121	113
	122	114
	123	115
	124	116
	125	119
	126	120
	127	123
	128	124
	129	127
	130	128
	131	131
	132	132
	133	135
	134	136
	135	139
	136	140
	139	142
	140	143
	144	146
	149	150
	154	154
	155	155
	156	156
	160	159
	162	160
	163	161
	164	162
	165	163
	166	164
	167	165
	168	167
	169	173
	173	177
	174	178
	175	179
	178	182
	179	183
	182	186
	183	187
	186	192
	187	193
	189	194
	190	195
	191	196
	192	197
	193	198
	194	199
	195	200
	196	201
	197	204
	201	207
	202	208
	203	209
	205	210
	206	211
	208	212
	209	213
	212	216
	213	217
	214	218
	215	219
	216	220
	217	221
	218	222
	219	223
	221	225
	222	226
	226	227
	229	228
	230	229
	232	230
	234	231
	237	234
	239	236
net/minecraft/client/renderer/block/model/Variant	127	122
	64	61
	65	61
	66	63
	68	62
	73	72
	74	73
	75	74
	76	75
	77	75
	25	27
	26	28
	27	29
	28	30
	92	90
	29	31
	94	91
	95	92
	32	34
	96	93
	97	94
	99	95
	37	39
	103	99
	42	44
	107	103
	108	104
	46	48
	110	105
	111	106
	112	107
	114	109
	51	53
	118	114
	122	118
	124	119
	61	58
	125	120
	62	59
	127	122
com/mojang/realmsclient/gui/screens/RealmsLongRunningMcoTaskScreen	120	135
	64	78
	65	79
	67	81
	72	87
	74	88
	75	89
	76	91
	79	94
	80	95
	81	96
	82	97
	22	23
	86	101
	24	24
	88	102
	90	103
	91	104
	92	105
	94	107
	97	110
	98	111
	102	115
	103	116
	104	117
	41	58
	105	120
	42	59
	106	121
	43	60
	107	122
	44	61
	108	126
	109	128
	46	62
	47	63
	48	64
	112	131
	49	65
	113	132
	116	135
	53	69
	55	70
	120	50
	57	71
	58	72
	59	73
	63	77
net/minecraft/client/gui/font/providers/UnihexProvider	471	484
	38	39
	53	49
	54	50
	59	55
	64	60
	68	438
	69	439
	70	440
	71	441
	72	443
	74	446
	75	447
	76	448
	78	449
	90	270
	91	271
	92	271
	93	273
	95	275
	98	278
	102	282
	107	286
	112	290
	117	197
	118	198
	119	199
	120	201
	126	207
	127	208
	128	209
	132	213
	137	218
	141	222
	142	223
	147	228
	148	229
	150	231
	152	233
	153	234
	154	235
	155	236
	156	237
	161	241
	163	243
	164	244
	165	245
	166	246
	167	248
	168	249
	169	250
	170	251
	175	256
	176	257
	177	258
	178	259
	179	260
	180	261
	182	262
	193	409
	194	411
	195	412
	197	415
	201	419
	202	420
	206	423
	208	424
	209	425
	211	427
	212	428
	214	431
	220	65
	221	66
	223	68
	224	69
	225	73
	227	70
	228	71
	231	76
	234	79
	235	80
	236	81
	238	83
	243	171
	247	175
	248	176
	249	178
	250	179
	251	180
	252	181
	253	182
	255	185
	260	190
	267	463
	271	467
	272	468
	273	470
	274	471
	275	472
	276	473
	277	474
	278	475
	279	476
	281	479
	286	484
	295	356
	299	360
	300	361
	301	362
	302	364
	303	365
	304	366
	305	367
	306	368
	307	369
	308	370
	309	371
	310	372
	311	373
	313	376
	317	380
	318	381
	319	382
	320	384
	321	385
	322	386
	323	387
	324	388
	325	389
	326	390
	327	391
	328	392
	329	393
	330	394
	331	395
	333	398
	339	298
	344	303
	349	308
	354	313
	359	318
	362	321
	367	326
	372	331
	377	336
	378	337
	379	338
	380	339
	381	340
	386	344
	399	87
	401	88
	403	91
	404	92
	405	93
	410	97
	411	98
	413	101
	414	103
	415	104
	418	107
	419	108
	420	109
	421	111
	422	112
	423	113
	424	114
	425	115
	427	117
	430	120
	431	121
	432	122
	434	94
	437	127
	441	131
	442	132
	443	133
	444	134
	445	135
	446	136
	447	137
	448	138
	449	139
	450	140
	451	141
	452	143
	453	144
	454	145
	455	146
	456	147
	457	148
	459	142
	465	154
	466	155
	467	156
	468	159
	469	160
	471	163
net/minecraft/client/renderer/blockentity/LecternRenderer	43	39
	33	31
	34	32
	36	33
	38	34
	39	35
	40	36
	42	37
	43	39
	18	22
	19	23
	23	26
	24	27
	25	39
	28	28
	29	29
	31	30
net/minecraft/client/model/SheepModel	52	45
	32	30
	33	31
	36	33
	41	37
	43	38
	44	39
	45	40
	49	43
	18	19
	19	20
	51	44
	52	45
	22	23
	23	24
	25	25
	26	26
	27	26
	28	26
	30	28
	31	30
net/minecraft/client/particle/ItemPickupParticle	74	82
	64	61
	65	73
	66	74
	70	78
	71	79
	72	80
	74	82
	25	27
	26	28
	29	33
	30	34
	31	35
	32	36
	33	37
	34	38
	37	41
	38	41
	41	41
	46	46
	51	51
	52	52
	54	53
	55	54
	56	55
	58	56
	59	57
	60	58
	62	59
	63	60
net/minecraft/client/color/block/BlockColor	0	0
net/minecraft/client/gui/components/EditBox	592	571
	515	499
	516	505
	518	500
	519	501
	520	502
	522	505
	525	508
	529	512
	530	513
	533	516
	537	520
	539	521
	541	522
	542	523
	543	524
	545	527
	546	528
	547	529
	549	530
	550	531
	552	534
	553	535
	554	536
	555	537
	558	540
	560	542
	563	545
	564	546
	567	549
	57	57
	571	553
	572	554
	62	62
	63	63
	575	557
	576	558
	66	66
	67	67
	579	561
	68	68
	580	561
	69	69
	582	561
	71	71
	74	74
	75	75
	587	566
	588	567
	78	78
	79	79
	591	570
	592	571
	82	82
	83	83
	87	87
	88	88
	92	92
	93	103
	96	93
	97	94
	99	96
	102	99
	103	100
	104	101
	105	103
	108	106
	112	110
	113	111
	115	112
	119	116
	120	117
	123	120
	124	121
	125	122
	127	123
	128	124
	129	125
	130	126
	131	127
	134	130
	135	131
	136	137
	139	132
	140	133
	141	134
	143	135
	144	137
	147	140
	148	141
	150	143
	153	146
	154	147
	156	149
	158	151
	161	154
	162	161
	165	155
	166	156
	167	161
	170	158
	171	161
	174	164
	175	180
	178	165
	179	166
	180	180
	183	168
	185	169
	186	170
	187	171
	188	180
	191	172
	193	173
	194	180
	197	174
	198	175
	199	180
	202	183
	206	187
	210	191
	211	192
	212	193
	214	195
	215	196
	216	207
	217	208
	219	211
	220	212
	223	197
	225	198
	226	199
	227	200
	229	202
	230	203
	236	217
	240	221
	241	222
	244	225
	248	229
	250	230
	251	231
	254	234
	255	235
	258	238
	259	239
	262	242
	263	243
	266	246
	267	247
	271	251
	272	252
	275	255
	277	256
	278	257
	279	258
	280	259
	281	262
	282	263
	283	264
	284	267
	285	268
	286	269
	288	272
	289	273
	290	274
	291	275
	292	276
	294	279
	297	281
	299	314
	300	315
	302	317
	305	320
	307	306
	308	307
	310	309
	313	312
	315	283
	316	284
	317	285
	318	286
	321	289
	323	298
	324	299
	325	300
	326	301
	329	304
	331	322
	333	323
	335	325
	337	326
	340	296
	344	332
	349	337
	350	338
	352	341
	353	342
	354	343
	357	346
	360	348
	365	354
	366	355
	367	356
	369	359
	370	360
	371	361
	375	365
	379	369
	380	428
	383	370
	384	371
	385	372
	386	373
	389	376
	390	377
	391	378
	392	379
	393	380
	394	381
	395	382
	396	383
	397	384
	399	385
	400	386
	403	389
	404	390
	405	391
	408	394
	409	395
	411	396
	412	397
	413	398
	414	399
	415	400
	418	403
	419	404
	422	407
	423	408
	426	411
	427	412
	430	415
	431	416
	432	417
	434	419
	438	423
	439	424
	440	425
	442	428
	445	431
	446	432
	447	433
	448	434
	450	437
	451	438
	452	439
	453	440
	456	443
	457	444
	459	447
	460	448
	463	451
	464	452
	467	455
	469	456
	470	457
	471	458
	473	460
	476	463
	480	467
	484	471
	488	475
	489	476
	492	479
	493	480
	496	483
	497	484
	502	489
	503	489
	505	489
	510	494
net/minecraft/client/renderer/debug/VillageSectionsDebugRenderer	53	49
	32	30
	33	31
	37	35
	39	36
	40	37
	41	38
	43	40
	44	41
	47	44
	48	45
	17	15
	49	46
	50	47
	20	18
	52	48
	53	49
	24	22
	25	23
	28	26
	29	27
net/minecraft/client/sounds/SoundEngineExecutor	63	60
	13	14
	14	10
	15	15
	18	18
	19	19
	20	20
	21	21
	22	22
	27	26
	32	30
	37	34
	41	38
	42	39
	44	41
	49	44
	50	45
	53	48
	54	49
	56	52
	57	53
	58	54
	60	57
	61	58
	62	59
	63	60
com/mojang/realmsclient/dto/Backup	59	55
	32	26
	33	27
	35	30
	36	31
	37	32
	38	33
	39	34
	40	36
	41	36
	42	37
	43	38
	47	42
	48	43
	18	17
	50	46
	54	50
	26	22
	58	54
	59	55
	29	23
net/minecraft/client/gui/components/Button	105	96
	67	89
	68	90
	72	94
	73	95
	74	96
	14	16
	79	21
	86	25
	88	26
	89	27
	90	28
	94	32
	95	33
	99	37
	36	58
	37	59
	38	60
	104	42
	105	43
	41	63
	42	64
	43	65
	47	69
	48	70
	52	74
	53	75
	54	76
	58	80
	62	84
	63	85
net/minecraft/client/model/SquidModel	69	62
	65	58
	69	62
	20	21
	21	22
	22	23
	25	26
	29	30
	30	31
	31	32
	33	33
	34	34
	35	35
	36	35
	37	35
	40	37
	41	38
	42	38
	44	40
	45	41
	46	42
	47	43
	48	44
	50	45
	51	46
	53	47
	56	50
	61	55
	63	56
net/minecraft/client/color/item/package-info	0	0
net/minecraft/client/renderer/blockentity/BlockEntityRenderer	20	23
	16	19
	20	23
	12	15
net/minecraft/client/renderer/entity/LlamaSpitRenderer	44	39
	32	31
	34	32
	35	33
	37	34
	39	35
	40	36
	44	39
	15	18
	20	22
	21	23
	22	24
	26	27
	28	28
	29	29
	30	30
com/mojang/realmsclient/util/task/OpenServerTask	72	75
	64	66
	65	67
	66	68
	68	71
	69	72
	72	75
	15	18
	24	26
	25	27
	26	28
	27	29
	28	30
	29	31
	33	35
	34	36
	36	38
	37	39
	38	40
	42	44
	43	45
	44	46
	45	47
	46	48
	49	51
	51	52
	52	53
	54	55
	56	57
	59	60
	60	61
	61	62
	63	65
net/minecraft/realms/RealmsConnect	123	121
	25	27
	33	34
	34	35
	37	38
	38	39
	39	40
	40	41
	42	42
	43	43
	44	44
	47	47
	49	50
	51	51
	52	52
	55	55
	57	56
	58	57
	61	61
	62	63
	63	64
	65	67
	67	68
	68	69
	71	72
	73	73
	74	74
	77	77
	78	78
	79	79
	80	80
	81	81
	82	82
	83	83
	85	84
	86	85
	89	88
	90	89
	92	90
	93	91
	94	92
	97	96
	98	98
	100	100
	101	102
	102	103
	105	106
	107	107
	108	107
	109	108
	110	109
	113	111
	116	114
	117	115
	118	116
	120	118
	123	121
net/minecraft/client/DebugQueryHandler	47	47
	35	35
	36	36
	40	40
	41	41
	42	42
	45	45
	46	46
	47	47
	21	21
	22	22
	25	25
	26	26
	27	27
	28	28
	31	30
net/minecraft/client/Realms32BitWarningStatus	51	57
	34	36
	35	37
	39	41
	40	42
	41	43
	42	44
	43	45
	16	18
	49	55
	50	56
	51	57
	23	25
	24	26
	27	29
	28	30
	29	31
	31	33
net/minecraft/client/gui/layouts/package-info	0	0
net/minecraft/client/renderer/entity/layers/RenderLayer	40	70
	32	62
	33	63
	36	66
	40	70
	18	21
	19	22
	22	42
	23	43
	24	44
	25	45
	26	46
	28	48
	31	61
net/minecraft/client/renderer/texture/SpriteLoader	159	178
	129	143
	130	144
	131	145
	132	146
	133	147
	136	150
	138	151
	139	152
	142	155
	143	163
	144	164
	148	168
	150	169
	151	169
	154	170
	159	178
	32	34
	40	41
	41	42
	42	43
	43	44
	44	45
	47	48
	51	52
	52	53
	54	54
	55	55
	57	57
	58	58
	59	59
	60	60
	61	61
	62	69
	65	72
	69	75
	70	76
	73	78
	74	79
	75	80
	77	82
	81	86
	82	87
	83	88
	84	89
	85	94
	86	97
	87	98
	92	101
	93	102
	94	103
	95	104
	98	106
	99	108
	101	111
	104	114
	108	119
	109	121
	113	126
	114	128
	115	129
	122	136
	123	137
	124	138
	125	139
net/minecraft/client/gui/layouts/Layout	27	23
	22	18
	23	19
	24	20
	26	22
	27	23
	12	14
	13	15
net/minecraft/client/gui/screens/inventory/tooltip/ClientTextTooltip	29	31
	18	20
	23	25
	28	30
	13	15
	29	31
	14	16
net/minecraft/client/model/PufferfishSmallModel	72	60
	65	53
	70	58
	71	59
	72	60
	19	21
	20	22
	21	23
	22	24
	25	27
	26	28
	28	29
	29	30
	30	31
	31	31
	32	31
	34	33
	35	34
	36	34
	37	34
	39	36
	40	37
	41	37
	42	37
	44	39
	45	40
	46	40
	47	40
	49	42
	50	43
	51	43
	52	43
	54	45
	55	46
	56	46
	57	46
	60	48
com/mojang/blaze3d/vertex/BufferVertexConsumer	105	109
	18	21
	19	22
	21	23
	22	30
	24	24
	25	25
	26	26
	27	27
	28	28
	33	36
	34	37
	35	38
	37	39
	38	47
	40	40
	41	41
	42	42
	43	43
	44	44
	45	45
	50	53
	51	54
	52	64
	54	55
	55	61
	57	56
	58	57
	59	58
	60	59
	65	70
	70	75
	75	79
	76	80
	77	81
	79	82
	80	88
	82	83
	83	84
	84	85
	85	86
	90	94
	91	95
	92	96
	94	97
	95	104
	97	98
	98	99
	99	100
	100	101
	101	102
	105	109
net/minecraft/client/renderer/item/package-info	0	0
net/minecraft/client/gui/screens/inventory/CreativeInventoryListener	22	23
	17	19
	18	20
	22	23
	12	15
	13	16
net/minecraft/client/renderer/chunk/VisGraph	162	160
	128	125
	130	128
	133	130
	134	131
	136	134
	139	136
	140	137
	142	140
	145	142
	146	143
	148	146
	21	23
	22	24
	23	25
	151	148
	152	149
	25	27
	154	152
	27	28
	29	29
	157	154
	30	30
	158	155
	31	31
	160	158
	33	32
	34	34
	162	160
	35	35
	36	36
	37	37
	38	38
	43	43
	45	44
	48	47
	49	48
	50	49
	53	52
	57	56
	61	60
	63	61
	64	62
	65	63
	66	64
	68	66
	69	67
	70	68
	75	73
	79	77
	81	78
	82	79
	83	80
	85	82
	86	83
	87	84
	89	86
	90	87
	91	88
	92	89
	93	90
	97	95
	101	99
	102	100
	103	101
	104	102
	105	103
	108	106
	109	107
	110	108
	111	109
	112	110
	115	113
	116	114
	117	115
	118	116
	119	117
	121	119
	124	122
	127	124
net/minecraft/client/model/VexModel	138	146
	128	136
	129	137
	130	138
	133	141
	134	142
	136	144
	138	146
	28	30
	29	31
	30	32
	31	33
	32	34
	33	35
	34	36
	35	37
	36	38
	39	41
	40	42
	42	43
	43	44
	44	45
	45	45
	47	47
	48	50
	49	52
	50	54
	52	56
	53	58
	54	59
	55	61
	56	63
	57	64
	59	66
	60	68
	61	69
	62	71
	63	73
	64	74
	66	76
	71	80
	72	81
	73	82
	74	83
	76	84
	77	85
	79	86
	80	87
	81	88
	83	90
	85	93
	86	94
	87	95
	88	96
	89	97
	90	98
	91	99
	94	102
	95	103
	96	104
	97	105
	98	106
	99	107
	100	108
	101	122
	104	110
	105	111
	106	112
	107	113
	109	116
	110	117
	111	118
	112	119
	114	122
	118	126
	123	131
	124	132
	125	133
	126	134
	127	135
net/minecraft/client/gui/components/Renderable	0	0
net/minecraft/client/resources/sounds/package-info	0	0
net/minecraft/client/resources/sounds/EntityBoundSoundInstance	37	38
	34	34
	35	35
	36	36
	37	38
	12	15
	13	16
	14	17
	15	18
	17	19
	18	20
	19	21
	20	22
	24	26
	29	31
	30	32
	31	38
net/minecraft/client/multiplayer/chat/report/package-info	0	0
net/minecraft/client/renderer/block/ModelBlockRenderer	648	967
	512	770
	513	771
	514	772
	516	773
	517	774
	518	775
	519	776
	521	777
	522	778
	523	779
	524	780
	526	781
	527	782
	528	783
	529	784
	531	785
	532	786
	533	787
	534	788
	537	804
	538	806
	539	807
	541	809
	544	812
	545	813
	34	35
	547	816
	548	817
	550	820
	39	41
	551	821
	40	42
	553	824
	43	56
	44	57
	45	58
	557	828
	558	829
	47	61
	559	830
	48	62
	50	64
	52	66
	564	950
	53	67
	565	951
	54	68
	566	952
	567	953
	56	69
	568	954
	57	70
	569	955
	58	71
	570	956
	571	957
	60	73
	572	958
	573	959
	574	960
	63	87
	575	961
	64	88
	65	89
	67	90
	68	92
	580	966
	69	93
	581	967
	70	94
	71	95
	585	349
	75	96
	76	97
	77	98
	591	394
	81	103
	82	104
	83	105
	84	106
	597	439
	86	108
	89	122
	90	123
	91	125
	603	522
	92	126
	93	127
	94	128
	609	529
	98	129
	99	130
	103	131
	615	574
	105	132
	108	137
	109	138
	110	139
	111	140
	113	142
	116	156
	117	157
	629	626
	118	158
	630	627
	631	628
	120	159
	632	629
	121	164
	633	630
	634	631
	635	632
	636	633
	126	177
	639	645
	640	646
	641	647
	642	648
	643	649
	644	650
	133	199
	645	651
	134	200
	135	201
	136	202
	648	654
	137	203
	139	205
	140	206
	141	207
	144	210
	145	211
	148	216
	149	217
	150	218
	151	219
	152	220
	153	221
	154	223
	155	224
	156	225
	157	226
	158	227
	159	228
	160	229
	161	230
	162	231
	163	232
	166	235
	167	236
	168	237
	169	238
	170	239
	171	240
	172	241
	173	242
	174	243
	175	244
	176	245
	177	246
	178	247
	179	248
	182	251
	183	252
	184	253
	186	255
	187	256
	188	257
	190	259
	191	260
	192	261
	194	263
	195	264
	196	265
	198	267
	199	268
	200	269
	202	271
	203	272
	204	273
	206	275
	207	276
	210	278
	213	292
	214	293
	215	294
	217	295
	218	296
	221	299
	222	300
	223	300
	228	302
	231	307
	232	308
	233	310
	234	311
	235	312
	237	315
	238	316
	239	317
	242	320
	246	324
	247	325
	248	326
	249	327
	251	329
	252	330
	253	331
	255	334
	257	336
	260	836
	261	837
	262	838
	263	839
	264	840
	265	841
	272	848
	273	849
	274	850
	275	851
	276	852
	277	853
	278	854
	279	855
	282	859
	283	860
	284	861
	285	862
	286	863
	289	866
	298	873
	299	874
	302	877
	304	879
	305	880
	308	882
	309	883
	312	886
	314	888
	315	889
	319	896
	320	897
	323	900
	324	901
	325	902
	326	903
	329	906
	330	907
	331	908
	332	909
	333	910
	337	914
	338	915
	339	916
	340	917
	342	920
	344	923
	348	927
	349	928
	350	929
	351	930
	352	931
	356	935
	357	936
	358	937
	359	938
	361	941
	363	944
	367	38
	370	339
	371	340
	374	343
	375	344
	378	660
	379	661
	382	664
	385	669
	386	670
	388	671
	390	672
	392	673
	393	674
	394	675
	395	676
	397	677
	398	678
	399	679
	400	680
	402	681
	403	682
	404	683
	405	684
	407	685
	408	686
	409	687
	410	688
	412	689
	413	690
	414	691
	415	692
	416	693
	417	694
	418	695
	419	696
	430	699
	431	703
	432	704
	433	705
	434	706
	436	700
	437	701
	439	711
	440	715
	441	716
	442	717
	443	718
	445	712
	446	713
	448	723
	449	727
	450	728
	451	729
	452	730
	454	724
	455	725
	457	735
	458	739
	459	740
	460	741
	461	742
	463	736
	464	737
	467	745
	468	746
	469	747
	470	748
	471	749
	474	752
	475	753
	476	754
	478	755
	480	756
	481	790
	482	791
	483	792
	484	793
	486	794
	487	795
	488	796
	489	797
	491	798
	492	799
	493	800
	494	801
	496	757
	497	758
	498	759
	499	760
	501	761
	502	762
	503	763
	504	764
	506	765
	507	766
	508	767
	509	768
	511	769
com/mojang/realmsclient/gui/screens/RealmsUploadScreen	428	396
	42	43
	50	49
	51	50
	84	76
	85	77
	86	78
	87	79
	88	80
	89	81
	90	82
	91	83
	92	84
	96	89
	97	91
	98	93
	100	95
	101	96
	102	97
	104	99
	105	100
	106	101
	107	102
	108	103
	110	105
	113	108
	116	111
	117	112
	120	115
	121	116
	122	117
	126	121
	127	122
	128	123
	130	125
	132	128
	134	130
	139	136
	141	137
	142	138
	143	139
	146	142
	148	143
	149	144
	152	147
	153	148
	154	149
	157	152
	158	153
	159	154
	163	158
	164	159
	167	162
	169	163
	170	164
	173	167
	174	168
	176	169
	177	170
	178	171
	179	172
	181	173
	182	174
	185	177
	186	178
	187	179
	188	180
	189	181
	191	184
	192	185
	195	188
	196	189
	198	191
	200	193
	203	196
	204	197
	205	198
	206	199
	208	201
	212	205
	214	206
	216	207
	217	207
	218	208
	219	209
	222	211
	225	214
	226	215
	227	216
	228	217
	230	220
	231	221
	233	224
	237	228
	240	231
	241	232
	242	233
	245	236
	246	237
	247	342
	250	239
	252	241
	254	243
	255	244
	256	245
	259	248
	260	249
	263	252
	264	253
	268	257
	269	258
	270	342
	273	260
	275	261
	276	262
	277	342
	280	263
	281	264
	282	342
	285	266
	286	267
	288	268
	289	269
	290	342
	294	270
	295	302
	296	303
	297	304
	299	305
	300	306
	302	307
	303	308
	304	309
	306	342
	309	312
	310	313
	311	314
	313	342
	316	271
	318	273
	320	275
	321	276
	322	277
	323	278
	324	279
	325	280
	327	281
	328	282
	330	284
	333	286
	335	288
	336	289
	337	290
	338	291
	339	292
	343	296
	344	297
	345	298
	349	322
	351	324
	353	326
	355	328
	357	329
	358	330
	360	339
	363	331
	365	332
	366	333
	368	334
	369	335
	370	336
	373	342
	374	345
	377	348
	378	349
	381	352
	382	353
	383	354
	386	357
	390	361
	392	364
	393	365
	394	366
	395	367
	396	368
	397	369
	399	371
	400	372
	406	378
	407	396
	410	379
	411	380
	412	381
	413	382
	415	383
	416	384
	417	385
	419	387
	420	388
	422	389
	423	390
	424	391
	428	396
net/minecraft/client/main/SilentInitException	14	14
	9	9
	10	10
	13	13
	14	14
net/minecraft/client/ClientBrandRetriever	12	13
	12	13
net/minecraft/client/gui/components/toasts/package-info	0	0
net/minecraft/client/renderer/blockentity/StructureBlockRenderer	149	135
	129	116
	130	117
	131	118
	132	119
	133	120
	134	121
	135	122
	136	123
	140	127
	144	130
	19	22
	149	135
	23	25
	24	94
	27	26
	28	27
	30	28
	31	94
	33	29
	34	94
	37	30
	38	31
	43	32
	47	33
	50	36
	52	38
	53	39
	54	40
	56	42
	57	43
	58	44
	60	46
	61	47
	65	54
	67	56
	68	57
	69	58
	70	59
	71	60
	73	62
	74	63
	75	64
	76	65
	77	66
	79	68
	80	69
	81	70
	82	71
	83	72
	85	74
	86	75
	87	76
	88	77
	92	80
	93	81
	94	82
	96	83
	98	84
	99	85
	102	88
	103	89
	105	94
	108	97
	109	98
	110	99
	112	101
	113	102
	114	103
	115	104
	116	105
	117	106
	118	107
	119	108
	120	109
	122	110
	123	111
	124	112
	125	113
	126	114
	127	115
net/minecraft/client/renderer/entity/EntityRenderers	194	202
	19	22
	22	24
	23	26
	24	26
	25	26
	29	71
	30	72
	31	73
	32	74
	33	75
	34	76
	35	77
	36	78
	37	79
	38	80
	39	81
	40	82
	41	83
	42	84
	43	85
	44	86
	45	87
	46	88
	47	89
	48	90
	49	91
	50	92
	51	93
	52	94
	53	95
	54	96
	55	97
	56	98
	57	99
	58	100
	59	101
	60	102
	61	103
	62	104
	63	105
	64	106
	65	107
	66	108
	67	109
	68	110
	69	111
	70	112
	71	113
	72	114
	73	115
	74	116
	75	117
	76	118
	77	119
	78	120
	79	121
	80	122
	81	123
	82	124
	83	125
	84	126
	85	127
	86	128
	87	129
	88	130
	89	131
	90	132
	91	133
	92	134
	93	135
	94	136
	95	137
	96	138
	97	139
	98	140
	99	141
	100	142
	101	143
	102	144
	103	145
	104	148
	105	150
	106	151
	107	152
	108	153
	109	154
	110	155
	111	156
	112	157
	113	158
	114	159
	115	160
	116	161
	117	162
	118	163
	119	164
	120	165
	121	166
	122	167
	123	168
	124	169
	125	170
	126	171
	127	172
	128	173
	129	174
	130	175
	131	176
	132	177
	133	178
	134	179
	135	180
	136	181
	137	182
	138	183
	139	184
	140	185
	141	186
	142	187
	143	188
	144	189
	145	190
	146	191
	147	192
	148	193
	149	194
	150	195
	151	198
	152	202
	155	30
	156	31
	159	34
	160	35
	162	37
	163	38
	164	39
	166	41
	167	42
	172	46
	173	47
	175	49
	176	50
	177	51
	179	53
	180	54
	184	58
	185	60
	186	61
	189	61
	190	62
	191	63
	194	67
net/minecraft/client/resources/sounds/AmbientSoundHandler	0	0
com/mojang/blaze3d/font/SpaceProvider	50	54
	49	53
	34	36
	50	54
	22	24
	38	42
	23	25
	39	42
	24	26
	40	43
	44	48
	29	31
net/minecraft/client/gui/screens/recipebook/OverlayRecipeComponent	268	252
	256	225
	257	226
	265	235
	266	236
	267	237
	268	238
	27	29
	33	34
	49	46
	50	47
	52	48
	53	49
	56	52
	58	53
	59	54
	61	55
	62	56
	64	57
	65	58
	66	59
	67	60
	70	61
	71	62
	72	63
	73	64
	76	67
	77	68
	78	69
	79	70
	82	73
	83	74
	84	75
	85	76
	88	79
	90	80
	91	82
	92	83
	93	84
	95	85
	96	86
	97	87
	98	88
	100	90
	104	94
	105	95
	108	98
	113	103
	118	108
	119	109
	122	112
	123	113
	124	114
	125	115
	129	119
	134	124
	139	129
	140	147
	143	130
	145	131
	147	132
	148	133
	150	134
	151	135
	152	136
	154	137
	155	138
	157	139
	159	141
	160	142
	163	145
	164	147
	167	150
	168	151
	171	154
	177	159
	181	163
	186	245
	187	246
	191	250
	192	251
	193	252
	202	173
	203	174
	204	175
	205	176
	206	177
	208	178
	209	179
	212	182
	213	183
	217	187
	218	188
	222	191
	223	192
	224	193
	226	195
	230	199
	231	200
	232	201
	234	204
	235	205
	236	206
	238	209
	240	210
	241	211
	243	213
	244	214
	246	215
	247	216
	248	217
	250	218
	251	219
	254	222
net/minecraft/client/multiplayer/ClientAdvancements	95	100
	64	67
	67	70
	70	73
	74	77
	75	78
	76	79
	78	82
	79	83
	80	84
	81	85
	20	23
	84	88
	87	91
	88	92
	89	93
	90	94
	91	95
	93	98
	95	100
	34	34
	35	35
	36	36
	39	39
	40	40
	41	41
	44	44
	45	45
	46	47
	47	48
	48	49
	49	50
	50	51
	51	52
	52	53
	53	54
	55	57
	56	58
	57	59
	59	62
	60	63
net/minecraft/client/particle/CritParticle	92	92
	67	69
	68	70
	72	73
	9	12
	73	74
	10	13
	74	75
	11	14
	75	76
	12	15
	76	77
	13	16
	14	17
	15	18
	16	19
	17	20
	19	21
	20	22
	84	53
	21	23
	85	54
	22	24
	23	25
	25	26
	89	57
	90	58
	27	27
	91	59
	28	28
	92	60
	29	29
	33	33
	38	38
	39	39
	40	40
	41	41
	45	45
	52	86
	53	87
	57	90
	58	91
	59	92
net/minecraft/client/renderer/block/model/multipart/package-info	0	0
net/minecraft/client/resources/model/AtlasSet	76	91
	64	86
	33	36
	34	37
	35	38
	68	90
	69	91
	38	41
	39	48
	40	49
	41	51
	75	62
	76	63
	50	72
	51	73
	20	23
	52	74
	21	24
	22	25
	23	26
	56	78
	25	28
	28	31
	60	82
net/minecraft/client/renderer/debug/LightSectionDebugRenderer	170	191
	23	25
	26	27
	27	28
	36	36
	37	37
	38	38
	42	42
	43	43
	44	44
	45	45
	48	50
	49	51
	51	52
	52	53
	53	54
	54	55
	57	67
	58	68
	59	69
	60	70
	61	71
	62	72
	63	73
	66	85
	67	86
	68	87
	69	88
	70	89
	71	90
	72	91
	73	92
	74	93
	75	94
	76	95
	79	100
	80	101
	81	102
	82	103
	83	104
	84	105
	85	106
	86	107
	87	108
	88	109
	89	110
	90	111
	92	113
	93	114
	94	115
	95	116
	96	117
	98	119
	99	120
	100	121
	101	122
	102	123
	104	125
	105	126
	106	127
	107	128
	108	129
	110	131
	111	132
	112	133
	113	134
	114	135
	116	137
	117	138
	118	139
	119	140
	120	141
	122	143
	123	144
	124	145
	125	146
	128	148
	131	153
	132	154
	133	155
	134	156
	135	157
	136	158
	138	159
	139	160
	140	161
	141	162
	149	171
	151	172
	152	173
	154	175
	155	176
	156	177
	157	178
	158	179
	159	180
	160	181
	161	182
	162	183
	163	184
	169	190
	170	191
com/mojang/realmsclient/dto/PendingInvitesList	32	36
	16	17
	32	36
	19	20
	21	23
	22	24
	23	25
	24	26
	25	28
	26	29
	29	32
	14	16
	30	33
net/minecraft/client/renderer/package-info	0	0
com/mojang/realmsclient/gui/RowButton	68	72
	68	72
	17	18
	18	19
	19	20
	20	21
	21	22
	24	25
	25	26
	26	27
	27	28
	28	29
	33	34
	37	38
	43	46
	44	47
	45	48
	48	51
	51	56
	52	57
	53	58
	55	59
	56	60
	57	61
	58	62
	59	63
	61	65
	62	66
	63	67
net/minecraft/client/resources/model/UnbakedModel	0	0
net/minecraft/client/renderer/block/model/ItemOverrides	127	127
	30	31
	31	32
	32	33
	35	36
	36	36
	37	36
	38	36
	39	36
	41	37
	42	39
	43	40
	46	43
	47	45
	48	46
	49	47
	51	48
	52	49
	53	50
	54	51
	56	52
	58	55
	59	56
	63	60
	64	61
	65	61
	67	61
	72	66
	73	67
	74	68
	75	69
	76	71
	77	72
	78	73
	79	74
	80	75
	82	77
	86	81
	87	82
	88	83
	89	84
	90	85
	92	88
	97	93
	105	125
	106	126
	107	127
	116	103
	117	104
	118	105
	121	108
	122	109
	123	110
	124	111
	127	115
com/mojang/realmsclient/util/task/package-info	0	0
net/minecraft/client/renderer/debug/SolidFaceRenderer	101	100
	21	24
	22	25
	26	29
	27	30
	29	31
	32	33
	33	34
	35	35
	40	36
	41	38
	42	39
	44	40
	45	41
	46	42
	48	43
	49	44
	50	45
	52	46
	53	47
	54	48
	55	49
	57	50
	58	51
	59	52
	60	53
	61	54
	62	55
	64	58
	65	59
	66	60
	67	61
	68	62
	69	63
	71	66
	72	67
	73	68
	74	69
	75	70
	76	71
	78	74
	79	75
	80	76
	81	77
	82	78
	83	79
	85	82
	86	83
	87	84
	88	85
	89	86
	90	87
	92	90
	93	91
	94	92
	95	93
	96	94
	97	95
	101	100
net/minecraft/client/particle/SpriteSet	0	0
net/minecraft/client/gui/screens/BanNoticeScreen	80	82
	68	72
	69	73
	70	74
	71	75
	72	77
	73	77
	75	77
	80	82
	18	19
	19	20
	22	24
	26	29
	30	33
	31	34
	32	34
	33	34
	38	39
	39	40
	40	41
	41	42
	42	43
	44	45
	45	46
	46	47
	47	48
	49	50
	51	53
	53	55
	57	60
	58	61
	59	62
	60	64
	63	67
net/minecraft/client/gui/components/tabs/GridLayoutTab	33	35
	16	18
	32	34
	17	19
	33	35
	21	23
	26	28
	27	29
	31	33
net/minecraft/client/renderer/entity/WitherBossRenderer	47	40
	32	29
	34	29
	39	33
	41	34
	42	35
	43	36
	14	15
	46	39
	15	16
	47	40
	18	19
	20	20
	21	21
	25	24
	30	28
	31	29
net/minecraft/client/renderer/entity/layers/ElytraLayer	64	62
	64	62
	34	35
	35	36
	36	62
	41	38
	42	38
	43	39
	44	40
	45	41
	46	44
	48	46
	51	49
	54	52
	23	26
	55	53
	57	54
	58	55
	28	30
	60	57
	29	31
	61	59
	30	32
	63	60
net/minecraft/client/renderer/entity/SilverfishRenderer	22	23
	17	19
	22	23
	9	12
	12	15
	13	16
net/minecraft/client/tutorial/FindTreeTutorialStepInstance	96	92
	64	59
	66	61
	70	65
	71	66
	72	67
	73	68
	76	71
	80	75
	81	76
	83	78
	22	24
	86	81
	23	25
	90	85
	91	86
	92	87
	93	88
	30	31
	31	32
	96	92
	35	36
	37	37
	38	38
	39	53
	42	40
	43	41
	44	42
	45	42
	46	43
	47	44
	52	48
	53	48
	54	49
	55	50
	58	53
	62	57
	63	58
com/mojang/blaze3d/systems/package-info	0	0
net/minecraft/client/model/BeeModel	194	152
	40	38
	42	39
	44	40
	45	41
	46	42
	47	43
	49	44
	50	45
	51	46
	52	47
	53	48
	54	49
	57	52
	59	53
	60	54
	62	55
	63	55
	64	55
	66	56
	67	57
	68	57
	70	59
	71	59
	72	59
	75	60
	76	61
	77	61
	78	61
	80	63
	81	64
	82	64
	83	64
	86	66
	87	67
	88	69
	89	69
	90	70
	92	72
	93	74
	94	74
	95	75
	97	77
	98	78
	99	78
	100	78
	102	80
	103	81
	104	81
	105	81
	107	83
	108	84
	109	84
	110	84
	113	86
	118	90
	120	91
	123	92
	124	93
	128	96
	129	97
	130	98
	131	99
	133	100
	134	101
	135	102
	136	103
	137	104
	138	105
	139	106
	141	107
	142	108
	143	109
	145	111
	146	112
	147	113
	149	114
	150	115
	151	116
	153	117
	154	118
	155	119
	157	120
	158	121
	159	122
	162	125
	163	126
	164	127
	165	128
	168	129
	169	130
	170	131
	172	132
	173	133
	175	134
	176	135
	178	136
	182	140
	183	141
	185	143
	189	147
	194	152
net/minecraft/client/gui/screens/Screen	593	600
	512	508
	513	509
	515	512
	516	513
	517	516
	518	517
	521	521
	523	523
	527	527
	528	528
	529	531
	530	532
	531	533
	532	534
	533	535
	534	539
	536	536
	538	540
	539	541
	543	545
	547	549
	548	550
	551	553
	552	554
	555	557
	556	558
	558	560
	561	563
	562	564
	565	567
	566	568
	57	60
	58	61
	59	62
	61	63
	574	597
	575	598
	576	599
	577	600
	581	571
	582	572
	584	574
	588	578
	77	76
	78	77
	593	583
	91	88
	92	89
	93	90
	95	92
	98	95
	99	96
	102	99
	106	103
	110	107
	111	108
	112	109
	113	110
	115	112
	119	116
	120	117
	122	119
	126	123
	127	124
	128	125
	130	128
	131	129
	133	132
	134	136
	135	135
	136	138
	137	137
	138	133
	139	134
	141	140
	142	141
	144	142
	145	143
	146	144
	148	147
	149	148
	152	152
	156	156
	157	157
	161	161
	165	165
	166	166
	167	167
	169	169
	172	172
	173	173
	174	174
	176	176
	180	180
	181	181
	182	182
	185	185
	189	189
	190	190
	193	193
	194	194
	198	198
	199	199
	203	203
	204	204
	205	205
	209	209
	210	210
	212	213
	213	214
	215	217
	216	218
	219	221
	220	222
	221	223
	222	224
	225	227
	229	231
	232	234
	233	235
	236	238
	237	239
	238	240
	239	241
	241	243
	242	244
	243	245
	244	246
	247	250
	249	251
	250	252
	251	253
	253	256
	254	257
	257	260
	258	261
	259	262
	261	264
	263	266
	264	267
	266	269
	267	270
	268	271
	269	272
	270	273
	271	274
	272	275
	273	276
	274	277
	275	278
	278	281
	280	283
	281	284
	283	286
	286	289
	288	292
	292	296
	293	297
	294	298
	295	299
	296	300
	297	301
	299	303
	301	306
	302	307
	304	308
	305	309
	308	312
	309	313
	310	314
	311	315
	315	319
	319	323
	322	326
	325	329
	328	332
	331	335
	332	336
	334	338
	336	340
	339	343
	340	344
	341	345
	342	346
	343	347
	346	350
	350	354
	351	355
	354	358
	355	359
	356	360
	359	363
	360	364
	364	367
	365	368
	368	370
	372	375
	376	380
	380	385
	384	389
	388	393
	392	397
	397	401
	398	402
	402	405
	403	406
	404	407
	405	408
	409	412
	410	413
	411	414
	412	415
	413	416
	414	417
	416	419
	419	422
	420	423
	422	424
	423	425
	426	427
	427	427
	430	427
	435	433
	439	437
	442	440
	443	441
	444	442
	446	444
	449	447
	450	448
	453	451
	454	452
	457	455
	458	456
	461	459
	462	460
	465	463
	469	467
	470	468
	471	469
	472	470
	473	471
	476	474
	479	477
	480	478
	482	480
	485	483
	486	484
	487	485
	488	486
	490	488
	493	491
	497	495
	498	496
	499	497
	501	500
	502	501
	505	504
	507	505
	509	506
	510	507
net/minecraft/client/gui/screens/inventory/HangingSignEditScreen	37	38
	32	33
	33	34
	18	21
	20	22
	37	38
	24	26
	25	27
	12	15
	29	31
	30	32
net/minecraft/client/searchtree/IntersectionIterator	41	39
	32	26
	33	27
	34	28
	35	29
	38	32
	39	33
	41	35
	19	18
	20	19
	22	20
	23	21
	28	25
	29	39
net/minecraft/client/renderer/FaceInfo	81	89
	65	62
	66	63
	69	66
	7	11
	12	17
	78	86
	79	87
	80	88
	17	23
	81	89
	22	29
	27	35
	32	43
	41	71
	42	72
	43	73
	44	74
	45	75
	46	76
	49	47
	50	48
	51	49
	52	50
	53	51
	54	52
	55	53
	56	54
	61	58
net/minecraft/client/sounds/LoopingAudioStream	56	63
	32	23
	36	27
	41	32
	42	33
	43	34
	44	35
	45	36
	46	37
	49	40
	18	58
	19	59
	54	45
	55	46
	56	47
	24	63
	28	19
	29	20
	30	21
	31	22
net/minecraft/client/model/geom/builders/LayerDefinition	19	22
	19	22
	10	13
	11	14
	12	15
	15	18
net/minecraft/client/gui/screens/LanguageSelectScreen	143	147
	128	130
	130	133
	131	134
	133	136
	134	137
	138	142
	139	143
	143	147
	18	20
	24	28
	25	29
	26	30
	30	34
	31	35
	33	36
	35	38
	36	38
	38	40
	39	41
	42	44
	43	45
	44	46
	45	47
	46	48
	47	49
	49	52
	50	53
	54	57
	55	58
	56	59
	57	60
	58	61
	59	62
	62	66
	67	71
	69	72
	70	73
	72	74
	73	75
	77	80
	79	81
	80	82
	81	83
	82	84
	83	85
	84	86
	86	88
	88	89
	89	90
	91	92
	95	96
	100	101
	105	106
	106	107
	114	116
	115	117
	116	118
	120	122
	121	123
	125	127
	126	128
	127	129
net/minecraft/client/renderer/entity/WanderingTraderRenderer	30	30
	17	19
	18	20
	19	21
	23	24
	12	15
	28	28
	29	29
	30	30
	15	18
net/minecraft/client/resources/GrassColorReloadListener	26	26
	17	18
	18	19
	19	20
	25	25
	26	26
	12	14
com/mojang/realmsclient/dto/PingResult	13	14
	10	12
	13	14
net/minecraft/client/gui/screens/ReceivingLevelScreen	73	72
	64	63
	65	64
	68	67
	69	68
	9	12
	73	72
	11	14
	12	15
	16	19
	17	16
	18	20
	22	24
	27	29
	32	34
	34	35
	36	36
	37	37
	42	41
	43	42
	44	58
	46	44
	47	45
	48	46
	50	49
	51	50
	53	51
	54	52
	57	55
	59	58
	63	62
net/minecraft/client/particle/HugeExplosionParticle	55	55
	33	34
	34	35
	35	39
	38	37
	39	39
	11	13
	43	43
	12	14
	13	15
	14	16
	15	17
	16	18
	17	19
	18	20
	50	51
	19	21
	51	52
	20	22
	55	55
	24	26
	29	31
	30	32
	31	33
net/minecraft/client/model/FrogModel	162	117
	128	92
	129	92
	132	94
	133	95
	134	95
	135	95
	138	97
	143	101
	145	102
	146	103
	147	104
	149	105
	150	106
	152	108
	155	111
	157	112
	158	113
	31	32
	32	33
	33	34
	34	35
	162	117
	35	36
	36	37
	37	38
	38	39
	39	40
	40	41
	41	42
	44	45
	45	46
	47	47
	48	47
	49	47
	51	48
	52	50
	53	50
	54	50
	55	51
	57	53
	58	55
	59	55
	60	55
	61	56
	63	58
	64	58
	65	58
	67	59
	68	60
	69	60
	70	60
	72	62
	73	63
	74	63
	75	63
	78	65
	79	67
	80	67
	81	68
	84	70
	85	71
	86	71
	87	71
	90	73
	91	74
	92	74
	93	74
	96	76
	97	77
	98	77
	99	77
	102	79
	103	80
	104	80
	105	80
	108	82
	109	83
	110	83
	111	83
	114	85
	115	86
	116	86
	117	86
	120	88
	121	89
	122	89
	123	89
	126	91
	127	92
net/minecraft/client/model/WaterPatchModel	0	0
net/minecraft/client/gui/layouts/LinearLayout	155	163
	128	141
	131	144
	132	146
	133	149
	135	151
	138	154
	139	155
	140	156
	17	18
	145	161
	18	19
	146	162
	147	163
	21	22
	22	23
	23	24
	154	96
	27	28
	155	97
	29	29
	30	69
	33	30
	34	31
	36	33
	37	34
	38	35
	41	38
	43	39
	45	40
	46	41
	47	42
	48	43
	49	44
	50	45
	51	47
	52	48
	53	49
	54	50
	55	51
	59	55
	60	57
	61	58
	64	61
	65	63
	66	66
	68	69
	72	73
	73	74
	76	77
	80	81
	84	85
	88	89
	89	90
	96	106
	97	107
	98	108
	103	113
	104	114
	105	115
	110	120
	111	121
	112	122
	117	127
	118	128
	119	129
	124	134
	125	136
	126	139
net/minecraft/client/gui/screens/recipebook/RecipeBookTabButton	115	107
	24	24
	25	25
	27	26
	28	27
	31	30
	32	31
	33	32
	34	42
	36	33
	37	34
	38	35
	39	36
	41	37
	45	42
	49	46
	50	47
	51	48
	52	49
	53	50
	54	51
	57	54
	58	55
	60	56
	61	57
	62	58
	63	59
	65	62
	66	63
	69	66
	70	67
	71	68
	74	71
	75	72
	77	73
	79	74
	80	75
	81	76
	83	78
	86	81
	88	82
	90	83
	91	84
	92	85
	93	86
	94	87
	96	89
	99	92
	103	96
	104	97
	106	98
	107	99
	108	100
	109	101
	110	102
	115	107
net/minecraft/client/renderer/entity/DragonFireballRenderer	59	58
	32	32
	34	33
	35	34
	37	35
	38	36
	39	37
	41	38
	43	39
	44	40
	45	41
	46	42
	48	43
	17	19
	18	20
	50	44
	51	45
	21	23
	22	24
	54	48
	55	55
	26	27
	59	58
	31	31
net/minecraft/client/particle/TerrainParticle	88	78
	66	65
	71	70
	74	71
	75	71
	78	71
	19	20
	20	21
	84	77
	85	78
	86	78
	23	24
	24	25
	88	78
	25	26
	26	27
	27	28
	28	29
	29	30
	31	31
	32	32
	33	33
	34	34
	35	35
	38	38
	40	39
	41	40
	42	41
	46	45
	51	50
	56	55
	61	60
net/minecraft/client/model/SpiderModel	143	124
	128	110
	129	111
	130	112
	131	113
	132	114
	133	115
	135	116
	136	117
	137	118
	138	119
	139	120
	140	121
	141	122
	142	123
	143	124
	33	34
	34	35
	35	36
	36	37
	37	38
	38	39
	39	40
	40	41
	41	42
	42	43
	43	44
	46	47
	47	48
	49	49
	50	50
	51	51
	52	51
	53	51
	55	53
	56	54
	57	54
	58	54
	60	56
	61	57
	62	57
	63	57
	65	59
	66	59
	67	60
	68	60
	70	61
	71	62
	72	63
	73	64
	74	65
	75	66
	76	67
	77	68
	79	69
	84	74
	89	79
	90	80
	92	81
	93	82
	94	83
	96	84
	97	85
	99	86
	100	87
	102	88
	103	89
	105	90
	106	91
	107	92
	108	93
	109	94
	110	95
	111	96
	112	97
	113	98
	114	99
	116	100
	117	101
	118	102
	119	103
	121	104
	122	105
	123	106
	124	107
	126	108
	127	109
net/minecraft/client/renderer/entity/TntRenderer	49	47
	32	34
	33	35
	36	38
	37	39
	38	40
	40	41
	42	42
	44	43
	45	44
	17	20
	49	47
	18	21
	19	22
	20	23
	24	26
	25	27
	26	28
	27	29
	28	30
	29	31
	30	32
	31	33
com/mojang/realmsclient/util/UploadTokenCache	19	22
	18	21
	19	22
	10	13
	14	17
	15	18
net/minecraft/client/renderer/entity/BatRenderer	35	36
	32	32
	34	35
	19	21
	35	36
	24	25
	25	26
	11	14
	29	29
	14	17
	30	30
	15	18
net/minecraft/client/renderer/entity/SpectralArrowRenderer	15	17
	7	10
	10	13
	11	14
	15	17
com/mojang/blaze3d/platform/Window	461	447
	31	35
	61	62
	62	63
	64	64
	65	65
	67	66
	69	67
	70	68
	71	69
	72	70
	73	71
	75	73
	77	76
	80	77
	82	78
	83	79
	85	80
	87	81
	88	82
	89	83
	90	84
	91	85
	92	86
	94	87
	96	88
	97	89
	98	90
	99	91
	101	93
	102	94
	103	95
	104	96
	105	97
	108	100
	111	101
	112	102
	113	103
	114	104
	116	105
	118	106
	120	107
	121	108
	122	109
	123	110
	124	111
	125	112
	128	115
	129	116
	134	120
	138	124
	139	126
	140	127
	141	128
	142	129
	143	130
	144	131
	145	132
	148	135
	151	138
	153	139
	154	140
	155	165
	158	142
	159	143
	160	145
	161	146
	162	148
	163	149
	164	150
	165	151
	166	152
	168	153
	169	154
	170	155
	171	156
	175	160
	177	162
	178	165
	182	168
	183	169
	186	172
	189	173
	190	174
	193	177
	194	178
	195	180
	196	182
	200	186
	201	187
	202	188
	203	189
	204	190
	205	191
	208	194
	209	195
	210	196
	212	198
	215	201
	216	202
	217	203
	218	204
	222	208
	223	209
	224	210
	225	211
	226	212
	227	213
	230	216
	231	217
	232	218
	235	221
	236	232
	238	222
	239	223
	241	224
	242	232
	245	225
	246	226
	247	227
	248	228
	250	232
	253	235
	254	236
	255	237
	256	238
	258	239
	259	240
	260	241
	263	244
	264	245
	265	246
	268	249
	269	250
	271	252
	274	255
	275	256
	277	258
	280	261
	281	262
	284	265
	288	269
	289	270
	290	271
	291	272
	293	274
	296	277
	300	281
	301	282
	302	283
	303	284
	305	286
	308	289
	309	290
	310	291
	311	292
	313	294
	316	297
	319	298
	320	299
	321	300
	322	301
	323	302
	324	303
	326	305
	327	306
	329	309
	330	310
	331	311
	332	312
	333	313
	334	314
	336	317
	337	318
	338	319
	339	320
	340	321
	343	324
	344	325
	345	326
	346	327
	347	328
	349	330
	352	333
	353	334
	356	337
	357	338
	358	339
	359	340
	360	341
	363	344
	365	347
	366	348
	367	349
	368	350
	369	351
	370	352
	372	354
	375	357
	376	359
	377	360
	379	363
	380	364
	382	367
	386	371
	387	372
	388	373
	389	374
	390	375
	391	376
	394	379
	395	380
	398	383
	402	387
	406	391
	410	395
	414	399
	415	400
	418	403
	419	404
	422	407
	426	411
	430	415
	434	419
	438	423
	442	427
	446	431
	451	436
	455	440
	456	441
	460	446
	461	447
com/mojang/realmsclient/util/JsonUtils	78	79
	67	69
	68	70
	69	71
	71	73
	76	78
	13	15
	77	79
	14	16
	78	79
	15	17
	16	18
	17	19
	19	21
	22	26
	23	27
	24	28
	26	30
	31	36
	32	37
	33	38
	35	40
	41	46
	42	47
	43	47
	45	47
	49	51
	50	52
	51	53
	53	55
	58	60
	59	61
	60	62
	62	64
net/minecraft/client/gui/layouts/GridLayout	206	218
	129	140
	133	144
	137	148
	18	20
	19	21
	147	159
	148	160
	149	161
	22	24
	150	162
	23	25
	151	163
	152	164
	27	29
	155	167
	29	30
	30	31
	159	171
	32	33
	33	34
	34	35
	37	38
	38	39
	40	41
	168	181
	41	42
	169	182
	42	43
	43	45
	44	46
	172	185
	46	49
	47	50
	48	52
	176	189
	49	53
	180	193
	53	57
	54	58
	56	59
	184	197
	57	61
	185	198
	58	62
	187	199
	60	65
	188	200
	61	67
	189	201
	62	68
	190	202
	192	205
	65	71
	66	72
	194	206
	67	74
	68	75
	70	78
	198	210
	71	79
	73	80
	74	82
	202	214
	75	83
	77	86
	78	87
	206	218
	81	90
	82	91
	83	92
	86	95
	90	99
	94	103
	98	107
	99	108
	101	111
	102	112
	104	115
	105	116
	106	117
	110	121
	111	122
	115	126
	116	127
	120	131
	125	136
	126	137
net/minecraft/client/searchtree/MergingUniqueIterator	46	44
	34	31
	35	32
	37	35
	38	36
	41	39
	42	40
	43	41
	46	44
	20	18
	21	19
	23	20
	24	21
	28	25
	29	26
	30	27
	31	28
net/minecraft/client/gui/screens/PopupScreen	81	80
	64	62
	65	63
	66	64
	67	65
	71	69
	79	78
	80	79
	81	80
	28	28
	29	29
	30	30
	31	31
	32	32
	36	36
	41	41
	42	42
	44	45
	46	46
	47	47
	49	48
	50	49
	52	50
	54	51
	55	53
	56	54
	57	55
	59	57
	63	61
com/mojang/realmsclient/util/task/ResettingGeneratedWorldTask	19	22
	18	21
	19	22
	12	15
	13	16
	14	17
net/minecraft/client/gui/font/providers/package-info	0	0
net/minecraft/client/gui/screens/GenericWaitingScreen	97	93
	64	60
	65	61
	67	64
	68	65
	72	69
	73	70
	75	71
	76	72
	77	73
	79	75
	82	78
	83	79
	87	83
	92	88
	29	28
	93	89
	33	32
	97	93
	37	36
	38	37
	39	38
	40	39
	41	40
	42	41
	46	45
	48	46
	49	47
	52	50
	53	51
	55	52
	56	53
	57	54
	59	55
	60	56
net/minecraft/client/renderer/block/model/ItemTransform	117	104
	19	20
	26	26
	27	27
	28	28
	29	29
	32	32
	33	46
	35	33
	36	34
	37	35
	39	36
	40	37
	41	38
	44	41
	45	42
	46	43
	47	44
	48	46
	52	50
	53	51
	56	54
	57	58
	59	59
	62	55
	67	64
	68	65
	69	66
	70	66
	74	71
	75	72
	76	73
	82	78
	84	79
	86	80
	87	81
	88	82
	89	82
	90	82
	91	82
	94	83
	95	84
	96	84
	97	84
	98	84
	101	85
	105	89
	106	90
	108	93
	109	94
	110	95
	113	98
	114	100
	115	101
	117	104
net/minecraft/client/gui/components/BossHealthOverlay	148	141
	128	121
	129	122
	130	123
	131	124
	136	129
	140	133
	141	134
	142	135
	143	136
	16	21
	148	141
	25	29
	26	30
	29	33
	30	52
	33	34
	35	35
	36	37
	37	38
	39	39
	41	40
	42	41
	43	42
	44	43
	45	44
	46	45
	47	46
	49	47
	53	52
	56	55
	57	56
	58	57
	59	58
	61	60
	64	63
	65	64
	66	65
	67	66
	68	67
	70	69
	73	72
	76	74
	77	75
	81	78
	82	79
	86	82
	87	83
	91	86
	92	87
	96	90
	97	91
	98	92
	99	93
	103	96
	104	97
	105	98
	106	99
	107	100
	109	102
	112	105
	113	106
	116	109
	117	110
	118	111
	119	112
	124	117
net/minecraft/client/animation/definitions/CamelAnimation	413	658
	10	12
	11	13
	12	14
	13	18
	14	19
	15	20
	17	23
	18	27
	19	28
	20	29
	21	30
	22	31
	24	34
	25	38
	26	39
	27	40
	29	43
	30	47
	31	48
	32	49
	33	50
	35	53
	36	57
	37	58
	38	59
	40	62
	41	66
	42	67
	43	68
	44	69
	46	72
	47	76
	48	77
	49	78
	50	79
	52	82
	53	86
	54	87
	55	88
	56	89
	57	90
	59	93
	60	97
	61	98
	62	99
	64	102
	65	106
	66	107
	67	108
	68	109
	70	112
	71	116
	72	117
	73	118
	74	119
	75	120
	77	123
	78	127
	79	128
	80	129
	81	130
	82	131
	84	134
	85	138
	86	139
	87	140
	89	143
	91	144
	92	145
	93	149
	94	150
	95	151
	96	152
	98	155
	99	159
	100	160
	101	161
	102	162
	104	165
	105	169
	106	170
	107	171
	108	172
	110	175
	111	179
	112	180
	113	181
	114	182
	115	183
	117	186
	118	190
	119	191
	120	192
	121	193
	123	196
	124	200
	125	201
	126	202
	127	203
	128	204
	130	207
	131	211
	132	212
	133	213
	134	214
	135	215
	136	216
	138	219
	139	223
	140	224
	141	225
	142	226
	143	227
	144	228
	146	231
	147	235
	148	236
	149	237
	150	238
	151	239
	152	240
	154	243
	155	247
	156	248
	157	249
	158	250
	159	251
	160	252
	162	255
	163	259
	164	260
	165	261
	166	262
	168	265
	169	269
	170	270
	171	271
	172	272
	174	275
	176	276
	177	277
	178	281
	179	282
	181	285
	182	289
	183	290
	185	293
	186	297
	187	298
	189	301
	190	305
	191	306
	193	309
	194	313
	195	314
	197	317
	198	321
	199	322
	201	325
	202	329
	203	330
	205	333
	206	337
	207	338
	209	341
	210	345
	211	346
	213	349
	214	353
	215	354
	217	357
	218	361
	219	362
	221	365
	222	369
	223	370
	225	373
	227	374
	228	375
	229	379
	230	380
	231	381
	232	382
	233	383
	235	386
	236	390
	237	391
	238	392
	239	393
	240	394
	241	395
	243	398
	244	402
	245	403
	246	404
	247	405
	248	406
	249	407
	251	410
	252	414
	253	415
	254	416
	255	417
	256	418
	257	419
	259	422
	260	426
	261	427
	262	428
	263	429
	264	430
	265	431
	267	434
	268	438
	269	439
	270	440
	271	441
	272	442
	273	443
	275	446
	276	450
	277	451
	278	452
	279	453
	280	454
	281	455
	282	456
	284	459
	285	463
	286	464
	287	465
	288	466
	289	467
	290	468
	291	469
	292	470
	294	473
	295	477
	296	478
	297	479
	298	480
	299	481
	300	482
	301	483
	303	486
	304	490
	305	491
	306	492
	307	493
	308	494
	309	495
	310	496
	311	497
	313	500
	314	504
	315	505
	316	506
	317	507
	318	508
	320	511
	321	515
	322	516
	323	517
	324	518
	325	519
	327	522
	329	523
	330	524
	331	525
	332	529
	333	530
	335	533
	336	537
	337	538
	338	539
	339	540
	340	541
	342	544
	343	548
	344	549
	345	550
	346	551
	347	552
	349	555
	350	559
	351	560
	352	561
	353	562
	354	563
	356	566
	357	570
	358	571
	359	572
	360	573
	361	574
	363	577
	364	581
	365	582
	366	583
	367	584
	368	585
	370	588
	371	592
	372	593
	373	594
	374	595
	375	596
	377	599
	378	603
	379	604
	381	607
	382	611
	383	612
	385	615
	387	616
	388	617
	389	621
	390	622
	391	623
	392	624
	394	627
	395	631
	396	632
	397	633
	399	636
	400	640
	401	641
	402	642
	403	643
	404	644
	406	647
	407	651
	408	652
	409	653
	410	654
	411	655
	413	658
net/minecraft/client/renderer/ItemModelShaper	51	53
	35	36
	39	40
	40	41
	43	44
	47	48
	48	50
	49	51
	51	53
	20	22
	21	23
	24	26
	26	27
	31	32
net/minecraft/client/resources/sounds/BeeAggressiveSoundInstance	20	23
	20	23
	9	12
	10	13
	11	14
	15	18
net/minecraft/client/renderer/entity/EntityRendererProvider	67	81
	32	46
	35	49
	67	81
	39	53
	43	57
	47	61
	51	65
	55	69
	25	39
	26	40
	27	41
	59	73
	28	42
	29	43
	30	44
	31	45
	63	77
net/minecraft/client/model/Model	18	20
	18	20
	14	16
	15	17
net/minecraft/client/player/RemotePlayer	104	98
	64	65
	65	66
	67	69
	69	72
	71	73
	74	75
	75	78
	77	76
	16	19
	80	81
	18	20
	82	82
	19	21
	83	83
	20	22
	84	84
	85	85
	24	25
	25	26
	89	88
	26	27
	90	89
	91	90
	28	30
	29	31
	34	35
	98	93
	102	96
	39	40
	103	97
	40	41
	104	98
	41	42
	45	45
	46	46
	47	47
	48	48
	50	49
	51	50
	53	51
	54	52
	55	53
	57	56
	58	57
	59	58
	61	61
	62	62
	63	64
net/minecraft/client/main/Main	295	275
	256	231
	259	234
	260	235
	261	236
	263	238
	264	239
	266	241
	268	243
	271	246
	275	250
	281	256
	282	257
	283	258
	284	258
	285	259
	286	260
	287	261
	290	265
	295	270
	46	49
	50	274
	51	275
	55	53
	56	54
	57	55
	58	56
	60	57
	61	58
	63	59
	64	60
	66	61
	67	62
	68	63
	69	64
	70	65
	71	66
	72	67
	73	68
	74	69
	75	70
	76	71
	77	72
	78	73
	79	74
	80	75
	81	76
	82	77
	83	78
	84	79
	85	80
	86	81
	87	82
	88	83
	89	84
	90	85
	91	86
	92	87
	93	88
	94	89
	95	90
	96	91
	97	92
	98	93
	100	94
	101	95
	103	96
	104	97
	108	100
	109	101
	110	102
	112	104
	113	105
	118	109
	119	110
	120	111
	121	112
	124	115
	130	120
	131	121
	132	122
	133	123
	134	124
	135	125
	136	126
	137	127
	138	128
	139	129
	140	130
	141	131
	142	132
	145	133
	146	134
	147	135
	148	136
	149	137
	150	138
	151	139
	153	140
	154	141
	155	142
	156	143
	159	144
	160	145
	164	148
	166	149
	167	150
	169	151
	170	152
	172	153
	173	154
	174	155
	175	156
	178	160
	179	163
	187	169
	190	172
	191	173
	192	179
	195	174
	196	175
	197	176
	199	179
	201	181
	202	182
	207	186
	208	187
	210	188
	211	189
	212	190
	213	191
	214	192
	215	193
	216	194
	217	195
	218	196
	219	197
	220	198
	221	199
	222	200
	226	204
	227	205
	231	209
	232	210
	233	211
	234	212
	236	214
	239	216
	243	218
	247	221
	249	224
	250	225
	251	226
	252	227
net/minecraft/client/resources/language/FormattedBidiReorder	34	36
	16	18
	32	34
	17	19
	33	35
	18	20
	34	36
	20	21
	21	22
	22	24
	23	25
	24	26
	27	29
net/minecraft/client/renderer/chunk/package-info	0	0
net/minecraft/client/renderer/entity/MagmaCubeRenderer	42	40
	32	31
	33	32
	34	33
	38	36
	39	37
	40	38
	41	39
	42	40
	14	16
	17	19
	18	20
	22	23
	27	27
net/minecraft/client/model/SalmonModel	88	76
	65	53
	66	55
	67	55
	68	56
	71	58
	76	63
	81	68
	82	69
	83	70
	84	71
	21	22
	85	72
	22	23
	23	24
	87	75
	88	76
	26	27
	27	28
	29	29
	30	30
	31	31
	32	31
	33	31
	35	33
	36	34
	37	34
	38	34
	40	36
	41	37
	42	37
	43	37
	45	39
	46	40
	47	40
	48	40
	50	42
	51	43
	52	43
	53	43
	55	45
	56	46
	57	46
	58	46
	60	48
	61	50
	62	50
	63	51
net/minecraft/client/renderer/blockentity/SignRenderer	235	245
	44	45
	46	47
	52	52
	53	55
	54	55
	56	58
	57	59
	61	62
	62	63
	63	64
	64	65
	65	66
	66	67
	67	68
	70	71
	74	75
	79	89
	80	90
	81	91
	82	92
	83	102
	84	112
	85	113
	88	116
	89	117
	91	118
	92	119
	94	121
	97	124
	98	125
	99	126
	100	127
	101	128
	102	129
	103	130
	104	131
	107	134
	108	135
	109	136
	112	139
	117	143
	118	144
	119	145
	120	146
	121	147
	122	148
	123	149
	129	154
	130	155
	131	156
	132	157
	134	159
	135	160
	136	161
	139	164
	140	165
	141	166
	143	167
	144	168
	146	170
	149	174
	150	175
	153	178
	154	179
	157	182
	158	183
	159	184
	160	185
	163	188
	167	192
	168	193
	171	196
	172	197
	173	198
	174	199
	177	202
	178	203
	186	207
	188	208
	189	209
	192	212
	193	213
	194	214
	195	215
	197	216
	201	220
	205	224
	206	225
	208	226
	209	226
	210	226
	213	227
	214	227
	215	227
	219	228
	227	237
	228	238
	229	239
	230	240
	234	244
	235	245
com/mojang/realmsclient/client/RealmsClientConfig	19	22
	16	19
	17	20
	19	22
	12	15
net/minecraft/client/server/LanServer	26	29
	17	20
	21	24
	25	28
	26	29
	11	14
	12	15
	13	16
	14	17
net/minecraft/client/particle/PlayerCloudParticle	89	88
	68	68
	69	69
	73	72
	12	15
	13	16
	14	17
	16	18
	17	19
	81	81
	18	20
	82	82
	19	21
	20	22
	21	23
	22	24
	86	85
	87	86
	24	25
	88	87
	25	26
	89	88
	26	27
	27	28
	28	29
	30	30
	31	31
	33	32
	34	33
	35	34
	39	38
	44	43
	49	48
	50	49
	51	50
	52	51
	53	52
	54	53
	55	54
	56	55
	57	56
	58	57
	62	61
net/minecraft/client/renderer/entity/PandaRenderer	113	99
	17	20
	18	21
	19	22
	20	23
	21	24
	22	25
	23	26
	24	27
	25	28
	28	31
	30	32
	31	33
	35	36
	40	40
	42	41
	43	42
	44	43
	46	44
	47	45
	49	46
	50	47
	51	48
	52	49
	54	50
	55	51
	56	52
	57	53
	58	54
	59	55
	60	56
	62	57
	63	58
	64	59
	65	60
	66	61
	67	62
	68	63
	70	64
	71	65
	72	66
	73	67
	74	68
	75	69
	76	70
	78	71
	79	72
	83	76
	84	77
	85	78
	86	79
	89	80
	91	81
	92	82
	94	83
	95	84
	96	85
	101	90
	102	91
	103	92
	104	93
	105	94
	107	96
	110	99
	111	99
	113	99
net/minecraft/client/resources/metadata/animation/AnimationFrame	23	26
	16	19
	19	22
	23	26
	10	13
	11	14
	14	17
	15	18
net/minecraft/client/gui/narration/NarratableEntry	20	22
	20	22
	9	12
net/minecraft/client/quickplay/QuickPlay	104	104
	30	32
	31	33
	32	34
	33	35
	35	36
	36	37
	37	38
	40	41
	41	42
	42	43
	44	44
	45	45
	46	46
	47	47
	48	48
	49	49
	50	50
	52	52
	53	53
	56	56
	57	57
	58	58
	59	63
	61	60
	62	61
	63	63
	66	66
	67	67
	68	68
	69	69
	70	70
	71	71
	72	72
	75	75
	76	76
	77	77
	83	83
	84	84
	85	85
	86	86
	87	87
	88	88
	89	89
	90	90
	91	91
	92	92
	94	95
	95	96
	96	97
	97	98
	98	104
	101	100
	102	101
	103	102
	104	104
net/minecraft/client/gui/screens/inventory/FurnaceScreen	14	17
	10	13
	13	16
	14	17
net/minecraft/client/model/AxolotlModel	352	278
	34	34
	35	35
	36	36
	37	37
	38	38
	39	39
	40	40
	41	41
	42	42
	43	43
	44	44
	45	45
	48	48
	49	49
	51	50
	52	52
	53	52
	54	52
	55	53
	58	55
	59	56
	60	57
	61	57
	62	57
	65	59
	66	59
	67	60
	68	60
	69	61
	70	61
	72	62
	73	63
	74	64
	76	65
	77	65
	78	66
	79	66
	81	67
	82	68
	83	69
	84	70
	85	71
	86	72
	87	72
	88	72
	91	74
	96	79
	101	84
	106	88
	108	89
	109	90
	111	91
	112	114
	115	93
	116	93
	117	93
	119	94
	120	95
	121	96
	123	98
	126	101
	127	114
	130	103
	131	104
	132	105
	134	107
	138	111
	139	114
	142	117
	143	118
	144	119
	145	120
	146	121
	147	122
	148	123
	149	124
	150	125
	151	126
	152	127
	153	128
	156	131
	160	135
	161	136
	165	139
	166	140
	167	141
	169	142
	170	143
	171	144
	172	145
	173	146
	174	147
	175	148
	176	149
	177	150
	178	151
	179	152
	180	153
	182	155
	183	156
	184	157
	185	158
	186	159
	187	160
	188	161
	189	162
	190	163
	191	164
	193	166
	196	169
	200	173
	204	177
	205	178
	209	181
	210	182
	211	183
	212	184
	213	185
	215	186
	216	187
	217	188
	219	189
	221	190
	222	191
	223	192
	225	193
	226	194
	228	195
	231	196
	234	197
	235	198
	236	199
	240	202
	241	203
	242	204
	243	205
	245	206
	246	207
	247	208
	249	209
	251	210
	252	211
	253	212
	255	213
	256	214
	257	215
	258	216
	261	217
	264	218
	265	219
	266	220
	270	223
	271	224
	272	225
	274	226
	275	227
	277	228
	279	229
	280	230
	281	231
	283	232
	284	233
	286	234
	288	235
	291	236
	292	237
	293	238
	297	241
	298	242
	299	243
	300	244
	302	245
	303	246
	304	247
	306	248
	307	249
	308	250
	310	251
	312	252
	313	253
	315	254
	318	255
	319	256
	320	257
	324	260
	325	261
	327	262
	328	263
	330	264
	333	265
	335	266
	336	267
	337	268
	339	269
	341	270
	342	271
	343	272
	344	273
	350	276
	351	277
	352	278
net/minecraft/client/gui/screens/DirectJoinServerScreen	96	99
	64	70
	67	73
	68	74
	69	75
	73	79
	74	80
	78	84
	15	17
	79	85
	80	86
	83	89
	84	90
	24	25
	88	94
	25	26
	26	27
	90	95
	27	28
	91	96
	28	29
	93	97
	95	98
	32	33
	96	99
	33	34
	37	38
	38	42
	39	43
	41	39
	46	48
	47	49
	48	50
	49	51
	50	52
	51	54
	52	59
	54	61
	56	62
	57	63
	61	67
	62	68
	63	69
com/mojang/blaze3d/shaders/EffectProgram	45	44
	32	33
	34	34
	35	35
	37	37
	40	40
	41	41
	43	42
	44	43
	13	15
	45	44
	20	21
	21	22
	24	25
	25	26
	26	27
	27	28
	31	32
net/minecraft/client/resources/model/BakedModel	0	0
com/mojang/blaze3d/vertex/BufferUploader	69	70
	65	66
	66	67
	67	68
	69	70
	12	14
	13	15
	14	16
	16	18
	19	21
	20	22
	23	25
	24	26
	26	28
	28	30
	31	33
	32	34
	33	35
	35	37
	38	40
	39	41
	40	42
	42	44
	46	48
	48	49
	49	50
	50	51
	53	53
	54	54
	55	55
	59	60
	60	61
	61	62
net/minecraft/client/gui/screens/inventory/ItemCombinerScreen	64	62
	32	35
	64	62
	34	36
	35	37
	39	41
	40	42
	42	43
	44	44
	45	45
	16	19
	48	48
	17	20
	18	21
	52	52
	21	24
	53	53
	54	54
	25	28
	26	29
	27	30
	28	31
	60	59
net/minecraft/client/model/DolphinModel	93	78
	21	22
	22	23
	23	24
	24	25
	25	26
	28	29
	29	30
	31	31
	32	32
	34	33
	35	34
	36	34
	37	34
	39	36
	40	37
	41	37
	42	37
	44	39
	45	41
	46	41
	47	42
	49	44
	50	46
	51	46
	52	47
	54	49
	55	51
	56	51
	57	52
	59	54
	60	55
	61	55
	62	55
	64	57
	65	58
	66	58
	67	58
	69	60
	70	60
	71	60
	75	61
	80	66
	85	71
	86	72
	88	73
	89	74
	90	75
	91	76
	93	78
net/minecraft/client/resources/ClientPackSource	104	86
	64	61
	65	61
	66	62
	72	63
	73	63
	74	63
	75	63
	76	63
	81	67
	82	68
	88	73
	26	30
	27	30
	28	30
	94	78
	31	32
	33	33
	99	82
	37	35
	101	83
	38	36
	102	84
	39	36
	104	86
	42	38
	48	43
	49	44
	50	45
	54	49
	55	50
	56	51
	57	52
	60	56
net/minecraft/client/resources/sounds/SoundEventRegistration	28	31
	16	19
	19	22
	23	26
	28	31
	13	16
	14	17
	15	18
net/minecraft/client/gui/screens/ConfirmScreen	115	111
	65	63
	66	64
	68	65
	69	66
	70	67
	73	70
	74	71
	78	75
	82	79
	86	83
	88	85
	89	86
	26	27
	27	28
	91	88
	30	31
	31	32
	95	92
	32	33
	33	34
	97	93
	34	35
	98	94
	35	36
	99	95
	102	98
	39	40
	106	102
	44	45
	46	46
	111	107
	48	47
	112	108
	113	109
	50	48
	51	49
	115	111
	52	50
	55	53
	56	54
	57	55
	60	58
	61	59
com/mojang/realmsclient/gui/screens/RealmsNotificationsScreen	237	209
	129	149
	130	150
	133	153
	135	154
	136	155
	138	156
	139	157
	141	158
	143	159
	144	160
	145	161
	20	21
	148	164
	21	22
	149	165
	22	23
	150	166
	23	24
	151	167
	153	168
	155	169
	157	170
	160	173
	161	174
	163	175
	166	178
	39	64
	167	179
	40	65
	169	180
	170	181
	44	69
	173	184
	46	70
	47	71
	176	187
	49	73
	53	77
	54	78
	182	190
	55	79
	183	191
	184	192
	185	193
	186	194
	59	83
	187	195
	60	84
	188	196
	61	85
	63	87
	191	199
	192	200
	193	202
	194	203
	195	204
	196	205
	70	93
	71	94
	199	208
	72	95
	200	209
	73	96
	74	97
	76	99
	80	103
	81	104
	211	38
	83	106
	213	39
	214	40
	86	109
	216	41
	90	113
	221	46
	94	117
	95	118
	97	119
	228	52
	100	122
	230	53
	232	54
	104	125
	106	126
	107	127
	237	59
	109	129
	110	130
	111	131
	114	134
	117	137
	118	138
	119	139
	121	141
	125	145
	126	146
net/minecraft/client/main/package-info	0	0
net/minecraft/client/renderer/entity/layers/ParrotOnShoulderLayer	49	44
	34	35
	35	36
	36	37
	37	38
	38	38
	39	38
	43	39
	44	40
	45	41
	47	42
	48	43
	49	44
	23	25
	24	26
	25	27
	29	30
	30	31
	31	32
com/mojang/realmsclient/util/task/GetServerDetailsTask	142	149
	128	132
	131	135
	132	136
	138	143
	139	146
	140	147
	141	148
	142	149
	29	31
	37	38
	38	39
	39	40
	40	41
	41	42
	45	46
	49	50
	50	51
	51	52
	52	53
	53	54
	54	55
	56	57
	57	58
	59	60
	60	61
	61	63
	62	65
	63	68
	65	70
	66	71
	67	72
	69	74
	70	75
	71	76
	72	77
	73	78
	74	79
	75	80
	78	83
	80	84
	81	84
	82	84
	84	85
	85	86
	88	89
	89	91
	90	92
	91	93
	95	97
	96	98
	97	99
	100	103
	104	107
	108	113
	110	115
	111	125
	112	131
	114	116
	115	116
	116	116
	117	117
	118	118
	119	119
	120	120
	123	127
	124	128
	127	122
net/minecraft/client/renderer/entity/EndermanRenderer	50	46
	32	31
	33	32
	35	33
	36	34
	40	37
	41	38
	42	39
	45	41
	16	19
	50	46
	21	23
	23	24
	24	25
	25	26
	30	29
	31	30
net/minecraft/client/gui/components/tabs/package-info	0	0
net/minecraft/client/gui/components/PlayerTabOverlay	360	336
	258	239
	259	240
	260	242
	263	245
	264	246
	266	247
	267	248
	268	249
	270	250
	271	288
	274	251
	275	252
	276	253
	277	254
	278	255
	279	256
	280	257
	283	260
	284	288
	288	262
	289	263
	293	266
	294	267
	40	39
	296	268
	41	41
	297	269
	42	42
	298	270
	44	43
	300	273
	301	274
	305	278
	306	279
	308	282
	309	283
	312	288
	315	291
	316	292
	319	295
	320	296
	67	63
	323	299
	68	64
	324	300
	69	65
	325	301
	72	68
	73	69
	75	70
	80	74
	338	314
	339	315
	84	78
	340	316
	85	79
	86	80
	87	81
	343	319
	88	82
	344	320
	89	83
	345	321
	346	322
	347	323
	92	86
	350	326
	95	89
	351	327
	96	89
	97	89
	353	329
	98	89
	356	332
	102	93
	104	94
	360	336
	105	95
	106	97
	107	98
	108	99
	110	100
	111	101
	112	102
	116	106
	117	107
	118	108
	121	111
	122	112
	123	115
	124	115
	125	116
	126	115
	129	119
	132	121
	133	122
	134	123
	136	125
	139	128
	142	131
	144	132
	145	133
	147	134
	149	135
	150	136
	151	137
	152	139
	153	140
	157	144
	158	145
	159	146
	160	148
	161	149
	165	153
	166	154
	167	156
	168	157
	169	158
	170	159
	172	162
	175	165
	177	166
	178	168
	179	169
	180	170
	181	171
	182	172
	184	173
	185	174
	187	175
	188	176
	190	177
	191	178
	192	179
	193	180
	194	181
	196	182
	198	183
	201	186
	203	187
	204	188
	205	189
	207	190
	208	191
	212	195
	216	199
	217	200
	218	201
	219	203
	220	204
	221	205
	222	206
	225	209
	228	212
	230	214
	231	215
	232	216
	233	217
	234	218
	235	219
	236	220
	237	221
	238	222
	239	223
	241	225
	244	228
	245	229
	246	230
	247	231
	248	232
	251	235
	253	236
	254	237
	255	242
net/minecraft/client/gui/spectator/SpectatorMenuListener	0	0
net/minecraft/client/model/AgeableHierarchicalModel	38	38
	33	33
	34	34
	36	36
	38	38
	17	18
	18	19
	21	22
	22	23
	23	24
	24	25
	28	29
	29	30
	30	31
	31	32
net/minecraft/client/renderer/debug/NeighborsUpdateRenderer	73	71
	67	66
	68	67
	69	68
	71	69
	73	71
	24	27
	25	28
	28	31
	30	32
	31	33
	32	34
	36	38
	38	39
	39	40
	41	41
	42	42
	43	43
	45	44
	46	47
	47	48
	48	49
	49	50
	51	51
	52	52
	55	54
	56	55
	57	56
	59	57
	60	58
	61	59
	62	60
net/minecraft/client/player/inventory/package-info	0	0
net/minecraft/client/renderer/blockentity/BrightnessCombiner	33	30
	16	17
	17	18
	33	30
	19	19
	20	20
	22	21
	12	14
	28	26
	13	15
	14	16
net/minecraft/client/renderer/LevelRenderer	3366	3304
	151	150
	158	155
	167	161
	168	162
	169	163
	170	164
	171	165
	172	166
	173	167
	175	168
	289	254
	290	255
	291	256
	292	257
	294	259
	295	260
	296	261
	297	262
	298	263
	299	264
	300	265
	304	269
	305	270
	306	271
	307	272
	310	275
	311	276
	312	391
	314	277
	316	278
	318	279
	319	280
	320	281
	322	282
	323	283
	324	284
	325	285
	326	286
	328	287
	329	288
	330	289
	333	292
	335	293
	336	294
	338	295
	339	296
	340	298
	341	299
	342	300
	343	301
	344	302
	346	303
	347	304
	348	305
	352	306
	353	307
	354	308
	356	309
	357	310
	359	313
	360	314
	363	317
	364	318
	365	319
	368	322
	369	323
	371	324
	372	325
	373	326
	374	327
	375	328
	376	329
	378	332
	379	333
	380	334
	383	337
	385	338
	387	339
	388	340
	389	341
	391	342
	393	343
	394	344
	396	345
	397	346
	398	347
	399	348
	400	349
	401	350
	402	351
	403	352
	405	355
	406	356
	408	357
	410	360
	412	361
	413	362
	415	363
	416	364
	417	365
	419	366
	421	367
	422	368
	424	369
	425	370
	427	371
	428	372
	430	373
	431	374
	432	375
	433	376
	438	383
	439	384
	442	387
	443	388
	444	389
	445	391
	448	394
	449	395
	450	439
	453	396
	454	397
	455	398
	457	399
	459	400
	460	402
	461	403
	462	404
	465	405
	466	406
	470	407
	471	408
	472	409
	474	410
	479	414
	480	415
	482	416
	483	417
	484	418
	486	419
	487	420
	488	421
	490	422
	491	425
	495	430
	496	431
	497	432
	499	433
	501	435
	504	439
	509	443
	510	444
	513	447
	514	448
	516	450
	520	453
	521	454
	522	455
	524	457
	527	460
	528	461
	530	464
	532	467
	533	470
	534	471
	535	472
	536	473
	537	474
	538	475
	539	476
	540	477
	541	478
	542	479
	544	481
	547	484
	549	485
	551	489
	552	491
	554	492
	555	493
	556	494
	557	495
	558	496
	560	497
	561	498
	562	499
	563	500
	564	501
	565	502
	567	504
	568	505
	569	506
	572	507
	573	512
	574	514
	575	515
	577	517
	580	518
	581	519
	584	520
	585	521
	586	522
	589	525
	592	528
	593	529
	595	530
	596	531
	597	532
	598	533
	599	534
	601	535
	602	536
	603	537
	604	538
	605	539
	606	540
	608	542
	611	545
	612	546
	613	548
	614	550
	615	551
	616	552
	618	554
	621	557
	625	561
	626	562
	628	563
	629	564
	632	567
	633	568
	635	569
	636	570
	637	571
	638	572
	641	575
	642	576
	644	577
	645	578
	648	581
	649	582
	651	583
	652	584
	653	585
	654	586
	657	589
	658	590
	660	591
	661	592
	662	593
	663	595
	664	596
	666	599
	670	603
	671	604
	673	605
	675	606
	676	607
	679	610
	680	611
	682	612
	683	613
	684	614
	685	615
	688	618
	690	619
	691	621
	692	622
	693	623
	694	624
	695	625
	696	626
	697	627
	698	628
	699	629
	700	630
	701	631
	702	632
	703	633
	704	634
	706	635
	707	636
	708	637
	710	638
	711	639
	712	640
	714	641
	715	642
	716	643
	718	645
	719	646
	720	647
	721	648
	723	649
	724	650
	725	651
	727	652
	728	653
	729	654
	731	655
	732	656
	733	657
	735	658
	740	663
	744	667
	745	668
	746	669
	747	670
	748	671
	749	672
	751	673
	752	674
	753	675
	754	676
	756	678
	757	679
	758	680
	760	683
	761	684
	763	687
	764	688
	765	689
	766	690
	768	692
	771	695
	772	696
	774	698
	776	700
	779	703
	780	745
	783	704
	785	705
	787	706
	788	707
	790	711
	792	714
	793	715
	794	716
	796	717
	798	718
	800	719
	801	720
	804	723
	806	724
	807	725
	808	726
	810	728
	811	729
	814	731
	815	732
	816	733
	817	734
	820	738
	821	739
	823	740
	824	741
	825	742
	827	745
	830	748
	832	749
	833	750
	835	753
	836	754
	838	756
	841	759
	842	760
	844	761
	845	764
	846	765
	847	766
	848	767
	849	768
	854	773
	858	777
	862	781
	866	785
	867	787
	868	788
	869	789
	872	793
	876	798
	880	808
	882	809
	883	810
	886	813
	887	814
	888	815
	889	816
	890	817
	891	818
	892	819
	893	820
	894	821
	895	822
	896	823
	897	824
	898	825
	899	826
	901	827
	904	830
	906	831
	908	832
	911	833
	913	834
	914	835
	915	836
	917	837
	919	838
	920	839
	921	840
	922	841
	924	843
	927	846
	928	847
	929	848
	931	849
	932	850
	933	851
	934	852
	936	855
	937	856
	938	857
	939	858
	940	859
	941	860
	942	861
	943	862
	944	863
	945	864
	946	865
	947	866
	948	867
	949	868
	951	871
	952	872
	953	873
	954	874
	955	876
	956	877
	957	878
	959	879
	960	880
	963	884
	964	885
	965	886
	968	889
	969	890
	970	891
	971	892
	972	893
	973	894
	976	898
	977	899
	980	902
	981	903
	983	906
	984	907
	985	909
	986	910
	987	911
	990	915
	991	916
	994	919
	995	920
	996	921
	997	922
	999	923
	1001	924
	1002	925
	1004	926
	1005	927
	1007	928
	1008	930
	1009	931
	1010	932
	1011	934
	1012	935
	1016	940
	1017	941
	1019	943
	1021	945
	1024	948
	1025	949
	1028	958
	1029	959
	1031	959
	1032	959
	1033	959
	1035	960
	1037	961
	1038	963
	1039	964
	1040	965
	1042	966
	1044	967
	1045	967
	1046	968
	1047	969
	1049	971
	1050	972
	1052	973
	1056	973
	1060	974
	1061	975
	1062	976
	1063	978
	1064	979
	1065	980
	1066	981
	1070	985
	1075	990
	1076	991
	1077	992
	1078	993
	1079	994
	1080	995
	1082	997
	1083	998
	1084	999
	1085	1001
	1086	1002
	1087	1003
	1090	1007
	1091	1008
	1092	1009
	1093	1010
	1096	1014
	1101	1019
	1102	1020
	1104	1021
	1108	1022
	1109	1023
	1110	1024
	1115	1027
	1116	1028
	1117	1029
	1118	1030
	1121	1035
	1125	1039
	1128	1040
	1129	1041
	1131	1042
	1132	1043
	1133	1045
	1135	1047
	1136	1047
	1140	1047
	1144	1052
	1145	1053
	1147	1054
	1148	1055
	1149	1056
	1152	1057
	1156	1061
	1158	1062
	1159	1063
	1160	1064
	1162	1065
	1163	1066
	1164	1067
	1167	1068
	1168	1069
	1169	1070
	1170	1071
	1173	1072
	1174	1073
	1175	1074
	1176	1075
	1178	1077
	1179	1078
	1180	1079
	1182	1081
	1185	1084
	1187	1085
	1188	1086
	1189	1087
	1191	1088
	1192	1089
	1193	1090
	1196	1095
	1198	1096
	1199	1097
	1201	1098
	1202	1099
	1203	1100
	1204	1101
	1205	1102
	1207	1103
	1208	1104
	1209	1105
	1210	1106
	1212	1107
	1214	1108
	1215	1109
	1218	1111
	1219	1112
	1220	1113
	1222	1115
	1225	1118
	1226	1119
	1227	1120
	1228	1121
	1231	1124
	1232	1125
	1233	1126
	1234	1127
	1236	1128
	1237	1129
	1239	1130
	1240	1131
	1241	1132
	1243	1133
	1244	1134
	1245	1135
	1247	1136
	1249	1137
	1250	1138
	1252	1139
	1253	1140
	1254	1141
	1255	1142
	1257	1143
	1258	1144
	1260	1146
	1263	1149
	1265	1150
	1266	1151
	1268	1152
	1269	1153
	1270	1154
	1271	1155
	1274	1158
	1275	1159
	1278	1162
	1279	1163
	1280	1164
	1283	1167
	1285	1168
	1287	1170
	1288	1171
	1291	1172
	1292	1173
	1295	1174
	1298	1175
	1302	1176
	1303	1177
	1304	1178
	1305	1179
	1306	1180
	1310	1184
	1311	1185
	1312	1186
	1313	1187
	1314	1188
	1315	1189
	1316	1189
	1317	1189
	1318	1189
	1322	1191
	1324	1194
	1327	1199
	1329	1200
	1331	1201
	1332	1202
	1333	1203
	1334	1204
	1336	1205
	1338	1207
	1339	1208
	1340	1209
	1344	1210
	1345	1211
	1346	1212
	1348	1213
	1349	1214
	1351	1215
	1352	1216
	1353	1217
	1354	1218
	1355	1219
	1356	1221
	1357	1223
	1358	1224
	1359	1225
	1360	1225
	1362	1225
	1367	1230
	1368	1231
	1372	1236
	1373	1237
	1374	1238
	1375	1239
	1376	1240
	1377	1241
	1378	1242
	1382	1246
	1385	1247
	1386	1248
	1387	1249
	1388	1250
	1389	1251
	1390	1252
	1391	1253
	1392	1254
	1393	1255
	1394	1256
	1397	1257
	1400	1258
	1401	1259
	1402	1260
	1408	1263
	1410	1265
	1411	1266
	1413	1267
	1414	1268
	1415	1269
	1416	1270
	1420	1271
	1421	1272
	1424	1273
	1425	1274
	1426	1275
	1427	1276
	1428	1278
	1429	1280
	1430	1281
	1433	1286
	1435	1287
	1437	1288
	1438	1289
	1439	1290
	1440	1291
	1441	1292
	1442	1293
	1443	1294
	1447	1298
	1448	1299
	1450	1300
	1451	1301
	1453	1302
	1454	1303
	1455	1304
	1458	1305
	1459	1306
	1460	1307
	1461	1308
	1462	1309
	1463	1310
	1464	1311
	1467	1312
	1469	1313
	1471	1314
	1472	1315
	1473	1316
	1475	1317
	1476	1318
	1478	1319
	1479	1320
	1481	1321
	1482	1322
	1484	1323
	1485	1324
	1486	1325
	1488	1326
	1489	1327
	1491	1328
	1493	1330
	1494	1331
	1495	1332
	1497	1335
	1499	1336
	1500	1337
	1502	1338
	1503	1339
	1505	1340
	1506	1341
	1509	1344
	1510	1345
	1511	1346
	1513	1347
	1514	1348
	1515	1349
	1516	1350
	1518	1351
	1519	1352
	1521	1353
	1523	1355
	1524	1356
	1525	1357
	1529	1361
	1530	1362
	1532	1363
	1533	1364
	1534	1365
	1536	1366
	1538	1367
	1539	1368
	1541	1370
	1543	1371
	1544	1372
	1545	1373
	1547	1374
	1550	1377
	1551	1378
	1553	1379
	1554	1380
	1556	1381
	1557	1382
	1559	1383
	1560	1384
	1563	1387
	1564	1388
	1566	1390
	1569	1393
	1570	1394
	1571	1395
	1572	1396
	1574	1397
	1575	1399
	1578	1402
	1580	1403
	1581	1404
	1582	1405
	1584	1406
	1585	1407
	1586	1408
	1587	1409
	1588	1410
	1589	1411
	1590	1412
	1592	1413
	1593	1414
	1594	1415
	1596	1416
	1597	1417
	1598	1418
	1600	1419
	1601	1421
	1602	1422
	1603	1423
	1607	1428
	1610	1431
	1612	1432
	1622	1433
	1623	1434
	1625	1435
	1627	1437
	1628	1438
	1629	1439
	1632	1442
	1633	1443
	1635	1446
	1636	1447
	1639	1450
	1640	1451
	1643	1454
	1644	1455
	1646	1458
	1647	1459
	1649	1462
	1650	1463
	1652	1466
	1653	1467
	1655	1470
	1656	1471
	1659	1474
	1660	1475
	1662	1478
	1663	1479
	1666	1482
	1667	1483
	1669	1484
	1671	1486
	1672	1487
	1673	1488
	1675	1489
	1679	1490
	1680	1491
	1682	1492
	1683	1493
	1684	1494
	1687	1497
	1688	1498
	1691	1502
	1692	1503
	1694	1506
	1696	1507
	1702	1508
	1704	1509
	1705	1510
	1708	1513
	1709	1514
	1710	1515
	1711	1516
	1713	1518
	1714	1519
	1715	1520
	1717	1521
	1718	1522
	1719	1523
	1721	1524
	1722	1525
	1723	1526
	1724	1527
	1725	1528
	1726	1529
	1727	1531
	1728	1532
	1729	1533
	1730	1534
	1731	1538
	1732	1538
	1733	1538
	1734	1538
	1735	1539
	1736	1540
	1741	1546
	1742	1547
	1744	1548
	1745	1550
	1746	1551
	1747	1552
	1748	1553
	1749	1554
	1750	1555
	1751	1555
	1752	1555
	1753	1555
	1754	1556
	1755	1557
	1756	1559
	1757	1559
	1758	1559
	1759	1559
	1760	1560
	1761	1561
	1766	1567
	1767	1568
	1769	1569
	1770	1570
	1771	1571
	1772	1572
	1773	1573
	1774	1574
	1776	1575
	1777	1576
	1778	1577
	1779	1578
	1781	1579
	1782	1580
	1783	1581
	1784	1582
	1786	1583
	1787	1584
	1788	1585
	1789	1586
	1791	1587
	1792	1588
	1793	1589
	1794	1590
	1796	1591
	1797	1592
	1798	1593
	1799	1594
	1803	1598
	1807	1602
	1808	1603
	1809	1604
	1810	1609
	1812	1610
	1815	1611
	1818	1612
	1821	1613
	1824	1614
	1827	1615
	1830	1616
	1832	1617
	1834	1618
	1835	1619
	1836	1620
	1837	1621
	1839	1622
	1840	1623
	1842	1624
	1843	1625
	1846	1626
	1847	1627
	1849	1628
	1850	1629
	1852	1630
	1853	1631
	1855	1632
	1856	1633
	1859	1634
	1860	1635
	1862	1636
	1863	1637
	1865	1638
	1866	1639
	1868	1640
	1869	1641
	1871	1642
	1873	1644
	1876	1647
	1877	1651
	1880	1654
	1881	1655
	1882	1656
	1883	1657
	1884	1658
	1885	1659
	1888	1662
	1889	1663
	1892	1666
	1893	1667
	1896	1670
	1898	1671
	1899	1683
	1902	1672
	1903	1674
	1904	1675
	1906	1676
	1908	1677
	1909	1678
	1910	1679
	1913	1683
	1916	1686
	1917	1687
	1918	1688
	1919	1689
	1920	1690
	1922	1692
	1925	1695
	1927	1696
	1928	1697
	1929	1698
	1930	1699
	1931	1700
	1932	1702
	1933	1703
	1934	1704
	1935	1705
	1937	1708
	1938	1709
	1940	1712
	1941	1713
	1943	1716
	1944	1717
	1946	1720
	1947	1721
	1950	1724
	1952	1725
	1953	1726
	1954	1727
	1955	1728
	1956	1729
	1957	1730
	1959	1731
	1961	1734
	1962	1735
	1963	1736
	1966	1739
	1967	1740
	1968	1850
	1970	1741
	1971	1742
	1972	1850
	1974	1743
	1975	1744
	1976	1850
	1978	1745
	1979	1850
	1982	1746
	1983	1747
	1984	1748
	1985	1749
	1987	1750
	1989	1751
	1991	1752
	1993	1753
	1995	1754
	1997	1755
	1998	1756
	1999	1757
	2001	1758
	2003	1759
	2004	1760
	2005	1761
	2007	1762
	2009	1763
	2010	1764
	2011	1765
	2012	1766
	2013	1767
	2015	1768
	2016	1769
	2017	1770
	2019	1771
	2020	1772
	2021	1773
	2022	1774
	2023	1776
	2024	1777
	2025	1778
	2026	1779
	2027	1780
	2029	1783
	2030	1784
	2033	1788
	2034	1790
	2036	1791
	2037	1792
	2038	1793
	2039	1794
	2041	1795
	2042	1796
	2043	1797
	2044	1798
	2045	1799
	2046	1800
	2047	1801
	2048	1802
	2049	1803
	2050	1804
	2052	1805
	2053	1806
	2054	1807
	2055	1808
	2056	1809
	2057	1810
	2058	1811
	2059	1812
	2060	1813
	2061	1814
	2062	1815
	2063	1816
	2064	1817
	2065	1818
	2066	1819
	2068	1820
	2069	1821
	2070	1822
	2071	1823
	2072	1824
	2073	1825
	2074	1826
	2075	1827
	2077	1830
	2079	1831
	2080	1832
	2082	1833
	2083	1834
	2085	1835
	2086	1836
	2087	1837
	2088	1838
	2089	1839
	2090	1840
	2091	1841
	2092	1842
	2095	1845
	2096	1846
	2097	1850
	2100	1853
	2101	1855
	2103	1854
	2107	1859
	2108	1860
	2109	1943
	2112	1861
	2113	1862
	2114	1863
	2115	1865
	2116	1870
	2118	1871
	2119	1872
	2120	1873
	2122	1874
	2123	1875
	2124	1876
	2125	1877
	2126	1878
	2127	1879
	2128	1880
	2129	1881
	2130	1882
	2131	1883
	2133	1884
	2134	1885
	2135	1886
	2136	1887
	2139	1890
	2140	1891
	2142	1892
	2143	1893
	2144	1894
	2145	1895
	2146	1896
	2147	1897
	2150	1900
	2151	1901
	2153	1902
	2155	1903
	2156	1904
	2159	1907
	2160	1908
	2162	1909
	2163	1910
	2164	1911
	2167	1914
	2168	1915
	2169	1916
	2171	1917
	2172	1918
	2173	1919
	2175	1920
	2176	1921
	2178	1922
	2179	1924
	2180	1925
	2181	1926
	2183	1928
	2186	1931
	2187	1932
	2190	1935
	2193	1938
	2195	1939
	2196	1940
	2197	1941
	2198	1943
	2201	1946
	2202	1947
	2203	1948
	2204	1949
	2205	1950
	2208	1951
	2209	1952
	2211	1953
	2212	1954
	2213	1955
	2215	1956
	2216	1957
	2217	1958
	2219	1959
	2220	1960
	2221	1961
	2223	1962
	2224	1963
	2225	1964
	2227	1965
	2228	1966
	2230	1967
	2232	1968
	2233	1969
	2234	1970
	2235	1971
	2236	1972
	2238	1973
	2239	1974
	2240	1979
	2241	1984
	2242	1989
	2245	1996
	2246	1997
	2247	2002
	2248	2007
	2249	2012
	2252	2019
	2253	2020
	2254	2021
	2255	2026
	2256	2031
	2257	2036
	2261	2044
	2262	2045
	2263	2046
	2264	2051
	2265	2056
	2266	2061
	2270	2069
	2271	2070
	2272	2071
	2273	2076
	2274	2081
	2275	2086
	2279	2094
	2280	2095
	2281	2096
	2282	2101
	2283	2106
	2284	2111
	2290	2121
	2291	2122
	2292	2124
	2293	2125
	2294	2126
	2295	2131
	2296	2136
	2297	2141
	2302	2150
	2306	2154
	2308	2155
	2309	2156
	2310	2157
	2311	2158
	2312	2160
	2313	2161
	2314	2162
	2315	2163
	2316	2164
	2317	2165
	2318	2166
	2319	2167
	2320	2168
	2321	2169
	2323	2172
	2324	2173
	2325	2174
	2326	2175
	2327	2176
	2329	2178
	2333	2183
	2335	2184
	2337	2185
	2339	2187
	2340	2188
	2341	2189
	2344	2192
	2345	2193
	2348	2196
	2350	2197
	2352	2198
	2354	2199
	2355	2305
	2358	2203
	2359	2204
	2360	2205
	2362	2206
	2363	2207
	2364	2208
	2366	2209
	2367	2210
	2368	2212
	2369	2214
	2371	2215
	2373	2216
	2374	2217
	2375	2218
	2377	2219
	2378	2220
	2379	2221
	2380	2222
	2381	2223
	2382	2224
	2383	2225
	2384	2226
	2385	2227
	2387	2228
	2388	2229
	2389	2230
	2390	2231
	2392	2232
	2393	2233
	2394	2234
	2395	2235
	2396	2236
	2397	2245
	2398	2239
	2399	2240
	2400	2241
	2401	2242
	2402	2243
	2403	2244
	2406	2249
	2407	2250
	2408	2259
	2409	2253
	2410	2254
	2411	2255
	2412	2256
	2413	2257
	2414	2258
	2418	2263
	2419	2264
	2420	2265
	2421	2266
	2422	2267
	2423	2276
	2424	2270
	2425	2271
	2426	2272
	2427	2273
	2428	2274
	2429	2275
	2432	2280
	2433	2281
	2434	2290
	2435	2284
	2436	2285
	2437	2286
	2438	2287
	2439	2288
	2440	2289
	2444	2294
	2446	2295
	2447	2296
	2448	2297
	2449	2298
	2450	2299
	2452	2300
	2453	2301
	2455	2302
	2456	2303
	2457	2305
	2466	2311
	2468	2322
	2472	2325
	2473	2326
	2474	2327
	2475	2329
	2476	2330
	2477	2331
	2478	2332
	2479	2333
	2480	2334
	2481	2335
	2482	2336
	2488	2341
	2489	2342
	2490	2343
	2491	2344
	2492	2345
	2493	2346
	2497	2352
	2498	2353
	2499	2364
	2501	2354
	2502	2355
	2503	2357
	2504	2358
	2505	2359
	2506	2360
	2507	2361
	2509	2364
	2512	2369
	2513	2370
	2514	2371
	2515	2372
	2516	2373
	2517	2374
	2518	2375
	2519	2376
	2520	2377
	2522	2378
	2523	2379
	2524	2380
	2525	2381
	2528	2384
	2529	2385
	2532	2388
	2533	2389
	2536	2394
	2537	2395
	2541	2414
	2542	2415
	2543	2416
	2544	2417
	2545	2418
	2546	2419
	2547	2420
	2548	2421
	2550	2422
	2551	2423
	2553	2424
	2554	2425
	2556	2426
	2557	2427
	2560	2428
	2561	2429
	2563	2430
	2564	2431
	2566	2432
	2567	2433
	2569	2434
	2570	2435
	2572	2436
	2573	2437
	2575	2438
	2576	2439
	2579	2440
	2580	2441
	2582	2442
	2583	2443
	2585	2444
	2586	2445
	2587	2446
	2590	2451
	2591	2452
	2594	2457
	2596	2458
	2597	2459
	2599	2460
	2600	2461
	2601	2462
	2602	2463
	2604	2464
	2605	2465
	2606	2466
	2607	2467
	2609	2468
	2610	2469
	2611	2470
	2612	2471
	2614	2472
	2615	2473
	2616	2474
	2617	2475
	2619	2476
	2620	2477
	2621	2478
	2622	2479
	2624	2480
	2625	2481
	2627	2482
	2628	2483
	2629	2484
	2630	2485
	2632	2486
	2633	2487
	2634	2488
	2637	2491
	2638	2492
	2641	2495
	2642	2496
	2643	2497
	2644	2498
	2648	2502
	2651	2505
	2652	2506
	2653	2507
	2654	2508
	2658	2512
	2661	2515
	2662	2516
	2664	2518
	2667	2521
	2668	2522
	2669	2523
	2670	2524
	2674	2528
	2677	2531
	2678	2532
	2681	2535
	2682	2536
	2685	2539
	2687	2540
	2688	2541
	2689	2542
	2692	2545
	2693	2546
	2694	2547
	2695	2548
	2698	2551
	2699	2552
	2700	2553
	2703	2556
	2704	2557
	2707	2560
	2708	2560
	2709	2561
	2711	2563
	2714	2566
	2715	2567
	2719	2571
	2720	2572
	2721	2573
	2722	2574
	2724	2575
	2725	2576
	2726	2577
	2728	2578
	2730	2580
	2733	2583
	2734	2584
	2738	2588
	2743	2593
	2744	2594
	2746	2595
	2747	2596
	2750	2597
	2751	2598
	2754	2600
	2756	2600
	2759	2600
	2763	2605
	2765	2606
	2767	2606
	2768	2607
	2772	2610
	2774	2610
	2775	2611
	2779	2614
	2783	2618
	2786	2621
	2790	2625
	2791	2626
	2793	2627
	2794	2628
	2795	2629
	2797	2630
	2798	2631
	2799	2632
	2800	2633
	2802	2634
	2803	2635
	2804	2636
	2805	2637
	2808	2640
	2809	2641
	2810	2642
	2811	2643
	2813	2645
	2818	2649
	2821	2652
	2822	2653
	2824	2769
	2825	2770
	2827	2763
	2828	2764
	2830	2766
	2831	2767
	2833	2760
	2834	2761
	2836	2658
	2837	2659
	2839	2655
	2840	2656
	2842	2664
	2843	2665
	2845	2667
	2846	2668
	2848	2661
	2849	2662
	2851	2869
	2852	2870
	2853	2871
	2854	2872
	2856	2873
	2857	2874
	2858	2875
	2860	2877
	2861	2878
	2862	2879
	2863	2880
	2864	2881
	2865	2882
	2866	2883
	2867	2884
	2868	2885
	2873	2938
	2874	2939
	2875	2940
	2877	2942
	2878	2943
	2880	2954
	2881	2955
	2882	2956
	2888	2900
	2890	2902
	2891	2903
	2894	2914
	2895	2915
	2896	2916
	2898	2917
	2899	2919
	2900	2920
	2901	2921
	2902	2922
	2903	2923
	2904	2924
	2906	2925
	2907	2928
	2908	2929
	2909	2930
	2910	2931
	2913	2935
	2914	2936
	2917	2889
	2918	2890
	2919	2891
	2920	2892
	2922	2896
	2923	2897
	2925	3110
	2926	3111
	2927	3112
	2929	3115
	2930	3116
	2932	2960
	2933	2961
	2934	2962
	2935	2963
	2937	2964
	2938	2965
	2942	2969
	2943	2970
	2945	2865
	2946	2866
	2947	2867
	2949	3118
	2952	3017
	2953	3018
	2955	3020
	2959	3034
	2960	3035
	2962	3036
	2963	3037
	2964	3038
	2965	3039
	2967	3042
	2968	3043
	2969	3044
	2970	3045
	2971	3046
	2972	3046
	2973	3046
	2975	3048
	2976	3049
	2977	3050
	2978	3051
	2979	3052
	2982	3055
	2983	3056
	2984	3057
	2985	3058
	2989	3062
	2990	3063
	2991	3064
	2992	3065
	2993	3066
	2994	3068
	2995	3069
	2996	3070
	2997	3071
	2998	3073
	3000	3075
	3007	3086
	3008	3087
	3010	3093
	3011	3094
	3013	3095
	3014	3096
	3018	3024
	3019	3025
	3020	3026
	3022	3028
	3023	3029
	3025	3031
	3026	3032
	3028	2991
	3029	2992
	3031	2817
	3032	2818
	3034	2862
	3035	2863
	3037	2820
	3038	2825
	3039	2826
	3043	2839
	3044	2844
	3045	2845
	3046	2846
	3047	2847
	3049	2848
	3053	2852
	3054	2854
	3055	2855
	3056	2856
	3057	2857
	3059	2858
	3064	2972
	3065	2973
	3066	2974
	3067	2975
	3068	2976
	3069	2977
	3071	2978
	3072	2981
	3073	2982
	3077	2986
	3078	2987
	3082	2994
	3083	2995
	3087	2670
	3088	2671
	3089	2675
	3090	2676
	3094	2751
	3095	2752
	3097	2754
	3098	2755
	3100	2793
	3101	2794
	3103	2757
	3104	2758
	3106	2772
	3107	2773
	3109	2683
	3110	2684
	3114	2688
	3115	2689
	3117	2691
	3118	2693
	3120	2699
	3121	2703
	3123	2695
	3124	2697
	3126	2709
	3127	2713
	3129	2727
	3130	2731
	3132	2721
	3133	2725
	3135	2715
	3136	2719
	3138	2705
	3139	2707
	3141	2733
	3142	2735
	3144	2741
	3145	2743
	3147	2745
	3148	2749
	3150	2775
	3151	2779
	3153	2781
	3154	2785
	3156	2737
	3157	2739
	3159	2787
	3160	2788
	3162	2790
	3163	2791
	3165	3002
	3166	3003
	3167	3012
	3169	3014
	3170	3015
	3172	2796
	3173	2797
	3175	2799
	3176	2803
	3178	2805
	3179	2809
	3181	2811
	3184	3120
	3187	3123
	3188	3141
	3189	3142
	3190	3143
	3193	3124
	3194	3125
	3195	3126
	3198	3129
	3199	3133
	3200	3134
	3203	3137
	3204	3138
	3205	3139
	3207	3146
	3210	3149
	3220	3226
	3221	3227
	3222	3228
	3224	3231
	3225	3232
	3228	3235
	3229	3236
	3232	3239
	3236	3243
	3237	3244
	3240	3247
	3244	3251
	3248	3255
	3249	3256
	3254	3261
	3259	3266
	3260	3266
	3262	3266
	3263	3266
	3272	3276
	3273	3277
	3274	3278
	3281	3286
	3282	3287
	3285	3290
	3286	3291
	3290	3295
	3291	3296
	3292	3296
	3294	3296
	3299	3153
	3300	3154
	3301	3155
	3304	3158
	3305	3159
	3306	3160
	3308	3162
	3311	3165
	3315	3169
	3317	3170
	3319	3173
	3320	3174
	3321	3175
	3322	3176
	3323	3177
	3325	3180
	3329	3184
	3330	3185
	3335	3190
	3340	3195
	3345	3200
	3350	3205
	3355	3210
	3360	3215
	3365	3303
	3366	3304
net/minecraft/client/gui/screens/controls/KeyBindsList	212	223
	128	142
	129	145
	130	146
	132	147
	134	149
	136	150
	137	151
	138	152
	139	153
	140	154
	141	155
	145	160
	147	161
	148	162
	149	163
	151	164
	152	165
	154	166
	155	167
	156	168
	157	169
	31	33
	32	34
	160	172
	161	173
	34	35
	35	36
	36	37
	165	177
	38	39
	39	40
	41	41
	42	42
	170	182
	43	43
	46	46
	47	47
	175	187
	48	48
	176	188
	49	49
	177	189
	178	190
	51	52
	180	191
	53	54
	181	192
	182	193
	183	194
	56	57
	184	195
	57	58
	58	59
	186	198
	187	199
	61	62
	62	63
	192	204
	193	205
	194	209
	196	211
	199	214
	200	215
	73	81
	74	82
	202	223
	75	83
	207	67
	79	87
	80	90
	212	72
	85	95
	90	100
	95	105
	98	108
	103	113
	104	114
	111	120
	122	137
	123	138
	125	139
	126	140
	127	141
net/minecraft/client/gui/components/Tooltip	49	52
	49	52
	36	38
	37	39
	22	24
	23	25
	39	41
	24	26
	42	44
	27	29
	43	45
	45	48
	31	33
net/minecraft/client/resources/metadata/texture/TextureMetadataSection	22	24
	18	20
	22	24
	13	15
	14	16
	15	17
net/minecraft/client/gui/components/toasts/SystemToast	163	165
	132	160
	133	161
	136	164
	137	165
	141	122
	142	123
	145	126
	146	127
	147	128
	149	130
	151	132
	26	31
	154	135
	27	31
	155	136
	28	31
	30	33
	158	139
	159	140
	33	36
	34	37
	162	143
	35	38
	163	144
	36	39
	40	43
	41	44
	42	45
	43	46
	44	47
	47	50
	52	55
	57	60
	62	65
	63	66
	64	67
	67	70
	68	71
	69	72
	71	74
	73	75
	74	76
	75	77
	77	79
	78	80
	81	83
	84	86
	85	87
	87	89
	88	91
	89	92
	93	96
	97	100
	98	101
	100	102
	101	104
	102	105
	104	108
	105	109
	108	112
	109	113
	110	114
	111	115
	115	118
	126	155
net/minecraft/client/particle/BlockMarker	30	33
	19	22
	24	27
	10	13
	11	14
	12	15
	13	16
	14	17
	30	33
	15	18
com/mojang/realmsclient/gui/screens/RealmsCreateRealmScreen	110	122
	67	71
	68	72
	69	73
	72	75
	73	76
	74	77
	78	82
	15	17
	79	84
	16	18
	80	90
	81	91
	83	93
	84	94
	86	101
	89	104
	26	26
	27	27
	28	28
	29	29
	94	109
	96	110
	33	33
	34	34
	98	111
	99	112
	37	37
	101	113
	38	38
	102	114
	40	40
	105	117
	106	118
	44	45
	45	50
	109	121
	110	122
	47	54
	49	55
	50	56
	51	57
	53	58
	54	59
	55	60
	59	64
	61	65
	62	66
com/mojang/realmsclient/util/task/SwitchSlotTask	51	54
	34	35
	35	36
	38	39
	39	40
	40	41
	10	13
	42	44
	43	45
	44	46
	45	47
	47	50
	48	51
	17	19
	18	20
	19	21
	51	54
	20	22
	24	26
	26	27
	28	29
	30	31
	31	32
net/minecraft/client/gui/components/TextAndImageButton	110	128
	75	92
	76	93
	77	94
	78	95
	81	98
	82	99
	83	100
	21	26
	22	27
	23	28
	87	104
	24	29
	88	105
	25	30
	89	106
	26	31
	27	32
	28	33
	29	34
	93	110
	30	35
	94	111
	31	36
	32	37
	98	115
	99	116
	36	41
	100	117
	37	42
	38	55
	104	121
	105	122
	42	59
	106	123
	43	60
	44	61
	45	62
	110	128
	48	65
	52	69
	56	73
net/minecraft/client/gui/screens/EditServerScreen	99	107
	15	18
	16	19
	26	28
	27	29
	28	30
	29	31
	30	32
	34	36
	35	37
	36	38
	40	42
	41	43
	42	44
	43	45
	45	46
	46	47
	47	48
	48	49
	49	50
	51	51
	52	53
	53	54
	54	61
	56	65
	57	68
	59	70
	60	71
	61	72
	65	76
	66	77
	67	78
	68	79
	69	80
	70	81
	73	84
	74	85
	75	86
	76	87
	80	91
	81	92
	84	95
	85	96
	89	100
	91	101
	92	102
	93	103
	95	104
	96	105
	98	106
	99	107
net/minecraft/client/renderer/chunk/RenderRegionCache	82	85
	64	45
	68	49
	69	50
	71	51
	72	52
	74	54
	75	55
	76	56
	77	57
	78	58
	82	63
	20	73
	21	74
	24	77
	28	81
	29	82
	31	85
	39	20
	40	21
	41	22
	42	23
	44	24
	46	26
	47	27
	48	28
	49	29
	53	33
	54	34
	57	37
	58	39
	59	40
	60	41
net/minecraft/client/renderer/entity/AbstractZombieRenderer	24	24
	19	20
	24	24
	9	12
	12	15
	14	16
	15	17
net/minecraft/client/gui/screens/worldselection/SelectWorldScreen	134	115
	64	66
	65	72
	131	112
	132	113
	134	115
	87	76
	24	17
	89	77
	26	18
	90	78
	94	82
	95	82
	98	82
	39	28
	103	87
	40	29
	104	88
	41	30
	108	92
	45	34
	46	35
	113	97
	50	39
	114	98
	52	40
	116	99
	54	41
	118	100
	119	101
	56	42
	57	43
	122	104
	59	45
	123	105
	60	50
	124	106
	125	107
	62	55
	126	108
	63	60
net/minecraft/client/renderer/entity/RavagerRenderer	17	19
	17	19
	9	12
	12	15
	13	16
net/minecraft/client/resources/model/Material	75	77
	64	63
	65	64
	34	35
	38	39
	70	72
	42	43
	43	44
	75	77
	45	47
	17	19
	49	51
	53	55
	25	26
	26	27
	58	60
	27	28
	59	61
	61	62
	30	31
	62	66
net/minecraft/client/gui/components/MultilineTextField	382	373
	256	205
	259	186
	260	187
	263	259
	267	264
	271	268
	276	273
	277	274
	281	278
	285	282
	286	283
	287	284
	290	286
	35	33
	36	34
	37	35
	38	36
	295	292
	296	293
	41	39
	299	296
	45	43
	46	44
	302	298
	303	299
	48	47
	50	48
	307	302
	308	303
	53	51
	311	306
	57	55
	58	56
	316	311
	61	59
	317	312
	62	60
	320	315
	65	63
	66	64
	67	65
	323	317
	68	66
	324	318
	69	67
	72	70
	328	321
	329	322
	76	74
	332	325
	77	82
	80	75
	336	329
	337	331
	82	76
	338	332
	84	77
	341	335
	86	78
	87	79
	89	80
	345	339
	90	82
	346	340
	347	341
	348	342
	93	85
	94	86
	351	345
	97	89
	353	346
	98	90
	354	347
	355	356
	101	93
	358	351
	105	97
	361	352
	106	98
	362	353
	364	356
	109	101
	367	359
	368	359
	113	105
	370	359
	117	109
	118	110
	374	363
	119	111
	375	364
	120	112
	376	365
	378	367
	123	116
	382	373
	127	120
	131	124
	132	126
	133	129
	134	132
	136	135
	137	136
	139	137
	140	138
	142	140
	145	143
	146	149
	149	144
	151	145
	152	146
	153	147
	154	149
	157	152
	158	153
	160	154
	161	155
	163	156
	164	157
	167	160
	169	161
	170	162
	171	163
	172	164
	173	167
	174	168
	175	169
	176	172
	177	173
	178	174
	179	177
	180	178
	181	179
	182	180
	185	183
	187	216
	188	217
	189	218
	191	220
	193	223
	196	207
	197	208
	198	209
	200	211
	202	214
	205	231
	206	232
	208	235
	211	225
	212	226
	214	229
	217	237
	218	238
	221	240
	222	241
	225	243
	226	244
	228	246
	230	249
	233	251
	234	252
	236	254
	238	257
	241	189
	242	190
	243	191
	245	193
	247	196
	250	198
	251	199
	252	200
	254	202
net/minecraft/client/gui/screens/debug/package-info	0	0
com/mojang/blaze3d/vertex/Tesselator	31	32
	19	20
	20	21
	23	24
	24	25
	27	28
	28	29
	14	15
	15	16
	31	32
net/minecraft/client/renderer/EffectInstance	453	413
	40	40
	45	44
	74	61
	75	62
	77	63
	78	65
	79	66
	81	67
	82	68
	84	69
	85	70
	86	71
	87	73
	89	75
	90	76
	91	77
	92	78
	93	79
	95	82
	99	86
	100	87
	101	88
	102	89
	103	90
	104	92
	106	94
	107	95
	108	96
	109	97
	110	98
	112	101
	115	104
	116	105
	119	108
	120	109
	121	110
	122	112
	124	114
	125	115
	126	116
	127	117
	128	118
	130	121
	134	125
	136	126
	137	127
	139	128
	140	129
	142	130
	144	131
	145	132
	146	133
	147	134
	150	137
	151	138
	152	139
	153	140
	156	143
	157	144
	160	147
	161	148
	162	149
	166	153
	167	154
	168	155
	169	157
	170	158
	173	161
	176	164
	180	168
	181	169
	183	172
	184	173
	185	174
	186	175
	187	176
	188	177
	189	178
	191	179
	192	180
	193	181
	194	182
	198	186
	199	187
	200	188
	201	189
	205	193
	206	194
	207	195
	208	196
	212	200
	213	201
	214	202
	215	203
	217	206
	220	209
	221	210
	222	211
	223	212
	225	215
	229	218
	230	219
	234	221
	235	221
	237	221
	243	227
	244	228
	246	231
	247	232
	251	235
	252	236
	253	237
	254	238
	257	240
	258	241
	262	242
	263	243
	265	246
	269	249
	277	250
	279	251
	281	252
	283	253
	284	254
	285	255
	288	258
	289	259
	290	260
	291	261
	295	262
	296	263
	297	264
	300	265
	302	266
	306	271
	307	272
	309	274
	313	278
	314	279
	318	283
	319	284
	323	288
	324	289
	325	290
	329	294
	330	295
	331	297
	332	298
	333	299
	334	300
	335	301
	336	302
	337	303
	340	305
	344	309
	345	310
	348	313
	349	314
	350	315
	351	316
	352	317
	355	319
	356	320
	357	321
	359	324
	362	327
	363	328
	365	329
	367	330
	368	331
	369	335
	371	333
	372	335
	375	338
	376	339
	379	342
	380	343
	381	344
	384	347
	385	348
	386	349
	387	350
	388	351
	390	352
	391	353
	392	354
	395	357
	396	359
	398	361
	399	362
	400	363
	401	364
	402	365
	404	368
	408	371
	409	374
	410	373
	414	378
	415	379
	417	380
	419	381
	420	382
	422	383
	425	385
	428	388
	429	389
	433	393
	438	398
	443	403
	444	404
	445	405
	448	408
	453	413
net/minecraft/client/renderer/SpriteCoordinateExpander	63	66
	32	35
	37	40
	42	45
	11	14
	12	15
	13	16
	47	50
	48	51
	17	20
	52	55
	53	56
	22	25
	57	60
	58	61
	27	30
	62	65
	63	66
net/minecraft/client/multiplayer/ClientPacketListener	2656	2654
	2048	2096
	2049	2097
	2050	2098
	2051	2100
	2052	2101
	2053	2102
	2054	2103
	2055	2104
	2057	2107
	2058	2108
	2059	2109
	2060	2110
	2061	2112
	2062	2113
	2064	2116
	2065	2117
	2069	2118
	2070	2119
	2071	2120
	2072	2121
	2073	2122
	2074	2123
	2075	2124
	2076	2125
	2077	2126
	2078	2127
	2079	2128
	2082	2129
	2085	2130
	2088	2131
	2091	2132
	2093	2133
	2096	2134
	2097	2136
	2098	2137
	2099	2138
	2103	2141
	2104	2143
	2105	2144
	2106	2145
	2110	2148
	2111	2150
	2112	2151
	2113	2152
	2117	2155
	2118	2157
	2119	2158
	2120	2159
	2124	2162
	2125	2164
	2126	2165
	2127	2166
	2131	2169
	2132	2171
	2133	2172
	2134	2173
	2137	2176
	2138	2177
	2142	2178
	2143	2179
	2144	2180
	2145	2181
	2148	2182
	2149	2183
	2152	2184
	2154	2185
	2157	2186
	2160	2187
	2162	2188
	2165	2189
	2166	2191
	2167	2192
	2168	2193
	2172	2196
	2173	2198
	2174	2199
	2175	2200
	2178	2203
	2179	2204
	2183	2205
	2186	2206
	2189	2207
	2192	2208
	2195	2209
	2197	2210
	2199	2211
	2200	2212
	2201	2213
	2202	2214
	2203	2215
	2204	2216
	2205	2217
	2206	2218
	2207	2219
	2208	2220
	2209	2221
	2210	2222
	2212	2223
	2213	2224
	2214	2225
	2215	2226
	2216	2228
	2217	2229
	2218	2230
	2220	2231
	2222	2233
	2225	2236
	2226	2237
	2229	2240
	2233	2243
	2234	2244
	2236	2245
	2237	2246
	2238	2247
	2240	2248
	2241	2249
	2242	2250
	2243	2251
	2244	2252
	2245	2253
	2246	2254
	2250	2257
	2254	2260
	2255	2261
	2256	2262
	2258	2263
	2261	2265
	2262	2266
	2264	2267
	2265	2268
	2267	2270
	2270	2272
	2274	2275
	2275	2276
	2277	2277
	2278	2278
	2279	2279
	2280	2280
	2284	2283
	2285	2284
	2288	2285
	2290	2287
	2291	2288
	2293	2290
	2294	2291
	2295	2292
	2296	2298
	2300	2302
	2302	2303
	2303	2304
	2304	2305
	2305	2306
	2306	2307
	2307	2308
	2308	2309
	2310	2312
	2311	2313
	2312	2314
	2314	2317
	2315	2318
	2316	2319
	2318	2320
	2319	2321
	2320	2322
	2321	2323
	2323	2325
	2324	2326
	2325	2327
	2329	2331
	2330	2332
	2332	2334
	2336	2337
	2337	2338
	2338	2339
	2339	2340
	2340	2341
	2342	2344
	2343	2355
	2344	2356
	2347	2359
	2348	2360
	2349	2361
	2350	2362
	2351	2363
	2352	2364
	2353	2365
	2355	2368
	2356	2379
	2357	2380
	2358	2381
	2362	2385
	2366	2388
	2367	2389
	2368	2390
	323	337
	2372	2393
	325	338
	2373	2394
	326	339
	2374	2395
	327	340
	2375	2416
	328	341
	329	342
	2377	2396
	2378	2397
	2381	2400
	2382	2402
	2383	2403
	2385	2404
	2386	2405
	2389	2407
	2390	2408
	2392	2410
	2393	2411
	2396	2416
	2400	2419
	2402	2420
	2403	2421
	2404	2429
	2407	2422
	2408	2423
	2409	2424
	2410	2425
	2412	2427
	2413	2429
	2417	2432
	2418	2433
	2419	2434
	2420	2435
	373	382
	2421	2436
	374	383
	2422	2437
	375	384
	376	385
	377	386
	2425	2440
	378	387
	2426	2441
	379	388
	2427	2442
	380	389
	2428	2443
	381	390
	2430	2444
	384	393
	2432	2445
	2433	2446
	2434	2447
	2435	2448
	388	397
	389	398
	2437	2449
	390	399
	2438	2450
	393	402
	2442	2453
	2443	2454
	2444	2455
	2445	2455
	2446	2456
	2447	2457
	400	406
	2448	2458
	401	407
	2449	2459
	2450	2460
	403	408
	404	409
	2452	2462
	406	410
	2456	2465
	409	413
	2457	2466
	410	414
	2458	2467
	2459	2468
	412	415
	2460	2469
	413	416
	414	417
	416	421
	2464	2472
	417	422
	2465	2473
	2466	2474
	419	423
	2467	2475
	420	424
	421	425
	422	426
	423	427
	2471	2478
	424	439
	2472	2479
	2473	2480
	427	440
	428	441
	429	442
	2477	2483
	430	443
	2478	2484
	431	444
	2479	2485
	435	448
	2483	2488
	2484	2490
	437	449
	2485	2491
	438	450
	439	451
	2487	2493
	440	452
	441	453
	442	454
	2490	2496
	443	455
	2491	2497
	444	456
	2492	2498
	445	457
	2493	2499
	446	458
	2494	2500
	447	459
	2495	2501
	448	460
	2496	2502
	449	461
	450	462
	451	463
	2499	2505
	452	464
	2502	2508
	456	470
	457	471
	458	472
	459	473
	2507	2512
	460	474
	463	477
	2511	2516
	464	478
	465	479
	2515	2520
	469	482
	471	483
	2519	2524
	472	484
	473	485
	474	486
	475	487
	476	488
	2524	2529
	478	489
	480	491
	2529	2534
	482	493
	2530	2535
	2531	2536
	485	496
	486	497
	487	498
	2535	2540
	488	499
	490	501
	491	502
	2539	2544
	493	504
	495	507
	2543	2548
	497	509
	2547	2552
	501	512
	502	513
	503	514
	2551	2556
	504	515
	506	516
	507	517
	2555	2560
	508	518
	509	519
	510	520
	511	521
	2559	2564
	512	522
	2563	2568
	516	525
	517	526
	518	527
	519	532
	2567	2572
	521	528
	522	532
	2571	2576
	2572	2577
	2573	2577
	526	535
	2574	2578
	527	536
	528	537
	529	538
	2577	2580
	531	540
	2580	2583
	2581	2584
	2582	2585
	535	543
	2584	2587
	537	544
	538	545
	539	546
	2587	2590
	540	561
	2588	2591
	2589	2592
	2590	2593
	543	548
	2591	2594
	544	549
	2592	2595
	545	550
	546	551
	547	552
	2595	2598
	548	553
	2596	2599
	549	554
	2597	2600
	550	555
	2598	2601
	2599	2602
	552	556
	2600	2603
	554	557
	2602	2605
	2603	2606
	556	558
	558	559
	2606	2609
	559	561
	2607	2610
	2608	2611
	2609	2612
	563	564
	2611	2614
	564	565
	565	566
	566	578
	2615	2619
	568	567
	569	568
	570	569
	571	570
	2620	2623
	573	571
	2621	2624
	574	572
	2622	2625
	575	573
	2623	2626
	576	574
	577	575
	579	578
	2627	2630
	2629	2631
	2630	2632
	583	581
	584	582
	585	583
	2634	2635
	587	585
	2635	2642
	2637	2636
	2638	2642
	591	588
	592	589
	593	590
	2641	2637
	594	608
	2642	2638
	2643	2639
	596	591
	2644	2642
	597	592
	598	593
	599	594
	600	595
	2648	2646
	601	596
	602	597
	603	598
	604	599
	2652	2650
	605	600
	606	601
	607	602
	2656	2654
	609	605
	611	608
	615	611
	616	612
	617	613
	618	617
	620	614
	621	615
	622	617
	626	620
	627	621
	628	621
	640	621
	641	622
	645	625
	646	626
	648	627
	650	628
	651	629
	652	630
	659	633
	660	634
	661	635
	662	636
	663	637
	665	639
	666	640
	667	641
	668	642
	674	647
	675	648
	676	649
	677	650
	678	651
	680	653
	681	654
	682	655
	683	656
	689	661
	690	662
	691	663
	692	664
	693	665
	695	667
	696	668
	697	669
	698	670
	701	673
	702	674
	704	675
	705	676
	707	677
	708	678
	709	679
	711	681
	712	682
	714	685
	715	686
	716	687
	718	689
	719	690
	722	693
	723	694
	724	695
	728	698
	730	699
	731	700
	735	703
	736	704
	737	705
	738	706
	739	707
	740	708
	741	709
	742	710
	743	711
	744	712
	746	714
	747	715
	751	718
	753	720
	754	721
	757	724
	758	725
	761	728
	762	729
	763	730
	764	731
	765	732
	770	737
	773	742
	774	746
	775	749
	778	752
	779	753
	780	754
	781	756
	782	757
	783	758
	784	759
	785	760
	787	762
	791	765
	792	766
	793	767
	794	768
	795	769
	796	770
	797	771
	800	774
	801	775
	802	776
	803	777
	804	779
	805	780
	806	781
	807	782
	809	785
	810	786
	812	788
	813	789
	817	792
	818	793
	819	794
	823	797
	824	798
	828	801
	829	802
	830	803
	831	804
	832	805
	834	807
	837	810
	839	812
	842	815
	843	816
	847	819
	848	820
	849	821
	850	822
	851	823
	853	826
	854	827
	855	828
	857	840
	860	853
	861	856
	863	857
	864	858
	865	859
	867	862
	868	863
	870	865
	871	866
	874	869
	878	872
	879	873
	880	874
	884	877
	886	878
	887	879
	888	880
	889	909
	890	911
	893	881
	894	882
	895	883
	896	884
	897	911
	900	886
	902	888
	903	889
	905	891
	907	895
	908	901
	909	902
	910	911
	913	904
	915	905
	916	911
	920	914
	922	915
	923	916
	924	917
	925	921
	928	919
	929	921
	933	924
	935	925
	936	926
	937	927
	938	934
	941	929
	943	930
	944	931
	946	934
	950	937
	951	938
	952	939
	953	955
	955	940
	956	941
	957	942
	958	943
	959	944
	960	945
	961	946
	962	947
	963	948
	964	949
	965	950
	966	951
	967	952
	969	955
	973	958
	974	959
	975	960
	976	963
	978	961
	979	963
	983	966
	984	967
	985	968
	986	969
	987	970
	991	973
	992	974
	993	975
	995	976
	997	978
	1001	981
	1002	982
	1003	983
	1004	984
	1005	1007
	1008	986
	1009	987
	1011	989
	1012	990
	1013	991
	1014	992
	1015	993
	1016	994
	1017	995
	1018	996
	1019	997
	1021	1000
	1022	1001
	1023	1002
	1027	1007
	1031	1010
	1032	1011
	1033	1012
	1034	1013
	1036	1015
	1039	1018
	1040	1019
	1041	1020
	1042	1021
	1045	1025
	1050	1029
	1051	1030
	1052	1031
	1054	1032
	1056	1045
	1058	1034
	1060	1037
	1061	1038
	1062	1039
	1063	1040
	1064	1041
	1067	1048
	1070	1051
	1074	1054
	1075	1055
	1076	1056
	1077	1059
	1080	1057
	1081	1059
	1085	1062
	1086	1063
	1087	1064
	1088	1065
	1089	1066
	1093	1069
	1094	1070
	1095	1077
	1099	1080
	1100	1081
	1101	1082
	1102	1086
	1103	1087
	1104	1088
	1105	1089
	1106	1090
	1107	1091
	1108	1092
	1109	1093
	1110	1094
	1111	1095
	1112	1107
	1113	1108
	1114	1109
	1115	1110
	1118	1113
	1120	1114
	1121	1115
	1122	1116
	1126	1120
	1127	1121
	1129	1125
	1132	1128
	1133	1129
	1134	1130
	1135	1131
	1137	1134
	1139	1135
	1140	1136
	1141	1137
	1142	1138
	1146	1142
	1147	1143
	1149	1146
	1150	1147
	1151	1148
	1152	1149
	1153	1150
	1154	1151
	1155	1152
	1156	1153
	1157	1154
	1158	1155
	1159	1156
	1160	1157
	1161	1158
	1162	1159
	1164	1162
	1165	1163
	1169	1166
	1170	1168
	1171	1176
	1173	1183
	1174	1183
	1175	1183
	1176	1183
	1178	1185
	1182	1188
	1183	1189
	1184	1190
	1185	1191
	1186	1192
	1187	1193
	1188	1195
	1189	1197
	1190	1198
	1192	1200
	1196	1203
	1197	1205
	1198	1207
	1202	1210
	1203	1211
	1204	1212
	1205	1213
	1207	1214
	1209	1215
	1211	1216
	1212	1217
	1214	1219
	1215	1220
	1217	1222
	1219	1223
	1220	1224
	1223	1227
	1224	1228
	1225	1229
	1226	1230
	1227	1231
	1230	1235
	1231	1236
	1232	1238
	1235	1241
	1239	1244
	1240	1245
	1241	1246
	1242	1247
	1243	1251
	1244	1252
	1246	1257
	1250	1260
	1251	1261
	1253	1262
	1254	1263
	1256	1265
	1257	1266
	1258	1267
	1259	1268
	1261	1270
	1265	1273
	1266	1274
	1267	1275
	1268	1276
	1269	1277
	1270	1278
	1273	1281
	1274	1282
	1276	1284
	1277	1285
	1281	1288
	1282	1289
	1283	1290
	1284	1291
	1286	1293
	1290	1296
	1291	1297
	1292	1298
	1293	1299
	1295	1301
	1299	1304
	1300	1305
	1301	1306
	1305	1309
	1306	1310
	1307	1315
	1311	1318
	1312	1319
	1313	1322
	1317	1325
	1318	1326
	1319	1327
	1320	1328
	1321	1329
	1322	1330
	1323	1331
	1324	1332
	1325	1333
	1326	1334
	1327	1335
	1328	1336
	1329	1337
	1330	1338
	1331	1339
	1332	1340
	1333	1341
	1334	1342
	1335	1343
	1336	1344
	1337	1345
	1338	1346
	1339	1347
	1340	1348
	1342	1350
	1343	1351
	1344	1352
	1345	1353
	1346	1354
	1347	1355
	1348	1369
	1349	1370
	1350	1371
	1351	1372
	1352	1373
	1353	1374
	1355	1376
	1356	1377
	1357	1378
	1358	1379
	1359	1380
	1360	1381
	1361	1382
	1362	1383
	1363	1384
	1364	1385
	1366	1386
	1367	1387
	1369	1389
	1370	1390
	1372	1392
	1376	1395
	1377	1396
	1378	1397
	1379	1398
	1380	1399
	1382	1400
	1383	1402
	1384	1404
	1387	1407
	1388	1408
	1389	1409
	1393	1412
	1394	1413
	1395	1414
	1397	1416
	1399	1418
	1403	1421
	1404	1422
	1405	1423
	1409	1426
	1410	1427
	1411	1428
	1412	1429
	1414	1431
	1415	1432
	1417	1434
	1421	1437
	1422	1438
	1423	1441
	1427	1444
	1428	1445
	1429	1446
	1433	1449
	1434	1450
	1435	1451
	1439	1454
	1440	1455
	1442	1456
	1443	1457
	1444	1458
	1445	1459
	1449	1462
	1450	1463
	1451	1464
	1452	1465
	1454	1467
	1458	1470
	1460	1471
	1461	1472
	1463	1474
	1467	1477
	1469	1479
	1470	1480
	1471	1481
	1473	1482
	1476	1485
	1477	1486
	1479	1488
	1483	1491
	1485	1492
	1486	1493
	1488	1494
	1489	1495
	1491	1497
	1492	1498
	1496	1502
	1497	1503
	1499	1506
	1500	1507
	1504	1511
	1505	1512
	1506	1513
	1507	1514
	1508	1515
	1509	1516
	1511	1518
	1516	1522
	1518	1523
	1519	1524
	1521	1526
	1525	1529
	1526	1530
	1527	1531
	1528	1547
	1531	1532
	1532	1533
	1533	1547
	1536	1535
	1537	1544
	1538	1547
	1542	1550
	1544	1551
	1545	1552
	1547	1553
	1550	1556
	1551	1557
	1555	1560
	1556	1561
	1557	1562
	1560	1565
	1561	1575
	1563	1569
	1564	1570
	1566	1571
	1567	1572
	1568	1573
	1569	1575
	1573	1578
	1577	1581
	1581	1584
	1583	1585
	1584	1586
	1585	1587
	1586	1588
	1588	1590
	1591	1593
	1595	1596
	1596	1597
	1597	1598
	1598	1599
	1602	1602
	1603	1603
	1604	1604
	1605	1605
	1607	1607
	1611	1610
	1612	1611
	1614	1612
	1616	1613
	1617	1614
	1618	1615
	1620	1617
	1623	1620
	1624	1621
	1625	1622
	1626	1623
	1630	1626
	1631	1627
	1632	1628
	1636	1631
	1637	1632
	1638	1637
	1642	1640
	1643	1641
	1644	1642
	1648	1645
	1649	1646
	1650	1647
	1654	1650
	1655	1651
	1656	1652
	1660	1655
	1661	1656
	1662	1657
	1663	1658
	1665	1660
	1669	1663
	1670	1664
	1671	1676
	1674	1665
	1675	1666
	1676	1667
	1678	1668
	1680	1669
	1681	1671
	1682	1673
	1684	1676
	1688	1679
	1689	1680
	1690	1681
	1694	1684
	1695	1685
	1696	1686
	1700	1689
	1701	1690
	1702	1691
	1706	1694
	1707	1695
	1708	1696
	1712	1699
	1713	1700
	1714	1703
	1718	1706
	1719	1707
	1720	1708
	1721	1709
	1725	1712
	1726	1713
	1727	1714
	1728	1715
	1730	1717
	1734	1720
	1735	1722
	1736	1723
	1737	1724
	1738	1725
	1739	1726
	1742	1729
	1746	1732
	1748	1734
	1749	1735
	1750	1736
	1751	1737
	1755	1741
	1756	1742
	1757	1743
	1758	1744
	1762	1746
	1763	1747
	1766	1751
	1769	1758
	1770	1760
	1772	1763
	1774	1763
	1776	1764
	1778	1767
	1779	1768
	1781	1770
	1782	1771
	1784	1773
	1787	1777
	1788	1780
	1790	1782
	1793	1785
	1794	1786
	1795	1787
	1796	1788
	1797	1789
	1798	1804
	1800	1791
	1801	1792
	1803	1794
	1804	1795
	1805	1796
	1806	1797
	1807	1798
	1810	1801
	1812	1804
	1815	1807
	1820	1811
	1821	1812
	1824	1815
	1825	1816
	1827	1818
	1829	1820
	1832	1823
	1833	1825
	1834	1826
	1835	1827
	1836	1828
	1837	1829
	1838	1830
	1839	1831
	1842	1834
	1846	1837
	1847	1838
	1848	1839
	1849	1840
	1850	1841
	1851	1842
	1852	1843
	1853	1844
	1854	1845
	1858	1848
	1859	1849
	1860	1862
	1864	1865
	1865	1866
	1866	1867
	1867	1880
	1869	1868
	1870	1880
	1875	1883
	1876	1884
	1877	1885
	1878	1941
	1881	1887
	1882	1888
	1884	1889
	1885	1890
	1886	1891
	1887	1892
	1888	1903
	1889	1906
	1890	1907
	1891	1908
	1892	1909
	1895	1912
	1896	1913
	1898	1915
	1899	1916
	1900	1917
	1901	1918
	1902	1919
	1905	1923
	1906	1924
	1908	1926
	1909	1927
	1910	1929
	1911	1934
	1912	1935
	1915	1895
	1916	1896
	1917	1897
	1920	1941
	1923	1944
	1924	1944
	1926	1944
	1933	1950
	1934	1951
	1935	1952
	1936	1952
	1938	1953
	1939	1954
	1941	1952
	1945	1959
	1946	1961
	1947	1962
	1949	1964
	1952	1967
	1953	1968
	1957	1971
	1958	1972
	1959	1973
	1963	1976
	1964	1977
	1965	1978
	1967	1980
	1969	1982
	1973	1985
	1974	1986
	1975	1987
	1976	1988
	1977	1995
	1979	1997
	1983	2000
	1984	2001
	1985	2002
	1986	2003
	1988	2005
	1992	2008
	1993	2009
	1994	2010
	1996	2013
	1997	2014
	1998	2015
	1999	2016
	2000	2017
	2001	2018
	2002	2019
	2003	2020
	2004	2021
	2005	2022
	2006	2023
	2007	2024
	2008	2025
	2009	2026
	2010	2027
	2011	2028
	2012	2033
	2013	2040
	2014	2041
	2015	2042
	2016	2044
	2017	2045
	2018	2055
	2020	2058
	2021	2059
	2022	2060
	2023	2069
	2024	2070
	2025	2072
	2026	2073
	2029	2076
	2030	2078
	2031	2079
	2033	2081
	2034	2082
	2035	2083
	2036	2084
	2037	2085
	2038	2086
	2039	2087
	2040	2088
	2041	2089
	2042	2090
	2043	2091
	2044	2092
	2045	2093
	2046	2094
	2047	2095
net/minecraft/client/model/ChestRaftModel	54	51
	32	34
	34	35
	36	36
	37	38
	38	38
	39	39
	42	41
	43	43
	44	43
	45	44
	48	46
	49	48
	18	20
	50	48
	19	21
	51	49
	54	51
	23	25
	24	26
	25	27
	26	28
	27	29
	31	33
com/mojang/realmsclient/gui/screens/RealmsSelectWorldTemplateScreen	501	509
	39	36
	41	37
	42	38
	43	39
	45	40
	46	41
	78	63
	79	64
	82	69
	83	70
	84	71
	85	72
	87	73
	88	74
	91	76
	92	79
	94	81
	97	84
	98	85
	99	86
	103	90
	104	91
	105	92
	107	94
	113	100
	115	104
	116	109
	117	113
	118	114
	119	115
	120	117
	122	121
	123	122
	124	123
	126	124
	127	125
	128	126
	132	130
	133	131
	134	132
	136	135
	137	136
	139	139
	143	143
	144	144
	145	145
	146	146
	149	149
	153	153
	157	157
	161	161
	166	166
	168	167
	169	168
	170	169
	172	171
	176	175
	177	176
	180	179
	181	180
	183	182
	186	185
	190	189
	191	190
	192	191
	193	192
	196	195
	199	198
	200	199
	201	200
	202	201
	205	204
	208	207
	211	210
	212	211
	213	213
	215	214
	218	215
	219	218
	220	219
	221	220
	222	221
	224	224
	227	226
	228	228
	229	229
	231	232
	233	233
	234	234
	235	236
	236	238
	238	241
	240	243
	241	248
	243	250
	244	252
	245	253
	249	257
	250	258
	251	259
	257	265
	258	266
	259	267
	261	268
	263	269
	264	270
	265	271
	268	274
	270	275
	271	276
	273	278
	274	279
	276	280
	277	281
	279	282
	280	283
	284	287
	285	288
	286	289
	288	290
	289	291
	290	292
	291	293
	293	295
	297	299
	301	303
	303	304
	304	305
	307	308
	308	309
	309	310
	310	311
	311	312
	312	314
	313	315
	314	316
	315	317
	316	318
	317	319
	319	322
	322	325
	326	432
	327	433
	330	437
	331	443
	332	444
	335	447
	336	448
	340	452
	341	453
	343	454
	344	455
	347	458
	348	459
	350	460
	351	461
	352	462
	354	463
	355	464
	358	467
	360	468
	361	469
	363	472
	366	476
	371	480
	372	481
	373	482
	374	483
	378	487
	383	492
	388	497
	389	498
	392	501
	396	505
	400	509
	408	342
	409	343
	413	347
	414	348
	417	351
	418	352
	419	353
	420	354
	422	362
	423	363
	426	366
	427	367
	430	370
	432	371
	433	372
	436	375
	437	376
	440	379
	442	380
	443	381
	445	382
	447	383
	448	384
	449	385
	450	386
	452	388
	454	390
	455	391
	459	395
	460	396
	461	397
	464	400
	465	401
	466	402
	467	403
	470	406
	471	407
	472	408
	473	409
	474	410
	475	411
	477	413
	481	417
	482	419
	483	420
	484	421
	485	422
	487	425
	492	328
	493	335
	496	329
	497	330
	498	331
	499	332
	500	333
	501	335
net/minecraft/client/gui/screens/worldselection/PresetEditor	65	68
	32	32
	64	67
	33	34
	65	68
	34	35
	35	36
	36	37
	37	38
	38	39
	40	41
	41	42
	44	49
	47	49
	52	56
	53	57
	54	58
	59	63
	60	64
	62	65
	31	31
	63	66
com/mojang/realmsclient/client/Ping	73	79
	64	67
	65	68
	66	69
	67	70
	68	71
	71	77
	72	78
	73	79
	17	18
	18	19
	22	22
	23	24
	24	25
	28	28
	29	29
	33	33
	34	34
	35	35
	36	37
	38	39
	39	40
	40	41
	41	42
	42	43
	43	44
	44	45
	46	47
	49	51
	53	55
	57	59
	61	64
	62	65
	63	66
net/minecraft/client/animation/definitions/SnifferAnimation	762	1149
	11	12
	12	13
	13	16
	15	19
	16	22
	18	25
	20	26
	21	27
	22	28
	23	32
	24	33
	25	34
	26	35
	27	36
	28	37
	29	38
	30	39
	31	40
	33	43
	35	44
	36	45
	37	49
	38	50
	39	51
	40	52
	41	53
	42	54
	43	55
	45	58
	46	62
	47	63
	48	64
	49	65
	51	68
	53	69
	54	70
	55	71
	56	75
	57	76
	58	77
	59	78
	60	79
	62	82
	63	86
	64	87
	65	88
	66	89
	67	90
	69	93
	70	97
	71	98
	72	99
	73	100
	74	101
	75	102
	76	103
	78	106
	79	110
	80	111
	81	112
	82	113
	83	114
	84	115
	85	116
	87	119
	88	123
	89	124
	90	125
	91	126
	92	127
	93	128
	94	129
	96	132
	97	136
	98	137
	99	138
	100	139
	101	140
	102	141
	103	142
	105	145
	106	149
	107	150
	108	151
	109	152
	110	153
	112	156
	113	160
	114	161
	115	162
	116	163
	117	164
	119	167
	120	171
	121	172
	122	173
	123	174
	124	175
	125	176
	127	179
	128	183
	129	184
	130	185
	131	186
	132	187
	133	188
	135	191
	136	195
	137	196
	138	197
	139	198
	140	199
	141	200
	142	201
	144	204
	145	208
	146	209
	147	210
	148	211
	149	212
	150	213
	151	214
	153	217
	154	221
	155	222
	156	223
	157	224
	158	225
	160	228
	161	232
	162	233
	163	234
	164	235
	165	236
	166	237
	167	238
	169	241
	170	245
	171	246
	172	247
	173	248
	174	249
	175	250
	177	253
	178	257
	179	258
	180	259
	181	260
	182	261
	184	264
	185	268
	186	269
	187	270
	188	271
	189	272
	191	275
	193	276
	194	277
	195	278
	196	282
	197	283
	198	284
	199	285
	200	286
	202	289
	203	293
	204	294
	205	295
	206	296
	207	297
	209	300
	210	304
	211	305
	212	306
	213	307
	214	308
	215	309
	216	310
	218	313
	219	317
	220	318
	221	319
	222	320
	223	321
	224	322
	225	323
	227	326
	228	330
	229	331
	230	332
	231	333
	232	334
	233	335
	234	336
	236	339
	237	343
	238	344
	239	345
	240	346
	241	347
	242	348
	243	349
	245	352
	246	356
	247	357
	248	358
	249	359
	250	360
	252	363
	253	367
	254	368
	255	369
	256	370
	257	371
	259	374
	260	378
	261	379
	262	380
	263	381
	264	382
	265	383
	267	386
	268	390
	269	391
	270	392
	271	393
	272	394
	273	395
	275	398
	276	402
	277	403
	278	404
	279	405
	280	406
	281	407
	282	408
	284	411
	285	415
	286	416
	287	417
	288	418
	289	419
	290	420
	291	421
	293	424
	294	428
	295	429
	296	430
	297	431
	299	434
	300	438
	301	439
	302	440
	303	441
	304	442
	305	443
	307	446
	308	450
	309	451
	311	454
	312	458
	313	459
	314	460
	315	461
	316	462
	317	463
	318	464
	319	465
	320	466
	322	469
	323	473
	324	474
	325	475
	326	476
	327	477
	328	478
	329	479
	330	480
	331	481
	333	484
	334	488
	335	489
	336	490
	337	491
	338	492
	339	493
	340	494
	341	495
	342	496
	343	497
	344	498
	345	499
	346	500
	347	501
	348	502
	349	503
	351	506
	353	507
	354	508
	355	512
	356	513
	357	514
	358	515
	359	516
	360	517
	361	518
	362	519
	363	520
	364	521
	365	522
	366	523
	367	524
	369	527
	370	531
	371	532
	372	533
	374	536
	375	540
	376	541
	377	542
	378	543
	380	546
	381	550
	382	551
	383	552
	384	553
	385	554
	386	555
	387	556
	388	557
	389	558
	390	559
	391	560
	392	561
	393	562
	394	563
	395	564
	396	565
	397	566
	398	567
	399	568
	400	569
	401	570
	402	571
	403	572
	404	573
	406	576
	407	580
	408	581
	409	582
	410	583
	411	584
	412	585
	413	586
	414	587
	415	588
	416	589
	417	590
	418	591
	419	592
	420	593
	421	594
	422	595
	424	598
	425	602
	426	603
	427	604
	428	605
	429	606
	430	607
	431	608
	433	611
	434	615
	435	616
	436	617
	437	618
	438	619
	439	620
	440	621
	442	624
	443	628
	444	629
	445	630
	447	633
	448	637
	449	638
	450	639
	451	640
	453	643
	454	647
	455	648
	456	649
	458	652
	459	656
	460	657
	461	658
	462	659
	464	662
	465	666
	466	667
	467	668
	469	671
	470	675
	471	676
	472	677
	473	678
	475	681
	476	685
	477	686
	478	687
	480	690
	481	694
	482	695
	483	696
	484	697
	486	700
	487	704
	488	705
	489	706
	491	709
	492	713
	493	714
	494	715
	495	716
	497	719
	498	723
	499	724
	500	725
	502	728
	503	732
	504	733
	505	734
	506	735
	508	738
	510	739
	511	740
	512	744
	513	745
	514	746
	515	747
	517	750
	518	754
	519	755
	520	756
	521	757
	523	760
	524	764
	525	765
	526	766
	527	767
	528	768
	530	771
	531	775
	532	776
	534	779
	535	783
	536	784
	537	785
	539	788
	540	792
	541	793
	542	794
	544	797
	545	801
	546	802
	548	805
	549	809
	550	810
	551	811
	553	814
	554	818
	555	819
	557	822
	558	826
	559	827
	560	828
	562	831
	563	835
	564	836
	566	839
	567	843
	568	844
	569	845
	571	848
	572	852
	573	853
	575	856
	576	860
	577	861
	578	862
	580	865
	581	869
	582	870
	584	873
	585	877
	586	878
	587	879
	589	882
	590	886
	591	887
	593	890
	594	894
	595	895
	596	896
	598	899
	600	900
	601	901
	602	905
	603	906
	604	907
	605	908
	606	909
	608	912
	609	916
	610	917
	611	918
	612	919
	613	920
	614	921
	616	924
	617	928
	618	929
	619	930
	620	931
	621	932
	623	935
	624	939
	625	940
	626	941
	627	942
	628	943
	629	944
	630	945
	632	948
	633	952
	634	953
	635	954
	636	955
	637	956
	639	959
	640	963
	641	964
	642	965
	643	966
	644	967
	646	970
	647	974
	648	975
	649	976
	650	977
	651	978
	653	981
	654	985
	655	986
	656	987
	657	988
	658	989
	659	990
	660	991
	661	992
	663	995
	664	999
	665	1000
	667	1003
	668	1007
	669	1008
	670	1009
	671	1010
	672	1011
	673	1012
	674	1013
	675	1014
	677	1017
	678	1021
	679	1022
	681	1025
	682	1029
	683	1030
	684	1031
	685	1032
	686	1033
	687	1034
	688	1035
	689	1036
	691	1039
	692	1043
	693	1044
	695	1047
	696	1051
	697	1052
	698	1053
	699	1054
	700	1055
	701	1056
	702	1057
	703	1058
	705	1061
	706	1065
	707	1066
	709	1069
	710	1073
	711	1074
	712	1075
	713	1076
	714	1077
	715	1078
	716	1079
	717	1080
	719	1083
	720	1087
	721	1088
	723	1091
	724	1095
	725	1096
	726	1097
	727	1098
	728	1099
	729	1100
	730	1101
	731	1102
	733	1105
	734	1109
	735	1110
	737	1113
	739	1114
	740	1115
	741	1116
	742	1120
	743	1121
	744	1122
	745	1123
	746	1124
	748	1127
	749	1131
	750	1132
	751	1133
	752	1134
	753	1135
	755	1138
	756	1142
	757	1143
	758	1144
	759	1145
	760	1146
	762	1149
net/minecraft/client/gui/screens/inventory/CommandBlockEditScreen	101	113
	21	25
	22	26
	26	30
	31	35
	36	40
	37	41
	38	43
	39	44
	40	45
	41	46
	44	50
	45	51
	46	52
	47	53
	50	55
	51	56
	52	57
	53	58
	54	59
	57	61
	58	62
	59	63
	60	64
	61	65
	64	67
	65	68
	68	71
	69	72
	70	73
	71	74
	72	75
	73	76
	76	79
	77	80
	78	81
	79	82
	80	83
	81	84
	83	85
	84	86
	85	87
	86	88
	88	89
	89	90
	90	91
	94	95
	95	96
	96	97
	100	101
	101	113
net/minecraft/client/renderer/entity/layers/CarriedBlockLayer	40	38
	32	30
	33	31
	34	32
	35	33
	36	34
	38	35
	39	36
	40	38
	17	20
	18	21
	19	22
	23	25
	24	26
	25	38
	28	27
	30	28
	31	29
net/minecraft/client/server/IntegratedPlayerList	48	43
	48	43
	18	20
	34	33
	35	34
	20	21
	21	22
	38	35
	25	25
	26	26
	43	39
	29	29
	30	30
com/mojang/realmsclient/client/RealmsError	48	47
	32	31
	33	32
	34	33
	35	34
	36	35
	37	36
	38	37
	39	38
	44	43
	15	15
	48	47
	21	20
	22	21
	23	22
	27	26
	28	27
net/minecraft/client/renderer/RenderBuffers	61	59
	13	14
	14	16
	15	17
	17	18
	18	19
	20	20
	21	21
	22	22
	23	23
	24	24
	25	25
	26	26
	27	27
	28	28
	29	29
	30	30
	31	31
	32	32
	33	33
	34	34
	36	35
	37	36
	40	43
	41	44
	43	38
	44	39
	46	40
	49	47
	53	51
	57	55
	61	59
com/mojang/blaze3d/platform/GlDebug	185	188
	128	156
	131	128
	132	129
	133	130
	134	131
	135	132
	136	133
	138	136
	139	137
	140	138
	142	141
	143	142
	144	143
	145	144
	146	145
	148	148
	149	149
	22	24
	150	150
	152	153
	25	34
	154	156
	29	38
	31	40
	33	42
	35	44
	37	46
	165	168
	166	169
	39	48
	167	170
	168	171
	41	50
	169	172
	170	173
	43	52
	173	176
	48	57
	177	176
	50	59
	52	61
	54	63
	182	181
	183	184
	56	65
	184	186
	185	188
	58	67
	60	69
	62	71
	64	73
	69	78
	71	82
	73	84
	75	86
	77	80
	79	88
	84	26
	89	93
	92	95
	93	96
	94	97
	95	100
	96	101
	97	102
	99	98
	103	106
	104	107
	107	110
	108	111
	109	113
	110	114
	112	117
	116	29
	117	30
	122	122
	126	126
	127	127
net/minecraft/client/gui/components/CycleButton	270	299
	260	289
	261	290
	262	291
	265	294
	270	299
	21	23
	39	50
	40	51
	41	52
	42	53
	43	54
	44	55
	45	56
	46	57
	47	58
	48	59
	49	60
	50	61
	53	64
	54	65
	58	69
	59	70
	61	72
	63	74
	66	77
	67	78
	68	79
	70	80
	71	81
	72	82
	75	85
	76	86
	81	91
	82	92
	83	93
	84	94
	86	97
	90	101
	91	102
	92	103
	93	104
	97	107
	98	108
	101	111
	102	112
	103	113
	104	114
	105	115
	108	118
	112	122
	116	126
	121	131
	127	136
	128	137
	129	138
	130	139
	131	140
	132	141
	134	143
	137	146
	141	149
	145	153
	149	157
	153	161
	157	165
	165	174
	172	180
	173	181
	176	184
	181	189
	185	193
	189	197
	193	201
	194	202
	198	206
	199	207
	203	211
	204	212
	205	213
	206	214
	208	217
	212	221
	213	222
	217	226
	218	227
	222	231
	226	235
	227	236
	228	237
	231	240
	232	241
	233	242
	235	244
	245	274
	246	275
	249	278
	254	283
net/minecraft/client/renderer/entity/StriderRenderer	38	38
	32	33
	17	19
	18	22
	34	35
	22	25
	38	38
	11	14
	12	15
	28	29
	29	30
	30	31
	15	18
net/minecraft/client/renderer/entity/VillagerRenderer	39	39
	32	31
	33	32
	34	33
	36	35
	38	38
	39	39
	13	16
	16	19
	18	20
	19	21
	20	22
	21	23
	25	26
	31	30
net/minecraft/client/renderer/block/model/multipart/MultiPart	117	118
	65	64
	70	71
	75	76
	80	81
	81	82
	86	87
	88	89
	89	90
	90	91
	91	92
	95	96
	38	40
	102	104
	39	41
	103	105
	40	42
	43	45
	107	108
	47	49
	111	112
	49	51
	113	114
	50	52
	114	115
	53	55
	117	118
	58	60
	59	61
	61	63
	62	63
	63	65
net/minecraft/client/gui/font/providers/GlyphProviderDefinition	12	15
	12	15
net/minecraft/client/gui/screens/inventory/package-info	0	0
net/minecraft/client/gui/spectator/SpectatorMenu	178	167
	129	117
	130	118
	134	122
	139	127
	140	128
	15	17
	16	18
	144	132
	17	19
	21	21
	22	22
	23	23
	153	142
	154	143
	155	144
	28	27
	159	148
	32	31
	160	149
	164	153
	37	36
	41	40
	169	158
	170	159
	172	161
	174	163
	178	167
	51	49
	52	50
	53	51
	56	54
	58	55
	59	56
	60	57
	61	58
	62	58
	64	58
	68	59
	69	60
	72	62
	73	62
	75	62
	79	67
	81	69
	82	70
	85	73
	89	77
	93	81
	97	85
	99	86
	100	87
	101	88
	103	90
	106	93
	109	96
	110	97
	113	100
	117	104
	118	105
	119	106
	120	107
	123	110
net/minecraft/client/GraphicsStatus	44	43
	36	35
	37	36
	38	37
	39	38
	9	12
	10	13
	11	14
	44	43
	14	16
	20	21
	21	22
	22	23
	26	26
	31	30
net/minecraft/client/gui/screens/inventory/InventoryScreen	209	197
	26	27
	36	35
	37	36
	38	37
	42	41
	43	42
	44	49
	47	47
	48	49
	52	53
	53	54
	54	72
	57	59
	58	60
	59	61
	60	62
	62	63
	63	64
	64	65
	66	66
	68	67
	69	68
	70	69
	71	70
	72	72
	76	76
	77	77
	81	81
	83	82
	84	83
	85	84
	87	86
	88	87
	89	88
	92	91
	93	92
	95	93
	96	94
	97	95
	101	99
	102	100
	103	101
	105	102
	106	103
	109	106
	110	107
	112	108
	113	109
	114	110
	116	111
	117	112
	118	113
	119	114
	120	115
	122	116
	123	117
	124	118
	125	119
	126	120
	128	121
	130	122
	131	123
	132	124
	133	125
	134	126
	135	127
	138	132
	139	133
	140	134
	141	135
	143	136
	145	137
	146	138
	147	139
	148	140
	150	143
	151	145
	152	147
	153	148
	155	149
	157	150
	158	151
	162	155
	167	160
	168	161
	169	162
	172	164
	173	164
	176	164
	181	170
	182	171
	183	172
	186	174
	191	180
	192	181
	197	186
	199	187
	200	188
	204	192
	205	193
	209	197
net/minecraft/client/model/EndermanModel	142	124
	128	111
	129	112
	130	113
	131	114
	132	115
	134	116
	135	117
	136	118
	139	121
	140	122
	141	123
	142	124
	18	20
	19	21
	22	24
	23	25
	24	26
	26	27
	27	28
	28	29
	29	29
	32	31
	33	31
	34	31
	37	32
	38	33
	39	33
	40	33
	42	35
	43	36
	44	36
	45	36
	47	38
	48	39
	49	39
	50	39
	52	41
	53	42
	54	42
	55	42
	57	44
	58	45
	59	45
	60	45
	63	47
	68	52
	70	53
	72	54
	73	55
	74	56
	75	57
	77	58
	78	59
	80	60
	81	61
	82	62
	83	63
	85	64
	86	65
	87	66
	89	69
	90	70
	92	73
	93	74
	95	77
	96	78
	98	81
	99	82
	101	85
	102	86
	104	89
	105	90
	107	93
	108	94
	111	97
	112	98
	113	99
	114	100
	115	101
	118	104
	119	105
	121	106
	122	107
	124	108
	125	109
	127	110
net/minecraft/client/gui/components/events/package-info	0	0
com/mojang/blaze3d/font/TrueTypeGlyphProvider	185	182
	128	120
	130	121
	132	122
	133	123
	135	124
	136	125
	140	129
	145	134
	148	138
	153	143
	158	148
	34	35
	35	36
	163	153
	37	37
	39	38
	168	158
	41	39
	42	40
	44	41
	173	163
	46	43
	47	44
	48	45
	49	46
	50	47
	178	164
	179	165
	52	48
	180	177
	181	178
	54	50
	185	182
	59	55
	61	56
	62	57
	65	60
	66	61
	67	62
	68	63
	71	66
	72	67
	73	68
	74	69
	75	70
	76	71
	78	72
	79	74
	81	76
	83	77
	84	78
	86	79
	87	81
	91	80
	96	86
	97	89
	99	87
	104	95
	105	96
	106	97
	108	100
	109	101
	110	102
	115	106
	127	119
net/minecraft/client/model/CodModel	78	69
	68	58
	73	63
	74	64
	75	65
	77	68
	78	69
	18	20
	19	21
	20	22
	23	25
	24	26
	26	27
	27	28
	28	29
	29	29
	30	29
	32	31
	33	32
	34	32
	35	32
	37	34
	38	35
	39	35
	40	35
	42	37
	43	39
	44	39
	45	40
	47	42
	48	44
	49	44
	50	45
	52	47
	53	48
	54	48
	55	48
	57	50
	58	51
	59	51
	60	51
	63	53
net/minecraft/client/tutorial/package-info	0	0
com/mojang/blaze3d/pipeline/RenderTarget	313	276
	258	226
	259	227
	260	228
	262	229
	263	230
	265	231
	266	232
	268	235
	269	236
	272	239
	274	240
	275	241
	276	242
	277	243
	279	244
	280	245
	281	246
	282	247
	283	248
	284	249
	285	250
	287	251
	289	252
	291	253
	36	33
	292	254
	37	33
	293	255
	38	33
	39	33
	40	33
	296	258
	297	259
	298	260
	299	261
	300	262
	301	263
	46	37
	302	264
	48	38
	304	267
	49	39
	305	268
	50	40
	306	269
	51	41
	309	272
	54	44
	55	45
	56	45
	57	45
	313	276
	59	47
	61	49
	64	52
	65	53
	67	54
	68	55
	70	58
	73	59
	74	60
	77	63
	78	64
	79	65
	81	66
	82	67
	83	68
	85	71
	86	72
	87	73
	89	76
	90	77
	91	78
	92	79
	94	81
	97	84
	99	85
	100	86
	101	87
	103	88
	104	89
	107	92
	109	93
	110	94
	111	127
	114	95
	115	96
	117	97
	118	98
	120	99
	121	100
	122	101
	123	102
	124	103
	125	104
	126	105
	127	106
	128	107
	129	108
	130	109
	133	112
	134	113
	135	114
	136	115
	137	116
	139	117
	140	118
	142	119
	144	120
	147	123
	149	124
	150	125
	151	129
	154	132
	155	133
	156	134
	157	135
	158	136
	159	137
	160	138
	163	141
	164	142
	165	143
	166	160
	167	144
	168	145
	169	146
	170	147
	171	148
	172	149
	173	150
	174	151
	175	152
	176	153
	177	154
	178	155
	180	157
	185	163
	186	164
	187	165
	190	168
	191	169
	192	170
	196	173
	197	174
	198	174
	199	174
	201	176
	203	178
	206	181
	207	182
	208	183
	209	184
	211	186
	215	189
	216	190
	217	190
	218	190
	220	192
	222	194
	225	197
	226	198
	227	199
	228	200
	229	201
	232	204
	233	205
	236	208
	237	209
	238	210
	239	210
	240	210
	242	212
	244	214
	247	217
	248	218
	249	219
	250	220
	252	221
	254	222
	255	223
net/minecraft/client/gui/screens/advancements/AdvancementsScreen	238	222
	21	22
	22	23
	41	36
	42	37
	43	38
	52	46
	53	47
	54	48
	58	52
	59	53
	60	54
	61	55
	62	56
	65	58
	67	60
	71	64
	72	65
	73	66
	74	67
	76	69
	80	73
	81	74
	82	75
	84	77
	85	78
	86	79
	87	80
	91	85
	96	90
	97	91
	98	92
	99	93
	101	95
	106	101
	107	102
	109	103
	110	104
	111	105
	112	106
	113	107
	117	111
	118	112
	119	113
	122	116
	123	117
	124	118
	125	119
	127	122
	131	126
	132	127
	133	128
	134	129
	135	130
	136	131
	137	135
	140	133
	141	135
	144	138
	146	139
	148	140
	149	141
	150	142
	153	145
	154	146
	158	150
	159	151
	162	154
	163	155
	164	156
	166	157
	167	158
	168	159
	170	160
	173	163
	174	164
	175	165
	176	166
	180	170
	184	173
	185	174
	186	177
	188	175
	189	177
	193	180
	197	183
	198	184
	199	185
	201	187
	205	190
	209	194
	210	195
	211	196
	213	198
	217	202
	218	203
	222	206
	223	207
	224	208
	228	212
	229	213
	235	218
	236	219
	238	222
net/minecraft/client/renderer/entity/AllayRenderer	27	26
	17	18
	18	19
	22	22
	27	26
	12	14
	15	17
net/minecraft/client/gui/screens/inventory/MenuAccess	0	0
net/minecraft/client/renderer/block/model/multipart/Selector	100	98
	65	68
	66	68
	69	68
	74	73
	76	74
	77	75
	80	78
	81	79
	82	80
	83	81
	84	82
	85	83
	86	84
	87	85
	88	86
	89	87
	90	88
	28	30
	92	90
	29	31
	31	34
	95	93
	32	35
	34	38
	35	39
	36	40
	100	98
	39	43
	43	47
	48	52
	53	57
	59	63
	61	64
com/mojang/blaze3d/vertex/VertexFormat	183	165
	130	129
	131	130
	132	131
	135	134
	136	134
	138	134
	143	140
	144	141
	145	142
	146	143
	147	144
	148	145
	149	146
	150	147
	24	24
	25	25
	28	26
	29	28
	30	29
	158	155
	31	30
	159	156
	160	157
	33	33
	161	158
	34	34
	162	159
	38	39
	166	162
	42	45
	173	163
	46	49
	177	164
	50	53
	180	165
	54	57
	183	162
	59	62
	60	63
	62	64
	63	68
	66	65
	68	66
	69	66
	72	66
	77	74
	81	78
	82	79
	83	83
	86	81
	87	83
	90	86
	91	87
	92	89
	93	90
	95	92
	98	95
	99	96
	100	100
	103	98
	104	100
	107	103
	108	105
	109	106
	110	107
	112	109
	115	112
	116	113
	117	114
	119	117
	123	122
	124	123
net/minecraft/client/model/ArmorStandArmorModel	73	64
	64	57
	65	58
	66	59
	68	60
	69	61
	70	62
	72	63
	73	64
	16	17
	17	18
	20	21
	21	22
	22	23
	23	24
	24	24
	25	24
	27	26
	28	28
	29	28
	30	29
	32	31
	33	33
	34	33
	35	34
	37	36
	38	38
	39	38
	40	39
	43	41
	48	45
	49	46
	50	47
	52	48
	53	49
	54	50
	56	51
	57	52
	58	53
	60	54
	61	55
	62	56
net/minecraft/client/renderer/OutlineBufferSource	117	120
	64	67
	68	71
	72	75
	76	79
	77	80
	78	81
	79	82
	20	21
	84	87
	21	22
	25	26
	89	92
	26	27
	90	93
	27	28
	91	94
	29	30
	30	31
	31	32
	32	33
	96	99
	33	35
	34	37
	36	39
	101	104
	40	45
	41	46
	42	47
	106	109
	43	48
	44	49
	47	52
	111	114
	48	53
	112	115
	116	119
	117	120
	62	65
	63	66
net/minecraft/client/renderer/entity/layers/ShulkerHeadLayer	25	26
	16	19
	17	20
	21	23
	22	24
	24	25
	25	26
net/minecraft/client/multiplayer/chat/report/ChatReportContextBuilder	105	103
	65	65
	80	76
	81	77
	82	78
	22	24
	86	81
	23	25
	87	82
	89	85
	26	28
	90	86
	91	87
	28	30
	92	88
	29	30
	93	89
	30	31
	31	32
	95	91
	32	33
	33	34
	34	35
	98	95
	35	36
	99	96
	36	37
	101	99
	39	30
	41	41
	105	103
	44	44
	45	45
	48	48
	50	49
	51	51
	52	52
	53	53
	54	54
	55	55
	56	56
	61	61
net/minecraft/client/gui/components/MultiLineEditBox	231	225
	29	28
	30	29
	31	30
	32	31
	33	32
	34	33
	37	36
	38	37
	41	40
	42	41
	45	44
	46	45
	49	48
	53	52
	54	53
	58	57
	59	58
	63	62
	64	63
	67	64
	68	65
	69	66
	70	67
	73	69
	78	75
	79	76
	82	77
	83	78
	84	79
	85	80
	86	81
	89	83
	94	89
	99	94
	100	98
	103	95
	104	96
	109	104
	110	105
	111	106
	112	171
	115	110
	116	111
	117	112
	119	113
	120	114
	121	115
	122	117
	123	118
	125	119
	126	120
	127	121
	128	122
	129	123
	132	126
	133	127
	135	131
	138	134
	141	137
	142	138
	145	141
	146	142
	148	143
	149	144
	150	146
	151	147
	152	148
	154	150
	158	154
	159	155
	161	157
	162	158
	164	160
	166	163
	169	166
	172	171
	176	175
	178	176
	179	177
	180	178
	181	179
	183	181
	187	185
	192	190
	197	195
	201	199
	202	200
	205	203
	207	204
	209	205
	210	206
	212	208
	214	209
	215	210
	219	214
	220	215
	223	218
	227	222
	228	223
	230	224
	231	225
net/minecraft/client/gui/components/events/GuiEventListener	76	65
	33	31
	37	35
	69	61
	70	61
	72	61
	41	39
	76	65
	45	43
	18	16
	21	19
	56	48
	25	23
	60	52
	29	27
net/minecraft/client/resources/SplashManager	70	63
	32	33
	65	58
	66	59
	67	61
	36	36
	68	62
	70	63
	39	37
	40	38
	41	39
	47	44
	48	45
	49	46
	53	50
	54	51
	24	26
	56	52
	25	27
	57	53
	58	54
	59	55
	60	56
	61	57
	31	32
net/minecraft/client/model/geom/builders/CubeDeformation	25	28
	17	20
	18	21
	4	8
	21	24
	25	28
	11	14
	12	15
	13	16
	14	17
net/minecraft/client/renderer/texture/atlas/SpriteSource	32	36
	32	36
	22	25
	23	26
	14	16
net/minecraft/client/model/GiantZombieModel	13	15
	8	11
	9	12
	13	15
net/minecraft/client/gui/screens/social/SocialInteractionsPlayerList	193	182
	129	119
	130	120
	131	121
	136	122
	139	126
	141	127
	142	128
	145	131
	146	132
	147	133
	148	134
	149	135
	150	136
	151	137
	154	140
	155	141
	156	142
	158	144
	161	147
	162	148
	36	35
	37	36
	165	151
	39	37
	40	38
	41	39
	169	155
	170	157
	171	158
	172	159
	45	43
	173	160
	46	44
	176	164
	49	47
	177	165
	50	48
	178	166
	51	49
	179	168
	52	50
	180	170
	53	51
	181	171
	56	54
	184	173
	57	56
	58	57
	59	58
	187	176
	60	59
	188	177
	61	60
	189	178
	190	179
	64	63
	193	182
	67	66
	68	66
	70	68
	71	69
	72	77
	73	80
	74	81
	77	85
	78	86
	82	91
	84	93
	87	96
	89	98
	90	99
	91	99
	92	100
	96	104
	100	108
	101	108
	109	109
	110	110
	112	111
	117	112
	119	113
	120	114
	122	116
	123	116
	125	116
	127	118
net/minecraft/client/model/geom/builders/MaterialDefinition	11	14
	9	12
	10	13
	11	14
net/minecraft/client/gui/components/AbstractSliderButton	149	148
	128	126
	129	127
	130	128
	131	129
	133	132
	134	133
	138	137
	139	138
	140	139
	144	143
	18	20
	148	147
	149	148
	39	37
	40	38
	41	39
	44	42
	45	43
	49	47
	50	48
	55	53
	60	58
	61	59
	62	60
	63	61
	65	63
	68	66
	72	70
	74	71
	76	72
	77	73
	78	74
	79	75
	80	76
	82	79
	84	80
	85	81
	86	82
	90	86
	91	87
	95	91
	96	92
	97	93
	98	100
	100	95
	101	96
	102	97
	104	100
	108	104
	109	105
	110	106
	112	109
	113	110
	114	111
	115	112
	116	113
	117	114
	120	118
	124	122
	125	123
net/minecraft/client/resources/model/ModelState	11	14
	7	10
	11	14
net/minecraft/client/model/ColorableHierarchicalModel	21	24
	16	19
	20	23
	21	24
	8	11
	9	12
	10	13
	13	16
	14	17
	15	18
net/minecraft/client/sounds/SoundEngine	553	485
	514	451
	515	460
	518	452
	519	453
	520	454
	522	455
	523	456
	524	457
	525	458
	526	460
	529	463
	530	464
	531	465
	532	466
	536	469
	537	470
	539	472
	540	473
	541	474
	546	478
	549	481
	41	44
	553	485
	42	45
	48	51
	58	55
	89	77
	90	78
	91	79
	92	80
	95	83
	96	85
	97	86
	98	87
	99	88
	100	89
	101	90
	105	95
	106	96
	107	97
	110	100
	111	113
	115	102
	116	103
	117	104
	118	105
	119	106
	120	107
	121	108
	122	109
	123	110
	125	113
	128	116
	129	116
	132	116
	136	120
	137	136
	140	121
	141	122
	142	136
	145	124
	146	125
	148	126
	149	127
	150	128
	152	130
	154	132
	155	133
	156	136
	159	139
	160	140
	161	141
	162	142
	163	143
	165	145
	168	148
	169	149
	170	150
	171	151
	174	154
	177	157
	178	158
	179	159
	180	160
	181	161
	182	162
	183	163
	184	164
	185	165
	186	166
	188	168
	191	171
	192	172
	195	175
	196	176
	204	179
	205	180
	206	181
	209	184
	210	185
	211	186
	212	187
	214	188
	215	189
	216	190
	217	191
	218	192
	219	193
	220	194
	223	196
	224	197
	225	198
	228	201
	229	202
	233	206
	237	210
	238	211
	240	214
	241	215
	243	218
	244	219
	247	222
	249	223
	250	224
	253	226
	254	227
	255	228
	257	231
	259	232
	260	233
	262	235
	263	236
	264	237
	265	238
	266	239
	267	240
	268	241
	269	242
	270	243
	271	244
	277	249
	278	251
	279	252
	281	253
	282	254
	283	255
	285	256
	286	257
	287	258
	291	259
	292	260
	293	261
	294	262
	295	263
	297	266
	298	267
	299	268
	302	271
	303	272
	307	275
	308	276
	314	282
	315	284
	316	285
	318	286
	319	287
	322	288
	323	289
	326	292
	327	293
	330	296
	333	299
	337	303
	341	307
	345	311
	346	312
	349	314
	350	315
	353	316
	357	321
	358	412
	361	322
	362	412
	365	323
	366	324
	367	325
	368	326
	369	327
	372	412
	378	330
	380	331
	381	412
	384	332
	385	333
	386	334
	388	412
	391	337
	392	338
	394	339
	395	340
	396	341
	398	342
	399	343
	401	344
	402	345
	403	412
	406	347
	408	348
	409	349
	410	350
	411	351
	412	352
	415	355
	419	359
	420	360
	421	412
	424	362
	425	363
	427	364
	428	366
	429	367
	430	368
	431	369
	433	412
	436	372
	438	373
	439	374
	440	375
	442	376
	443	377
	444	378
	445	379
	446	380
	448	382
	451	385
	452	386
	453	387
	454	388
	456	389
	457	390
	458	390
	459	390
	460	391
	461	392
	462	393
	464	395
	465	395
	466	395
	467	396
	468	397
	469	398
	472	401
	473	402
	475	412
	478	415
	479	416
	482	419
	483	420
	486	423
	490	427
	494	431
	498	435
	499	436
	501	438
	504	441
	505	442
	507	444
	510	447
	511	448
net/minecraft/client/model/TadpoleModel	59	54
	32	33
	33	33
	34	33
	36	35
	37	36
	38	36
	39	36
	42	38
	47	43
	19	21
	20	22
	52	48
	21	23
	22	24
	25	27
	57	52
	26	28
	58	53
	59	54
	28	29
	29	30
	30	31
	31	32
com/mojang/blaze3d/pipeline/RenderCall	0	0
net/minecraft/client/gui/components/spectator/SpectatorGui	157	144
	128	115
	131	118
	135	122
	136	124
	137	125
	140	128
	141	129
	142	130
	144	132
	18	20
	19	21
	147	135
	149	136
	150	137
	151	138
	152	139
	155	142
	29	30
	157	144
	30	31
	33	34
	35	35
	36	36
	38	38
	40	40
	43	43
	44	44
	48	48
	49	62
	52	49
	53	50
	54	51
	55	62
	58	53
	59	54
	60	55
	61	56
	63	57
	65	58
	67	59
	68	62
	71	65
	72	66
	73	67
	75	68
	76	69
	78	72
	80	74
	81	75
	84	78
	85	79
	88	82
	89	83
	91	84
	92	85
	94	86
	95	87
	96	88
	97	89
	99	90
	101	91
	102	92
	103	93
	106	96
	109	99
	111	100
	112	101
	113	102
	115	103
	116	104
	117	105
	119	106
	122	109
	126	113
	127	114
net/minecraft/client/multiplayer/ServerData	140	137
	128	126
	129	127
	130	128
	136	133
	137	134
	140	137
	17	18
	38	37
	39	38
	40	39
	41	40
	44	43
	45	44
	46	45
	48	46
	49	47
	52	50
	53	51
	54	52
	55	53
	58	56
	62	60
	66	64
	67	65
	70	68
	72	69
	74	71
	75	72
	76	73
	80	77
	81	78
	82	79
	84	81
	87	84
	90	87
	95	92
	99	96
	100	97
	103	100
	107	104
	108	105
	111	108
	115	112
	116	113
	117	114
	118	115
	121	118
	122	119
	123	120
	124	121
	125	122
net/minecraft/client/renderer/texture/TextureAtlas	177	162
	128	117
	129	118
	131	120
	135	124
	136	125
	138	127
	140	129
	143	132
	144	133
	145	133
	147	133
	151	137
	152	138
	25	27
	154	139
	155	140
	156	141
	157	142
	30	29
	160	145
	35	31
	164	149
	168	153
	172	157
	176	161
	49	42
	177	162
	50	43
	51	44
	56	48
	60	51
	61	52
	62	53
	63	54
	64	55
	66	56
	68	57
	69	58
	70	59
	72	61
	73	62
	76	65
	77	66
	78	67
	79	68
	81	69
	82	70
	84	71
	87	74
	88	75
	89	76
	93	80
	94	81
	105	82
	109	86
	110	87
	111	88
	112	89
	115	92
	116	94
	117	95
	118	96
	119	97
	121	109
	122	110
	124	112
	127	115
net/minecraft/client/particle/ParticleDescription	34	35
	16	18
	32	34
	17	19
	34	35
	20	22
	24	26
	25	27
	26	28
	29	31
	30	32
	31	33
net/minecraft/client/renderer/entity/SheepRenderer	20	21
	16	18
	20	21
	10	13
	13	16
	15	17
net/minecraft/client/color/block/package-info	0	0
net/minecraft/client/particle/VibrationSignalParticle	157	136
	128	105
	130	106
	131	107
	132	108
	134	109
	135	110
	136	111
	138	112
	139	113
	141	114
	142	115
	143	118
	149	125
	150	126
	26	26
	154	132
	155	134
	28	27
	156	135
	157	136
	30	28
	31	29
	33	30
	34	31
	35	32
	36	33
	37	34
	38	35
	39	36
	40	37
	42	39
	46	43
	47	44
	48	45
	50	46
	51	47
	52	48
	55	51
	57	52
	58	53
	59	54
	61	55
	63	56
	64	57
	66	59
	73	61
	75	63
	76	64
	78	65
	79	66
	80	67
	83	70
	84	71
	85	72
	86	73
	88	74
	90	75
	91	76
	92	77
	93	78
	94	79
	98	83
	103	88
	108	93
	109	94
	110	95
	112	96
	113	97
	114	118
	117	99
	120	100
	121	101
	122	118
	125	103
	126	104
net/minecraft/client/gui/screens/ConfirmLinkScreen	82	83
	64	65
	66	66
	67	67
	69	69
	72	72
	73	73
	74	74
	75	75
	13	16
	77	78
	14	17
	78	79
	79	80
	82	83
	19	22
	20	23
	23	26
	24	27
	27	30
	28	31
	31	34
	33	35
	34	36
	35	37
	36	38
	37	39
	40	42
	44	46
	50	51
	51	52
	52	53
	53	54
	54	55
	55	56
	56	57
	59	60
	60	61
net/minecraft/client/renderer/blockentity/CampfireRenderer	47	45
	34	33
	35	34
	37	35
	38	36
	39	37
	40	38
	41	39
	42	40
	44	41
	45	42
	47	45
	20	22
	21	23
	25	26
	27	27
	28	28
	29	30
	30	31
	31	32
net/minecraft/client/gui/screens/LoadingOverlay	195	183
	128	120
	129	121
	130	122
	131	123
	133	124
	135	125
	136	126
	138	127
	139	128
	142	131
	143	132
	146	135
	148	137
	149	138
	150	139
	151	140
	153	143
	154	144
	156	145
	30	31
	31	32
	159	148
	32	33
	34	34
	162	151
	163	152
	164	153
	167	154
	169	155
	170	156
	171	157
	172	158
	173	159
	177	163
	182	169
	55	54
	183	170
	56	55
	57	56
	58	57
	59	58
	187	174
	188	175
	189	176
	62	61
	190	177
	63	62
	192	180
	193	181
	66	65
	194	182
	195	183
	71	70
	72	71
	73	72
	75	73
	76	74
	79	77
	80	78
	83	80
	84	81
	85	82
	87	85
	88	86
	89	87
	90	88
	91	89
	92	90
	94	93
	95	94
	96	95
	98	97
	99	98
	100	99
	101	100
	104	101
	105	102
	106	103
	109	106
	110	107
	112	108
	113	109
	114	110
	115	111
	117	112
	118	113
	120	114
	121	115
	123	116
	124	117
	125	118
	126	119
net/minecraft/client/renderer/debug/RaidDebugRenderer	57	53
	33	30
	35	32
	36	33
	37	34
	40	37
	43	40
	44	41
	45	42
	46	43
	49	46
	50	47
	51	48
	53	49
	54	50
	24	21
	25	22
	57	53
	28	25
	29	26
net/minecraft/client/model/BoatModel	147	130
	130	115
	135	120
	139	124
	141	125
	142	126
	144	127
	145	128
	147	130
	29	32
	30	33
	31	34
	33	35
	34	36
	37	39
	38	40
	39	41
	40	42
	41	43
	42	44
	43	45
	48	49
	52	53
	53	54
	54	55
	55	56
	57	57
	59	58
	60	60
	61	60
	62	61
	64	63
	65	65
	66	65
	67	66
	69	68
	70	70
	71	70
	72	71
	74	73
	75	75
	76	75
	77	76
	79	78
	80	79
	81	79
	82	79
	85	81
	86	82
	87	83
	88	84
	90	85
	91	87
	92	87
	93	87
	94	87
	95	88
	97	90
	98	92
	99	92
	100	92
	101	92
	102	93
	104	95
	105	97
	106	97
	107	97
	108	98
	110	100
	113	103
	114	104
	116	105
	119	106
	124	110
	125	111
	126	112
net/minecraft/client/renderer/blockentity/BlockEntityRenderDispatcher	126	127
	65	70
	66	71
	67	78
	71	72
	72	78
	75	73
	76	78
	79	74
	80	78
	84	83
	85	85
	86	86
	88	88
	90	91
	91	92
	94	95
	95	96
	96	97
	98	100
	99	101
	104	106
	105	107
	106	108
	43	48
	107	109
	44	49
	45	50
	109	110
	46	51
	47	52
	111	111
	48	53
	113	113
	116	116
	53	57
	117	117
	118	118
	120	120
	57	61
	58	62
	60	65
	124	124
	61	66
	125	126
	62	67
	126	127
net/minecraft/client/renderer/entity/ItemFrameRenderer	157	153
	129	126
	134	131
	139	135
	144	139
	145	147
	148	143
	149	144
	151	145
	156	152
	157	153
	30	31
	31	32
	33	33
	34	34
	43	41
	44	42
	45	43
	46	44
	50	47
	51	48
	53	49
	58	53
	59	54
	61	55
	63	56
	65	57
	67	58
	68	59
	70	60
	71	61
	73	62
	74	63
	75	64
	76	65
	77	66
	79	67
	80	68
	81	69
	82	82
	85	85
	86	86
	88	87
	89	88
	91	90
	94	93
	95	94
	97	95
	98	96
	99	97
	100	98
	101	99
	103	100
	104	101
	105	102
	106	103
	107	104
	110	107
	112	108
	113	109
	117	114
	118	115
	121	118
	125	122
	126	123
	127	124
net/minecraft/client/gui/screens/reporting/package-info	0	0
net/minecraft/client/player/inventory/Hotbar	42	48
	33	38
	37	42
	38	43
	39	44
	42	48
	13	15
	17	19
	21	23
	22	25
	23	26
	25	29
	29	33
	30	35
	31	36
net/minecraft/client/gui/screens/AccessibilityOptionsScreen	57	70
	16	17
	17	18
	18	20
	19	22
	20	24
	21	26
	22	28
	23	30
	24	32
	25	34
	26	36
	27	38
	33	43
	34	44
	38	48
	39	49
	40	50
	41	50
	42	51
	43	52
	46	54
	50	59
	51	60
	52	61
	54	64
	55	65
	56	68
	57	70
net/minecraft/client/gui/screens/worldselection/WorldSelectionList	655	712
	514	582
	515	583
	516	612
	519	585
	520	586
	522	589
	523	590
	526	592
	527	593
	528	594
	530	597
	531	598
	533	601
	534	602
	537	603
	538	604
	539	605
	540	606
	541	607
	542	608
	543	609
	545	612
	548	615
	549	616
	550	673
	553	618
	554	643
	555	621
	557	624
	558	625
	559	626
	560	627
	562	628
	563	630
	564	632
	565	634
	566	635
	571	641
	573	658
	574	659
	575	660
	64	70
	576	661
	577	662
	66	72
	578	664
	67	73
	579	666
	580	667
	69	74
	581	668
	70	75
	71	76
	72	77
	584	673
	73	78
	74	79
	587	676
	588	677
	589	678
	590	679
	592	681
	595	684
	596	685
	86	90
	87	91
	599	688
	600	689
	89	92
	601	690
	602	691
	91	93
	603	692
	92	94
	604	693
	93	95
	605	694
	95	97
	608	697
	97	100
	98	101
	610	699
	102	105
	614	703
	103	106
	615	704
	104	107
	618	707
	109	112
	110	113
	111	114
	623	712
	628	259
	117	119
	118	120
	633	263
	122	124
	634	264
	123	125
	124	126
	125	127
	126	128
	638	268
	639	269
	640	270
	129	132
	642	271
	643	272
	644	273
	645	274
	134	137
	646	275
	136	138
	137	139
	650	279
	139	142
	140	143
	143	146
	655	284
	144	147
	146	149
	148	152
	149	153
	152	156
	153	157
	155	160
	156	161
	161	166
	162	167
	163	168
	164	169
	165	170
	168	173
	169	174
	170	175
	173	177
	174	177
	175	178
	176	179
	181	185
	182	186
	183	188
	184	189
	185	190
	189	194
	190	195
	193	198
	197	202
	198	203
	199	204
	200	205
	203	208
	204	209
	207	212
	208	213
	212	217
	217	222
	222	226
	223	227
	224	228
	227	231
	228	232
	229	232
	231	232
	235	236
	240	241
	241	242
	242	246
	244	244
	245	246
	252	254
	274	307
	275	308
	276	309
	277	310
	278	311
	280	312
	282	313
	283	314
	286	317
	287	341
	290	319
	291	320
	292	321
	293	322
	294	323
	295	324
	296	325
	298	327
	301	331
	302	332
	304	334
	305	335
	306	336
	307	337
	308	338
	310	341
	314	345
	315	346
	316	346
	317	346
	321	349
	322	350
	324	352
	327	355
	332	360
	333	361
	334	362
	335	363
	336	364
	339	367
	340	368
	343	371
	345	372
	346	373
	347	374
	349	375
	350	376
	351	377
	353	378
	354	379
	355	380
	357	381
	358	382
	359	383
	360	384
	361	385
	362	386
	365	389
	366	390
	367	391
	368	392
	370	394
	371	395
	372	396
	373	397
	375	399
	376	400
	377	401
	378	402
	379	403
	380	404
	382	409
	383	410
	384	411
	385	412
	389	419
	392	422
	396	426
	397	427
	399	429
	401	430
	402	431
	403	432
	406	433
	407	434
	408	435
	411	437
	412	438
	416	444
	417	527
	420	445
	421	446
	422	527
	425	448
	426	449
	427	450
	428	451
	429	452
	430	453
	431	454
	433	457
	435	458
	438	459
	439	460
	440	467
	441	466
	442	482
	443	483
	444	484
	445	485
	446	486
	447	487
	450	491
	451	492
	456	493
	457	495
	459	498
	461	500
	462	501
	463	502
	464	504
	465	506
	466	507
	467	508
	471	513
	473	515
	474	516
	475	517
	476	518
	480	523
	482	527
	485	531
	487	534
	488	535
	489	536
	491	539
	492	540
	493	541
	494	542
	495	543
	498	547
	501	550
	502	551
	504	558
	505	557
	506	573
	507	574
	508	575
	510	578
	511	579
net/minecraft/client/renderer/RenderStateShard	581	651
	512	305
	513	306
	515	308
	517	309
	518	310
	519	311
	521	313
	522	314
	523	315
	525	317
	527	318
	528	319
	529	320
	531	322
	532	323
	533	324
	535	326
	541	468
	542	469
	31	337
	543	470
	32	338
	544	471
	33	339
	34	340
	546	473
	37	343
	549	476
	38	344
	550	477
	551	478
	41	347
	553	480
	42	348
	554	481
	555	482
	46	352
	559	486
	563	327
	51	618
	52	619
	55	29
	567	382
	56	29
	568	383
	57	29
	571	329
	60	32
	572	329
	61	33
	573	329
	62	34
	63	35
	576	331
	64	36
	65	37
	577	332
	66	38
	578	333
	579	334
	68	41
	580	334
	69	42
	581	334
	70	43
	71	44
	72	45
	73	46
	74	47
	76	50
	77	52
	78	54
	79	56
	80	58
	81	59
	82	60
	84	63
	85	65
	86	67
	87	69
	88	71
	89	72
	90	73
	92	76
	93	78
	94	80
	95	85
	96	87
	97	88
	98	89
	104	565
	105	565
	106	565
	108	566
	109	567
	112	570
	113	570
	114	570
	116	571
	117	572
	121	576
	185	429
	186	430
	189	433
	190	434
	193	437
	201	495
	202	496
	203	498
	204	499
	205	500
	206	501
	208	503
	209	504
	210	505
	214	509
	218	513
	225	521
	226	522
	230	526
	241	587
	242	588
	243	589
	244	590
	245	591
	247	592
	248	593
	249	594
	250	595
	254	599
	259	604
	263	235
	264	236
	269	611
	270	612
	273	238
	280	534
	281	534
	282	534
	283	534
	284	534
	286	535
	290	356
	291	357
	292	358
	295	359
	298	360
	299	361
	300	362
	302	240
	303	240
	304	240
	305	240
	306	241
	308	243
	309	243
	310	243
	311	243
	312	244
	318	369
	319	370
	320	371
	324	375
	330	451
	331	452
	332	453
	334	455
	335	456
	336	457
	338	459
	339	460
	342	245
	343	246
	347	548
	348	549
	349	550
	351	552
	352	553
	353	554
	355	556
	356	557
	359	247
	360	248
	364	389
	365	390
	366	391
	368	393
	369	394
	370	395
	372	397
	373	398
	376	249
	377	250
	383	406
	384	407
	385	408
	386	409
	388	411
	389	412
	390	413
	391	414
	393	416
	394	417
	395	418
	399	422
	403	251
	404	252
	405	253
	406	254
	413	628
	414	629
	415	630
	417	633
	418	634
	420	636
	421	637
	422	638
	424	641
	425	642
	427	644
	428	645
	429	646
	430	647
	434	651
	438	255
	439	256
	440	257
	444	444
	445	445
	448	258
	452	259
	453	260
	454	261
	455	262
	456	263
	457	264
	458	265
	460	266
	461	267
	462	268
	463	269
	464	270
	465	271
	466	272
	467	273
	468	274
	469	275
	473	541
	474	542
	477	276
	481	278
	482	279
	483	279
	484	280
	485	281
	487	282
	488	283
	489	284
	491	286
	492	287
	493	288
	495	290
	497	291
	498	292
	499	293
	501	295
	502	296
	503	297
	505	299
	507	300
	508	301
	509	302
	511	304
net/minecraft/client/gui/screens/ShareToLanScreen	127	127
	21	23
	22	24
	23	25
	24	26
	25	27
	26	28
	37	38
	38	39
	39	40
	43	44
	44	45
	45	46
	46	47
	47	49
	48	50
	49	51
	51	54
	53	56
	54	57
	57	59
	58	60
	60	62
	63	65
	64	66
	65	67
	67	68
	68	69
	69	70
	70	71
	71	72
	72	73
	73	74
	74	75
	76	77
	77	78
	78	79
	80	81
	81	82
	82	83
	83	84
	84	86
	85	90
	89	94
	90	95
	91	96
	93	98
	97	102
	98	103
	99	104
	102	108
	104	109
	105	110
	106	112
	107	112
	109	112
	111	114
	112	115
	113	116
	120	122
	122	123
	123	124
	124	125
	126	126
	127	127
net/minecraft/client/gui/screens/inventory/LoomScreen	282	276
	257	252
	260	255
	261	256
	262	257
	264	258
	265	259
	267	260
	268	261
	271	264
	272	265
	275	268
	276	269
	277	270
	279	273
	280	274
	281	275
	282	276
	40	41
	66	63
	67	64
	68	65
	69	66
	73	70
	74	71
	75	72
	79	76
	80	77
	81	78
	84	81
	89	86
	91	87
	92	88
	93	89
	95	90
	96	91
	97	92
	98	93
	99	94
	100	95
	102	98
	103	99
	105	102
	106	103
	109	106
	110	107
	112	108
	113	109
	114	110
	115	111
	116	112
	117	113
	118	114
	119	115
	120	116
	121	117
	122	119
	123	121
	124	122
	125	123
	126	124
	128	127
	129	128
	130	129
	132	130
	134	133
	135	134
	136	135
	137	136
	138	137
	142	141
	143	142
	145	143
	147	145
	148	146
	149	147
	150	148
	152	150
	154	153
	155	154
	159	159
	160	160
	163	163
	164	164
	165	164
	166	164
	167	164
	168	165
	170	166
	171	167
	173	168
	174	169
	175	170
	176	171
	177	172
	178	173
	179	174
	180	175
	182	176
	183	177
	184	178
	185	179
	187	180
	188	181
	189	182
	193	186
	194	187
	195	188
	196	189
	198	191
	199	192
	200	193
	201	194
	202	195
	203	196
	204	197
	205	198
	206	199
	207	200
	212	205
	213	206
	214	207
	215	208
	219	212
	224	217
	225	218
	226	219
	227	220
	228	221
	229	222
	230	223
	231	224
	233	226
	238	232
	239	233
	240	234
	241	235
	242	236
	244	239
	249	244
	253	248
	254	249
	255	250
net/minecraft/realms/DisconnectedRealmsScreen	52	56
	32	33
	33	34
	34	38
	38	42
	43	47
	44	48
	48	52
	49	53
	18	21
	50	54
	19	22
	51	55
	20	23
	52	56
	21	24
	25	28
	26	29
	27	30
	29	31
	30	32
net/minecraft/client/resources/model/WeightedBakedModel	89	91
	32	35
	33	36
	68	71
	38	41
	72	76
	43	46
	75	79
	76	80
	78	83
	48	51
	83	88
	84	89
	53	56
	86	91
	87	91
	24	27
	25	28
	89	91
	26	29
	58	61
	27	30
	31	34
	63	66
net/minecraft/client/gui/screens/advancements/AdvancementWidgetType	15	18
	4	8
	5	9
	11	14
	12	15
	15	18
net/minecraft/client/gui/screens/controls/package-info	0	0
net/minecraft/client/renderer/ShaderInstance	561	507
	512	461
	513	464
	514	463
	518	468
	519	469
	521	470
	523	471
	524	472
	526	473
	529	475
	532	478
	533	479
	537	483
	542	488
	547	493
	548	494
	549	495
	552	498
	556	502
	48	48
	561	507
	53	52
	122	102
	123	103
	124	104
	127	106
	128	107
	130	108
	131	109
	133	110
	134	111
	135	112
	136	114
	138	116
	139	117
	140	118
	141	119
	142	120
	144	123
	148	127
	149	128
	150	129
	151	130
	152	131
	153	133
	155	135
	156	136
	157	137
	158	138
	159	139
	161	142
	164	145
	165	146
	168	149
	169	150
	170	151
	171	153
	173	155
	174	156
	175	157
	176	158
	177	159
	179	162
	183	166
	185	167
	186	168
	188	169
	190	170
	191	171
	192	173
	193	174
	194	175
	195	176
	199	180
	201	181
	202	182
	203	183
	204	184
	205	185
	208	188
	210	189
	211	190
	212	191
	213	192
	215	193
	217	194
	218	195
	219	196
	221	197
	222	198
	223	199
	224	200
	225	201
	227	202
	229	203
	231	204
	232	205
	236	208
	237	210
	238	211
	239	212
	240	214
	241	215
	242	216
	247	221
	249	222
	250	223
	253	226
	254	228
	255	229
	256	230
	257	231
	258	232
	264	238
	267	241
	271	245
	272	246
	274	249
	275	250
	276	251
	277	252
	278	253
	279	254
	280	255
	282	256
	283	257
	284	258
	285	259
	289	263
	290	264
	291	265
	292	266
	296	270
	297	271
	298	272
	299	273
	303	277
	304	278
	305	279
	306	280
	308	283
	311	286
	312	287
	313	288
	314	289
	316	292
	320	295
	321	296
	325	298
	326	298
	328	298
	334	304
	335	305
	337	308
	338	309
	342	312
	343	313
	344	314
	345	315
	347	316
	350	318
	351	319
	355	320
	356	321
	359	325
	360	326
	364	329
	372	330
	374	331
	376	332
	378	333
	379	334
	380	335
	383	338
	385	340
	386	341
	388	342
	392	343
	393	344
	395	345
	396	346
	397	347
	398	348
	399	349
	400	350
	401	351
	402	352
	403	353
	405	356
	408	357
	411	362
	413	364
	414	365
	416	367
	420	371
	421	372
	425	376
	426	377
	430	381
	431	382
	432	383
	436	387
	437	388
	438	390
	439	391
	440	392
	441	393
	442	394
	443	395
	444	396
	447	398
	451	402
	452	403
	453	404
	456	407
	457	408
	458	409
	459	410
	460	411
	463	413
	464	414
	465	415
	467	418
	470	421
	471	422
	473	423
	475	424
	476	425
	477	429
	479	427
	480	429
	483	432
	484	433
	485	434
	488	437
	489	438
	490	439
	491	440
	492	441
	494	442
	495	443
	496	444
	499	447
	500	449
	502	451
	503	452
	504	453
	505	454
	506	455
	508	458
net/minecraft/client/searchtree/IdSearchTree	41	38
	18	20
	19	21
	35	32
	20	22
	21	23
	39	36
	40	37
	41	38
	27	27
	28	28
	29	28
	31	28
net/minecraft/client/model/geom/builders/PartDefinition	43	51
	33	41
	34	43
	36	44
	37	45
	38	46
	39	47
	43	51
	19	22
	20	23
	21	24
	24	27
	25	28
	26	29
	27	30
	29	33
net/minecraft/client/telemetry/TelemetryPropertyMap	111	120
	67	74
	69	77
	75	82
	80	87
	84	91
	21	23
	22	24
	25	27
	91	99
	29	31
	94	102
	95	103
	32	33
	33	35
	34	36
	99	107
	36	39
	100	108
	102	111
	40	45
	41	46
	42	46
	106	115
	107	116
	44	46
	111	120
	49	51
	50	53
	51	54
	53	57
	57	63
	58	64
	59	65
	60	66
	62	68
net/minecraft/client/Minecraft	2973	2823
	2048	1927
	2049	1928
	2051	1931
	2052	1932
	2054	1935
	2055	1936
	2059	1940
	2060	1941
	2063	1944
	2064	1945
	2067	1948
	2071	1952
	2075	1956
	2079	1960
	2083	1964
	2084	1965
	2085	1966
	2088	1969
	2089	1970
	2090	1971
	2091	1972
	2092	1973
	2094	1975
	2095	1976
	2096	1977
	2097	1978
	2099	1981
	2100	1982
	2101	1983
	2102	1984
	2103	1985
	2104	1986
	2106	1987
	2107	1988
	2109	1989
	2112	1992
	2113	1993
	2115	1996
	2117	1997
	2118	1998
	2119	2000
	2120	2001
	2121	2002
	2123	2005
	2124	2006
	2126	2009
	2127	2010
	2128	2011
	2131	2015
	2132	2016
	2134	2017
	2135	2018
	2136	2019
	2137	2020
	2138	2021
	2139	2022
	2140	2023
	2143	2026
	2144	2027
	2145	2028
	2146	2029
	2147	2030
	2149	2031
	2150	2032
	2151	2033
	2152	2034
	2153	2035
	2155	2037
	2158	2040
	2159	2041
	2163	2044
	2164	2045
	2165	2046
	2166	2047
	2168	2050
	2170	2051
	2171	2052
	2174	2055
	2175	2056
	2177	2057
	2178	2058
	2180	2059
	2181	2060
	2183	2061
	2184	2062
	2185	2063
	2186	2065
	2187	2066
	2189	2069
	2191	2072
	2192	2073
	2193	2074
	2196	2077
	2197	2078
	2198	2079
	2199	2080
	2200	2081
	2203	2084
	2204	2085
	2206	2086
	2207	2087
	2209	2088
	2210	2089
	2211	2090
	2212	2091
	2215	2094
	2216	2095
	2217	2096
	2218	2097
	2219	2098
	2222	2101
	2223	2102
	2224	2103
	2225	2104
	2226	2105
	2229	2108
	2233	2112
	2237	2116
	2241	2120
	2242	2120
	2243	2120
	2247	2124
	2248	2124
	2252	2128
	2257	2133
	2262	2137
	2263	2139
	2265	2138
	2269	2143
	2270	2144
	2272	2145
	2273	2146
	2275	2148
	2276	2148
	2278	2148
	2282	2153
	2287	2158
	2291	2162
	2295	2166
	2299	2170
	254	257
	255	258
	2303	2174
	258	260
	259	261
	2307	2178
	260	262
	2308	2239
	261	263
	262	264
	2311	2179
	264	265
	2312	2180
	2315	2181
	2316	2183
	2317	2184
	2319	2185
	2321	2186
	2322	2187
	2325	2190
	2326	2191
	2327	2192
	2328	2193
	2331	2196
	2332	2197
	2334	2200
	2335	2204
	2336	2205
	2337	2206
	2338	2207
	2341	2201
	2344	2211
	2345	2212
	2346	2213
	2347	2214
	2348	2215
	2349	2216
	2351	2219
	2352	2239
	2355	2221
	2356	2222
	2357	2223
	2360	2226
	2361	2227
	2363	2228
	2365	2229
	2366	2230
	2367	2231
	2368	2232
	2370	2234
	2373	2239
	2377	2242
	2379	2243
	2380	2244
	2381	2245
	2382	2246
	2383	2247
	2384	2248
	2385	2249
	2388	2250
	2389	2251
	2390	2252
	2391	2260
	2394	2254
	2395	2255
	2396	2256
	2397	2257
	2398	2258
	2399	2260
	2402	2263
	2403	2264
	2405	2265
	2406	2266
	2409	2269
	2410	2270
	2413	2273
	2414	2274
	2418	2280
	2419	2281
	2420	2282
	2423	2287
	2424	2288
	2425	2289
	2426	2290
	2428	2291
	2429	2292
	2430	2293
	2431	2294
	2433	2295
	2434	2296
	2435	2297
	2436	2298
	2437	2299
	2438	2300
	2441	2304
	2442	2305
	2443	2306
	2444	2308
	2445	2309
	2446	2310
	2448	2313
	2449	2314
	2450	2315
	404	382
	2453	2319
	2457	2323
	2458	2324
	2460	2327
	2461	2328
	2465	2332
	2469	2336
	423	398
	424	399
	2473	2340
	426	400
	2474	2341
	427	401
	428	402
	2476	2343
	429	403
	430	404
	431	405
	2480	2347
	433	406
	434	407
	435	408
	436	409
	2484	2351
	438	410
	439	411
	440	412
	2488	2355
	441	413
	442	414
	443	415
	445	416
	2493	2360
	446	417
	448	418
	449	419
	2497	2364
	450	420
	2498	2365
	452	421
	453	422
	2502	2369
	455	423
	456	424
	457	425
	458	426
	2506	2373
	2507	2374
	460	427
	2508	2375
	462	428
	2511	2378
	464	429
	465	430
	466	431
	2515	2382
	468	432
	471	434
	2519	2386
	472	436
	2523	2390
	2527	2394
	480	443
	483	446
	2531	2398
	485	447
	486	448
	487	449
	2535	2402
	489	450
	2539	2406
	492	453
	493	454
	494	455
	2543	2410
	497	458
	499	459
	2547	2414
	500	460
	502	461
	503	462
	2551	2418
	505	463
	507	464
	2555	2422
	508	465
	509	466
	511	467
	2559	2426
	513	468
	514	469
	2563	2430
	516	470
	517	471
	519	472
	2567	2434
	520	473
	2568	2435
	2569	2436
	522	474
	2571	2439
	524	475
	2572	2440
	525	476
	2573	2441
	2574	2441
	527	477
	2576	2441
	529	478
	530	479
	532	480
	2580	2443
	533	481
	2581	2444
	2582	2449
	535	482
	537	483
	2585	2445
	538	484
	2586	2446
	539	485
	540	486
	541	487
	2589	2447
	543	488
	544	489
	2592	2453
	546	490
	548	491
	2596	2458
	550	492
	552	493
	2600	2462
	553	494
	555	495
	556	496
	2605	2467
	558	497
	559	498
	561	499
	2609	2471
	562	502
	2610	2472
	2611	2473
	564	503
	565	504
	2614	2476
	567	505
	568	506
	570	507
	2619	2481
	572	508
	574	509
	575	510
	2624	2485
	577	511
	578	514
	580	515
	581	516
	2629	2489
	583	517
	584	518
	2633	2493
	586	519
	587	520
	589	521
	2637	2497
	590	522
	592	523
	593	524
	2641	2501
	595	525
	596	526
	2645	2505
	598	527
	599	528
	601	529
	2649	2509
	603	530
	605	531
	2653	2513
	2654	2514
	607	532
	609	533
	2657	2517
	611	534
	613	535
	2661	2521
	615	538
	616	543
	617	544
	2665	2525
	2666	2526
	620	547
	621	548
	2669	2529
	622	549
	623	550
	624	551
	2673	2533
	627	554
	628	555
	629	556
	2677	2537
	631	557
	633	558
	2681	2541
	635	559
	636	560
	2685	2545
	638	561
	640	562
	641	563
	2689	2549
	643	564
	644	565
	2693	2553
	646	566
	648	567
	2697	2557
	650	568
	651	569
	652	570
	653	571
	2701	2561
	654	572
	655	572
	656	573
	657	574
	2705	2565
	659	577
	660	578
	661	579
	2709	2569
	664	580
	2713	2573
	666	581
	667	582
	668	583
	669	584
	2718	2578
	671	587
	2719	2579
	672	588
	674	590
	2722	2582
	2723	2583
	676	592
	2724	2584
	2726	2585
	679	595
	2727	2586
	680	596
	2728	2587
	681	597
	2729	2588
	682	598
	2730	2589
	685	601
	2733	2592
	686	602
	2734	2593
	687	603
	688	604
	2736	2594
	2737	2595
	690	606
	2738	2597
	2739	2598
	692	608
	2741	2600
	2742	2601
	2743	2602
	696	612
	697	613
	2745	2604
	698	614
	2746	2605
	2747	2606
	2749	2608
	2750	2609
	703	619
	2751	2610
	704	620
	2753	2612
	2754	2613
	707	623
	2755	2614
	708	624
	709	625
	2757	2616
	2758	2617
	711	628
	2759	2618
	712	629
	714	630
	2762	2621
	715	631
	2763	2622
	716	632
	717	633
	718	634
	2766	2625
	719	635
	2767	2626
	720	636
	721	637
	2769	2627
	722	640
	2770	2628
	724	638
	2772	2631
	2773	2632
	2775	2635
	728	644
	2778	2638
	2779	2640
	733	649
	2781	2641
	734	650
	2782	2642
	735	651
	2783	2643
	736	652
	2784	2644
	2786	2646
	2787	2647
	2788	2648
	741	657
	2789	2649
	2791	2650
	745	661
	2793	2651
	746	662
	2794	2652
	2795	2653
	748	664
	2797	2654
	750	666
	2798	2655
	2800	2656
	753	669
	754	670
	756	671
	758	672
	759	673
	760	674
	762	675
	2810	2662
	763	676
	2812	2663
	766	679
	2814	2664
	767	680
	2815	2665
	768	681
	2816	2666
	769	682
	2818	2668
	771	685
	2819	2669
	772	686
	2820	2670
	773	687
	2822	2671
	2823	2672
	776	690
	2824	2673
	777	691
	2825	2674
	778	692
	2826	2675
	2827	2676
	2828	2677
	781	695
	2829	2678
	2830	2679
	783	696
	2831	2680
	784	697
	2833	2683
	788	701
	2836	2686
	789	703
	2837	2687
	790	704
	2838	2688
	791	705
	2839	2690
	792	706
	2841	2691
	2842	2692
	2843	2693
	796	710
	2844	2694
	797	711
	798	712
	799	713
	800	714
	2849	2699
	802	715
	804	716
	805	717
	806	718
	2854	2704
	807	719
	808	720
	810	721
	2858	2708
	812	724
	813	725
	814	726
	815	727
	2863	2713
	816	728
	2867	2717
	820	731
	821	732
	822	733
	823	734
	2871	2721
	824	735
	825	736
	826	737
	827	738
	2875	2725
	828	739
	829	740
	831	742
	2879	2729
	834	745
	835	746
	2883	2733
	2884	2734
	838	752
	839	756
	2887	2737
	840	757
	2891	2741
	844	761
	845	761
	2895	2745
	849	765
	2897	2746
	850	770
	2898	2747
	851	773
	2901	2750
	856	777
	857	778
	858	779
	2906	2755
	859	780
	860	781
	2910	2759
	863	784
	864	785
	865	786
	2914	2763
	2915	2764
	868	789
	870	791
	2918	2767
	871	792
	872	793
	873	793
	874	794
	2922	2771
	2926	2775
	879	798
	2930	2779
	883	802
	2934	2783
	887	806
	2938	2788
	891	810
	2941	2791
	895	814
	896	815
	2944	2794
	2947	2797
	902	818
	2950	2800
	903	819
	2953	2803
	906	822
	907	823
	2956	2807
	910	824
	911	825
	2959	2811
	912	826
	913	827
	914	828
	915	829
	916	830
	2964	2815
	918	832
	919	833
	921	835
	2969	2819
	2970	2820
	924	838
	2973	2823
	928	842
	934	846
	935	847
	937	850
	938	851
	939	852
	940	853
	944	856
	945	857
	946	858
	947	859
	950	862
	951	866
	952	867
	954	868
	956	870
	958	872
	959	873
	960	874
	961	875
	962	876
	965	880
	969	884
	972	885
	973	886
	975	888
	976	889
	977	890
	978	891
	979	892
	980	893
	981	894
	988	900
	989	902
	990	903
	991	904
	992	905
	994	906
	1000	911
	1001	912
	1002	913
	1003	914
	1005	915
	1006	916
	1011	920
	1013	921
	1015	922
	1016	923
	1018	925
	1021	928
	1025	932
	1026	933
	1027	934
	1028	935
	1029	936
	1030	937
	1031	938
	1033	941
	1034	942
	1036	944
	1037	945
	1038	946
	1039	947
	1042	950
	1044	952
	1047	955
	1048	956
	1051	959
	1052	960
	1055	963
	1056	964
	1057	965
	1058	966
	1059	967
	1061	969
	1065	973
	1066	974
	1067	975
	1071	978
	1073	979
	1074	980
	1075	981
	1080	982
	1081	983
	1083	985
	1084	986
	1087	989
	1088	990
	1091	993
	1092	994
	1096	998
	1098	1001
	1099	1002
	1102	1006
	1103	1007
	1105	1010
	1106	1011
	1110	1014
	1111	1015
	1113	1018
	1115	1020
	1116	1021
	1117	1022
	1120	1025
	1124	1028
	1125	1029
	1128	1033
	1129	1034
	1130	1035
	1131	1036
	1132	1037
	1133	1038
	1134	1039
	1135	1040
	1136	1041
	1137	1042
	1138	1043
	1139	1044
	1140	1045
	1141	1046
	1142	1047
	1143	1048
	1145	1050
	1146	1051
	1147	1053
	1152	1056
	1154	1057
	1155	1058
	1156	1059
	1160	1062
	1161	1063
	1162	1064
	1163	1065
	1167	1069
	1168	1070
	1171	1073
	1172	1074
	1174	1075
	1175	1076
	1176	1077
	1178	1078
	1179	1080
	1180	1081
	1181	1082
	1183	1085
	1186	1088
	1188	1089
	1190	1090
	1191	1091
	1192	1092
	1194	1093
	1196	1094
	1198	1096
	1199	1100
	1200	1101
	1201	1102
	1204	1097
	1205	1098
	1208	1106
	1210	1107
	1211	1108
	1213	1109
	1214	1110
	1216	1111
	1217	1112
	1218	1113
	1219	1114
	1220	1115
	1223	1118
	1224	1119
	1225	1120
	1226	1121
	1227	1122
	1228	1123
	1231	1126
	1232	1127
	1234	1128
	1235	1129
	1236	1130
	1237	1131
	1240	1134
	1241	1135
	1242	1136
	1243	1137
	1244	1138
	1247	1141
	1248	1142
	1249	1143
	1251	1144
	1252	1145
	1253	1146
	1254	1149
	1255	1150
	1256	1151
	1258	1153
	1260	1156
	1263	1159
	1264	1160
	1265	1161
	1266	1162
	1268	1165
	1269	1166
	1271	1167
	1273	1168
	1274	1169
	1277	1172
	1279	1174
	1280	1175
	1282	1177
	1285	1180
	1286	1181
	1287	1184
	1288	1185
	1289	1186
	1290	1187
	1291	1188
	1292	1189
	1295	1192
	1296	1193
	1298	1196
	1299	1197
	1302	1200
	1307	1204
	1308	1205
	1309	1206
	1310	1207
	1315	1212
	1316	1213
	1317	1214
	1318	1215
	1320	1218
	1321	1219
	1323	1221
	1326	1224
	1327	1225
	1330	1228
	1334	1232
	1335	1233
	1337	1236
	1338	1237
	1340	1239
	1342	1242
	1343	1243
	1347	1247
	1348	1248
	1350	1249
	1351	1250
	1354	1253
	1355	1254
	1356	1255
	1357	1256
	1358	1257
	1362	1261
	1363	1262
	1366	1265
	1370	1269
	1374	1273
	1375	1273
	1377	1273
	1383	1278
	1384	1279
	1385	1280
	1388	1284
	1389	1285
	1390	1286
	1392	1289
	1393	1290
	1395	1293
	1396	1294
	1399	1297
	1400	1298
	1401	1299
	1404	1302
	1405	1303
	1406	1312
	1409	1304
	1410	1305
	1412	1306
	1413	1307
	1415	1312
	1417	1313
	1418	1314
	1419	1315
	1420	1316
	1422	1317
	1423	1317
	1425	1318
	1427	1319
	1428	1320
	1429	1321
	1430	1322
	1431	1323
	1433	1325
	1434	1326
	1436	1328
	1438	1329
	1439	1330
	1440	1331
	1441	1332
	1442	1332
	1443	1332
	1446	1333
	1447	1334
	1449	1337
	1452	1338
	1455	1339
	1456	1340
	1457	1341
	1461	1343
	1465	1347
	1466	1348
	1467	1349
	1469	1351
	1472	1354
	1473	1355
	1474	1356
	1476	1358
	1482	1362
	1483	1363
	1485	1365
	1486	1366
	1490	1371
	1493	1371
	1495	1371
	1497	1372
	1498	1373
	1499	1374
	1500	1375
	1503	1379
	1504	1382
	1505	1383
	1506	1384
	1507	1395
	1508	1397
	1510	1399
	1511	1400
	1512	1401
	1517	1406
	1523	1410
	1524	1433
	1526	1411
	1527	1412
	1528	1433
	1531	1413
	1532	1414
	1533	1415
	1534	1416
	1535	1417
	1536	1418
	1540	1422
	1541	1423
	1542	1424
	1543	1425
	1545	1428
	1548	1433
	1551	1436
	1552	1437
	1554	1438
	1555	1439
	1557	1440
	1558	1441
	1560	1442
	1561	1443
	1562	1444
	1563	1445
	1564	1446
	1566	1447
	1567	1448
	1568	1449
	1570	1450
	1571	1451
	1572	1452
	1573	1453
	1574	1454
	1575	1455
	1576	1456
	1577	1457
	1578	1458
	1579	1459
	1580	1460
	1582	1461
	1583	1463
	1584	1464
	1586	1465
	1587	1466
	1588	1467
	1589	1468
	1590	1469
	1591	1470
	1592	1472
	1593	1473
	1594	1474
	1595	1475
	1596	1476
	1598	1479
	1600	1480
	1601	1482
	1602	1483
	1603	1484
	1604	1485
	1605	1486
	1608	1487
	1609	1488
	1611	1492
	1613	1493
	1615	1496
	1616	1497
	1619	1498
	1620	1499
	1621	1500
	1622	1501
	1624	1504
	1625	1505
	1627	1507
	1629	1510
	1630	1511
	1632	1512
	1633	1513
	1636	1515
	1637	1516
	1638	1517
	1639	1518
	1640	1519
	1642	1521
	1645	1524
	1646	1525
	1647	1526
	1648	1527
	1649	1528
	1650	1529
	1653	1532
	1654	1533
	1655	1534
	1658	1537
	1659	1538
	1662	1541
	1666	1545
	1667	1554
	1670	1546
	1671	1547
	1672	1548
	1673	1549
	1675	1551
	1677	1554
	1680	1557
	1681	1558
	1683	1561
	1684	1576
	1687	1562
	1688	1563
	1689	1564
	1691	1565
	1692	1566
	1693	1567
	1694	1568
	1695	1569
	1698	1576
	1701	1573
	1702	1576
	1705	1579
	1706	1580
	1709	1583
	1710	1584
	1711	1585
	1712	1586
	1714	1589
	1717	1591
	1718	1592
	1721	1595
	1722	1596
	1723	1597
	1726	1600
	1727	1601
	1729	1603
	1730	1604
	1732	1606
	1733	1607
	1735	1608
	1736	1609
	1737	1610
	1738	1611
	1744	1616
	1745	1617
	1747	1620
	1752	1623
	1753	1624
	1757	1629
	1758	1699
	1761	1630
	1763	1631
	1764	1699
	1767	1632
	1768	1633
	1771	1636
	1772	1637
	1773	1638
	1774	1639
	1777	1642
	1778	1643
	1780	1645
	1781	1646
	1782	1647
	1783	1648
	1785	1651
	1786	1652
	1787	1653
	1790	1656
	1791	1657
	1792	1658
	1794	1661
	1799	1665
	1801	1666
	1802	1667
	1803	1668
	1804	1669
	1805	1670
	1808	1671
	1809	1672
	1813	1676
	1814	1679
	1815	1680
	1821	1685
	1822	1686
	1823	1687
	1824	1688
	1825	1689
	1828	1692
	1829	1693
	1833	1699
	1836	1702
	1840	1706
	1841	1707
	1844	1710
	1845	1711
	1846	1712
	1847	1713
	1848	1714
	1849	1715
	1851	1716
	1852	1717
	1853	1718
	1855	1721
	1856	1722
	1857	1723
	1860	1726
	1861	1730
	1862	1731
	1863	1732
	1864	1733
	1866	1727
	1867	1728
	1870	1736
	1871	1737
	1874	1740
	1875	1741
	1877	1744
	1878	1745
	1881	1748
	1882	1749
	1883	1750
	1885	1751
	1886	1752
	1890	1756
	1891	1757
	1892	1758
	1893	1759
	1895	1762
	1896	1763
	1897	1764
	1899	1767
	1900	1768
	1901	1769
	1903	1771
	1904	1772
	1908	1775
	1909	1776
	1911	1779
	1913	1780
	1914	1781
	1915	1782
	1916	1783
	1917	1784
	1918	1785
	1920	1786
	1921	1787
	1922	1788
	1925	1791
	1928	1794
	1929	1795
	1930	1796
	1931	1797
	1932	1798
	1933	1799
	1935	1801
	1937	1804
	1940	1808
	1941	1809
	1942	1810
	1944	1813
	1945	1814
	1946	1815
	1948	1817
	1949	1818
	1950	1819
	1953	1822
	1954	1823
	1956	1824
	1957	1825
	1960	1828
	1964	1832
	1965	1833
	1966	1834
	1967	1835
	1968	1836
	1970	1839
	1973	1842
	1974	1843
	1977	1846
	1978	1847
	1979	1848
	1980	1849
	1981	1850
	1982	1851
	1983	1852
	1984	1855
	1986	1853
	1991	1860
	1992	1861
	1993	1862
	1994	1863
	1996	1865
	1997	1866
	1998	1867
	2000	1870
	2004	1874
	2005	1875
	2006	1876
	2008	1878
	2009	1879
	2012	1883
	2013	1884
	2015	1887
	2016	1888
	2017	1889
	2020	1898
	2021	1899
	2022	1899
	2023	1900
	2028	1904
	2029	1905
	2031	1908
	2032	1909
	2035	1912
	2036	1913
	2037	1914
	2038	1915
	2041	1918
	2043	1921
	2045	1924
net/minecraft/client/resources/sounds/BeeFlyingSoundInstance	19	22
	19	22
	9	12
	10	13
	14	17
net/minecraft/client/ToggleKeyMapping	28	30
	17	19
	18	20
	19	21
	22	24
	24	26
	11	13
	27	29
	12	14
	28	30
	13	15
net/minecraft/client/model/TurtleModel	121	110
	23	24
	24	25
	25	26
	28	29
	29	30
	31	31
	32	32
	33	32
	34	32
	36	34
	37	36
	38	37
	39	39
	40	41
	42	43
	43	45
	44	45
	45	46
	47	48
	48	49
	49	50
	50	50
	51	50
	53	52
	54	53
	55	53
	56	53
	58	55
	59	56
	60	56
	61	56
	63	58
	64	59
	65	59
	66	59
	69	61
	74	66
	79	70
	81	71
	82	72
	83	73
	84	74
	85	75
	86	76
	87	77
	88	78
	89	79
	90	80
	92	81
	93	82
	94	83
	95	84
	97	85
	98	86
	99	87
	100	88
	101	89
	102	90
	103	91
	104	92
	107	95
	108	96
	112	100
	113	101
	114	102
	115	103
	117	106
	118	107
	119	108
	121	110
net/minecraft/client/renderer/debug/LightDebugRenderer	51	55
	33	33
	34	34
	36	35
	37	36
	38	38
	40	49
	41	51
	19	22
	51	55
	20	23
	24	27
	26	28
	28	29
	30	31
	31	32
com/mojang/blaze3d/platform/GlConst	0	0
net/minecraft/client/gui/components/TabButton	91	90
	66	64
	67	65
	68	66
	69	67
	70	68
	71	69
	72	70
	74	73
	79	78
	16	18
	80	79
	84	83
	87	86
	91	90
	32	32
	33	33
	34	34
	35	35
	39	39
	41	40
	42	41
	43	42
	45	43
	46	44
	48	46
	51	49
	52	50
	53	51
	54	52
	55	53
	56	54
	59	57
	60	58
	61	59
	62	60
	63	61
net/minecraft/client/renderer/entity/layers/Deadmau5EarsLayer	44	55
	32	43
	33	44
	34	45
	35	46
	36	47
	37	48
	39	49
	40	50
	41	51
	42	52
	44	55
	16	19
	17	20
	21	34
	22	55
	25	35
	26	36
	28	38
	29	39
	30	41
	31	42
net/minecraft/client/gui/screens/worldselection/ExperimentsScreen	116	122
	34	37
	35	38
	36	39
	37	40
	38	42
	39	43
	40	44
	43	47
	48	51
	51	52
	52	53
	54	57
	55	58
	56	60
	57	61
	58	61
	59	62
	60	63
	61	64
	62	65
	65	66
	66	66
	67	66
	69	67
	70	68
	73	70
	74	72
	75	73
	78	76
	79	77
	84	82
	85	83
	88	86
	89	87
	90	88
	91	89
	92	90
	93	91
	95	93
	96	94
	97	95
	98	96
	99	97
	103	101
	104	102
	108	106
	110	107
	111	108
	112	109
	113	120
	115	121
	116	122
com/mojang/realmsclient/dto/Subscription	37	38
	35	36
	36	37
	37	38
	13	13
	17	16
	20	19
	22	22
	23	23
	24	24
	25	25
	26	26
	27	27
	28	28
	30	31
net/minecraft/client/gui/screens/inventory/StructureBlockEditScreen	461	462
	27	29
	28	30
	29	31
	30	32
	31	33
	32	34
	33	35
	34	36
	35	37
	36	38
	37	40
	72	73
	73	74
	74	75
	75	76
	79	80
	80	81
	81	82
	82	83
	83	84
	84	85
	85	86
	86	87
	87	88
	88	89
	89	90
	92	93
	93	94
	95	96
	98	99
	99	100
	100	101
	101	102
	102	103
	103	104
	104	105
	105	106
	109	110
	110	111
	112	112
	113	113
	114	114
	115	115
	116	116
	117	117
	119	118
	120	119
	121	120
	122	121
	124	123
	125	124
	126	125
	127	126
	128	127
	130	129
	131	131
	132	132
	133	133
	134	134
	135	135
	136	136
	137	137
	138	138
	141	140
	142	141
	143	142
	144	143
	146	145
	147	146
	148	149
	151	151
	152	153
	153	154
	154	155
	155	156
	158	158
	159	161
	162	163
	163	166
	166	168
	167	169
	168	170
	169	171
	170	172
	171	173
	172	174
	173	175
	174	176
	175	177
	176	178
	177	179
	178	180
	179	181
	180	182
	181	183
	183	184
	187	187
	188	187
	190	187
	193	190
	194	191
	195	192
	197	193
	198	194
	199	195
	200	196
	201	197
	202	198
	203	199
	204	200
	205	201
	206	202
	207	203
	208	204
	209	205
	211	206
	212	207
	213	208
	214	209
	215	210
	216	211
	217	212
	218	213
	219	214
	220	215
	221	216
	222	217
	223	218
	225	219
	226	220
	227	221
	228	222
	229	223
	230	224
	231	225
	232	226
	234	227
	235	228
	236	229
	237	230
	239	231
	240	232
	242	233
	243	234
	247	238
	248	239
	249	240
	250	241
	251	242
	252	243
	253	244
	254	245
	255	246
	256	247
	258	248
	260	249
	261	250
	262	251
	263	252
	264	253
	265	254
	266	255
	267	256
	268	257
	269	258
	270	259
	273	262
	274	263
	275	264
	276	265
	278	266
	280	268
	281	269
	283	271
	284	272
	286	274
	287	275
	289	277
	292	279
	295	282
	296	283
	297	284
	298	285
	299	286
	300	287
	301	288
	302	289
	303	290
	304	291
	306	292
	307	293
	308	294
	309	295
	310	296
	311	297
	312	298
	313	299
	314	300
	315	301
	316	302
	318	303
	320	305
	321	306
	322	307
	323	308
	324	309
	325	310
	326	311
	327	312
	328	313
	329	314
	330	315
	331	316
	333	318
	334	319
	335	320
	336	321
	337	322
	338	323
	339	324
	340	325
	341	326
	342	327
	343	328
	344	329
	345	330
	346	331
	347	332
	348	333
	350	335
	351	336
	353	338
	356	340
	359	344
	360	347
	361	349
	362	350
	363	351
	364	371
	369	376
	370	377
	371	378
	377	384
	378	385
	379	386
	385	392
	386	393
	387	394
	393	400
	394	401
	398	405
	399	406
	402	409
	403	413
	404	414
	407	410
	412	419
	414	420
	415	421
	417	422
	418	423
	419	424
	422	427
	423	428
	424	429
	425	430
	426	431
	428	432
	431	435
	432	436
	433	437
	434	438
	435	439
	437	440
	438	441
	441	444
	442	445
	443	446
	444	447
	446	448
	449	451
	450	452
	451	453
	454	456
	456	457
	457	458
	461	462
net/minecraft/client/renderer/entity/FishingHookRenderer	149	133
	128	109
	129	116
	132	119
	133	120
	134	121
	136	122
	137	123
	138	124
	139	125
	140	126
	141	127
	142	128
	144	129
	145	130
	149	133
	22	25
	23	26
	28	30
	29	31
	33	34
	34	35
	35	102
	38	36
	40	37
	41	38
	43	39
	44	40
	46	41
	47	42
	48	43
	50	44
	52	45
	53	46
	54	47
	55	48
	57	49
	59	50
	60	51
	61	52
	62	53
	65	56
	66	57
	68	58
	69	59
	70	60
	71	61
	72	62
	79	67
	81	79
	82	80
	83	81
	86	82
	89	69
	91	70
	92	71
	93	72
	94	73
	96	74
	97	75
	98	76
	100	77
	103	85
	104	86
	105	87
	107	88
	108	89
	109	90
	111	91
	113	92
	115	93
	116	95
	117	96
	119	99
	120	100
	121	102
	124	105
net/minecraft/client/renderer/entity/HuskRenderer	24	26
	17	19
	18	20
	19	21
	20	22
	24	26
	9	12
	12	15
	13	16
net/minecraft/client/gui/screens/ConnectScreen	167	185
	128	148
	130	150
	133	153
	137	157
	142	162
	143	163
	144	164
	145	165
	146	166
	149	170
	150	171
	151	172
	155	176
	157	177
	158	178
	159	179
	32	34
	33	35
	161	180
	35	38
	164	183
	166	184
	167	185
	46	49
	47	50
	48	51
	49	52
	52	55
	53	56
	54	66
	56	58
	57	59
	58	60
	59	61
	60	62
	61	63
	62	64
	63	66
	66	69
	67	70
	70	73
	72	76
	73	77
	75	80
	76	80
	77	80
	78	81
	79	82
	81	85
	82	87
	83	89
	85	92
	87	93
	88	94
	89	95
	91	98
	92	99
	93	105
	94	106
	96	108
	97	109
	98	110
	104	114
	105	115
	107	117
	110	120
	111	121
	112	127
	114	134
	116	136
	117	137
	118	138
	121	141
	122	142
	126	146
	127	147
net/minecraft/client/resources/sounds/BiomeAmbientSoundsHandler	156	146
	130	121
	132	122
	133	123
	134	124
	135	125
	136	126
	140	130
	141	131
	144	134
	145	135
	146	136
	149	139
	150	140
	151	141
	154	144
	155	145
	156	146
	40	38
	42	39
	43	40
	44	41
	45	42
	48	45
	53	50
	55	51
	56	52
	57	53
	59	54
	60	55
	62	56
	64	57
	65	58
	66	59
	67	60
	69	63
	70	64
	74	68
	75	69
	76	70
	78	72
	80	73
	81	76
	83	77
	84	78
	85	79
	86	80
	87	81
	90	83
	91	84
	93	85
	96	87
	99	90
	100	91
	101	92
	102	93
	104	94
	105	95
	106	96
	108	97
	109	98
	111	99
	113	102
	114	103
	115	104
	117	106
	118	107
	120	109
	122	111
	123	113
net/minecraft/client/gui/screens/inventory/HopperScreen	30	33
	10	13
	13	16
	14	17
	15	18
	16	19
	20	23
	21	24
	22	25
	23	26
	27	30
	28	31
	29	32
	30	33
net/minecraft/client/renderer/blockentity/SkullBlockRenderer	116	118
	37	41
	38	42
	39	43
	40	44
	41	45
	42	46
	43	47
	44	48
	45	49
	48	52
	50	53
	51	54
	52	55
	53	56
	54	57
	55	58
	56	59
	57	60
	61	64
	62	65
	66	68
	68	69
	69	70
	70	71
	71	72
	72	73
	74	74
	75	75
	76	76
	78	77
	79	78
	82	90
	84	91
	85	92
	87	94
	88	95
	89	95
	91	95
	95	98
	97	99
	98	100
	99	101
	101	102
	102	103
	105	106
	106	107
	107	118
	110	108
	111	109
	112	111
	114	113
	116	116
net/minecraft/client/renderer/entity/layers/SpiderEyesLayer	18	21
	18	21
	10	13
	13	16
	14	17
net/minecraft/client/particle/ParticleEngine	558	556
	512	490
	513	491
	515	492
	517	493
	518	494
	519	495
	520	496
	523	497
	524	498
	526	501
	527	502
	529	505
	530	506
	532	509
	533	510
	535	513
	536	514
	538	517
	539	518
	542	521
	543	523
	546	526
	550	530
	554	534
	555	535
	556	536
	557	537
	558	538
	69	72
	70	73
	71	74
	80	77
	104	546
	109	551
	113	555
	114	556
	118	95
	119	96
	121	97
	122	98
	124	99
	125	100
	128	103
	129	104
	130	105
	131	106
	132	107
	133	108
	134	109
	135	110
	136	111
	137	112
	138	113
	139	114
	140	115
	141	116
	142	117
	143	118
	144	119
	145	120
	146	121
	147	122
	148	123
	149	124
	150	125
	151	126
	152	127
	153	128
	154	129
	155	130
	156	131
	157	132
	158	133
	159	134
	160	135
	161	136
	162	137
	163	138
	164	139
	165	140
	166	141
	167	142
	168	143
	169	144
	170	145
	171	146
	172	147
	173	148
	174	149
	175	150
	176	151
	177	152
	178	153
	179	154
	180	155
	181	156
	182	157
	183	158
	184	159
	185	160
	186	161
	187	162
	188	163
	189	164
	190	165
	191	166
	192	167
	193	168
	194	169
	195	170
	196	171
	197	172
	198	173
	199	174
	200	175
	201	176
	202	177
	203	178
	204	179
	205	180
	206	181
	207	182
	208	183
	210	184
	211	185
	213	187
	215	189
	216	190
	217	191
	218	192
	219	193
	220	194
	221	195
	222	196
	223	197
	224	198
	226	199
	227	200
	230	203
	231	204
	234	207
	235	208
	236	209
	237	210
	239	213
	241	215
	244	218
	245	219
	246	220
	247	221
	253	236
	254	238
	255	240
	256	241
	257	243
	258	245
	259	247
	260	249
	263	252
	264	252
	265	254
	267	255
	268	255
	269	255
	270	256
	271	257
	272	258
	273	259
	274	260
	275	261
	276	262
	277	263
	278	264
	279	265
	280	266
	281	285
	283	267
	284	269
	285	270
	286	271
	287	272
	288	273
	290	275
	293	279
	294	280
	296	283
	297	285
	298	286
	299	287
	301	290
	302	291
	303	292
	307	296
	308	297
	311	300
	312	301
	313	302
	315	305
	316	306
	317	307
	318	308
	319	309
	324	314
	325	315
	328	318
	329	319
	333	323
	334	324
	335	325
	336	326
	338	328
	344	334
	345	335
	346	335
	348	335
	352	339
	353	340
	354	341
	355	342
	356	343
	359	346
	361	348
	364	351
	365	352
	366	353
	367	354
	368	355
	370	356
	371	357
	372	359
	373	360
	374	361
	375	362
	378	366
	381	370
	383	371
	384	372
	387	375
	390	378
	391	379
	392	382
	393	383
	395	384
	396	385
	397	386
	401	390
	404	393
	405	394
	409	398
	410	399
	411	400
	412	401
	413	402
	414	403
	416	404
	418	406
	421	409
	422	410
	424	411
	425	412
	426	413
	427	414
	429	416
	430	417
	431	418
	435	419
	437	420
	438	421
	439	422
	440	424
	442	426
	443	427
	444	428
	445	429
	446	430
	447	431
	448	432
	451	436
	454	440
	455	441
	457	442
	458	443
	459	444
	460	445
	463	448
	464	449
	465	450
	466	451
	469	454
	470	484
	473	455
	475	456
	478	457
	479	459
	480	460
	481	461
	483	462
	484	463
	485	464
	487	466
	488	467
	489	468
	490	469
	491	470
	492	471
	494	472
	495	473
	496	474
	498	475
	502	481
	503	484
	506	487
	507	488
	508	523
	511	489
net/minecraft/client/model/PigModel	28	32
	16	18
	19	21
	20	22
	22	23
	23	26
	24	28
	25	30
	28	32
	15	17
net/minecraft/client/gui/screens/DeathScreen	164	169
	130	134
	131	135
	132	136
	133	137
	134	138
	137	142
	142	147
	147	152
	149	153
	150	154
	151	155
	153	157
	156	160
	157	161
	30	29
	31	30
	159	163
	32	31
	33	32
	163	168
	164	169
	37	36
	38	37
	39	38
	40	39
	41	40
	42	41
	43	42
	45	43
	46	46
	47	47
	48	51
	50	52
	51	53
	52	56
	56	60
	60	64
	61	65
	62	84
	64	76
	65	69
	66	70
	68	72
	69	73
	71	75
	72	81
	73	82
	74	84
	77	87
	78	88
	80	91
	81	92
	82	93
	86	97
	88	98
	89	99
	91	100
	93	101
	95	102
	96	103
	99	106
	101	107
	102	108
	103	109
	106	112
	108	113
	109	114
	111	118
	115	122
	116	123
	119	126
	120	127
	121	128
	122	129
	123	129
	125	129
net/minecraft/client/renderer/block/model/BakedQuad	42	45
	16	19
	17	20
	18	21
	34	37
	19	22
	22	25
	38	41
	26	29
	42	45
	14	17
	30	33
	15	18
net/minecraft/client/model/ArmedModel	0	0
net/minecraft/client/model/EndermiteModel	74	67
	33	23
	65	58
	34	24
	35	26
	36	27
	38	29
	70	63
	71	64
	72	65
	41	32
	74	67
	45	36
	46	37
	15	17
	48	38
	49	40
	50	41
	51	43
	52	44
	53	46
	22	18
	55	48
	56	49
	60	53
net/minecraft/client/particle/TextureSheetParticle	49	52
	33	36
	38	41
	8	13
	9	14
	42	45
	43	46
	12	17
	13	18
	46	49
	47	50
	49	52
	18	21
	19	22
	23	26
	28	31
net/minecraft/client/particle/package-info	0	0
net/minecraft/client/renderer/entity/AbstractHorseRenderer	19	21
	17	19
	18	20
	19	21
	11	14
	12	15
	13	16
net/minecraft/client/gui/font/CodepointMap	115	108
	22	23
	23	24
	24	25
	25	26
	26	27
	29	30
	30	31
	34	35
	35	36
	36	37
	41	42
	42	43
	44	44
	45	45
	46	46
	47	47
	48	48
	49	49
	51	51
	52	52
	53	53
	58	58
	59	59
	61	60
	62	61
	63	62
	64	63
	67	66
	68	67
	69	68
	72	71
	73	72
	74	73
	79	78
	80	79
	82	80
	83	81
	84	82
	87	85
	88	86
	89	87
	98	91
	99	92
	100	93
	101	94
	102	95
	103	96
	104	97
	105	98
	110	103
	113	106
	114	107
	115	108
net/minecraft/client/renderer/entity/ParrotRenderer	40	42
	37	40
	38	41
	40	42
	10	14
	11	15
	12	16
	13	17
	14	18
	17	21
	18	22
	22	25
	26	29
	27	30
	28	31
	29	32
	30	33
	31	34
net/minecraft/client/multiplayer/prediction/PredictiveAction	0	0
net/minecraft/client/gui/screens/advancements/AdvancementTabType	109	104
	17	10
	18	11
	19	12
	20	13
	31	22
	32	23
	33	24
	34	25
	35	26
	36	27
	39	30
	43	34
	44	35
	45	36
	47	39
	48	40
	50	43
	51	44
	52	45
	55	48
	56	49
	57	50
	59	52
	60	53
	61	54
	63	56
	64	57
	65	58
	67	60
	68	61
	69	62
	71	64
	72	65
	75	68
	76	69
	79	72
	81	74
	83	76
	85	78
	87	80
	89	82
	93	87
	95	89
	97	91
	99	93
	101	95
	103	97
	107	102
	108	103
	109	104
net/minecraft/client/particle/DustParticleBase	48	49
	36	37
	41	42
	11	14
	12	15
	13	16
	14	17
	46	47
	15	18
	47	48
	16	19
	48	49
	17	20
	19	21
	20	22
	21	23
	22	24
	23	25
	25	26
	26	27
	27	28
	28	29
	31	32
net/minecraft/client/renderer/block/package-info	0	0
net/minecraft/client/renderer/texture/atlas/package-info	0	0
net/minecraft/client/model/ListModel	24	26
	18	20
	19	21
	23	25
	24	26
	14	16
	15	17
net/minecraft/client/telemetry/TelemetryEventLogger	0	0
net/minecraft/client/tutorial/BundleTutorial	59	60
	21	21
	22	22
	23	23
	26	26
	27	27
	29	30
	30	31
	31	32
	32	33
	33	34
	36	37
	37	38
	38	39
	40	42
	41	43
	42	44
	44	46
	47	49
	48	60
	50	50
	51	51
	52	52
	53	53
	54	54
	56	56
	57	57
	59	60
net/minecraft/client/multiplayer/chat/report/AbuseReportSender	87	88
	67	75
	71	79
	72	80
	73	81
	74	82
	80	88
	21	22
	86	36
	87	37
	29	30
	33	42
	34	43
	35	44
	39	48
	40	51
	43	51
	44	51
	45	51
	49	55
	50	56
	51	57
	52	58
	53	59
	54	60
	55	61
	56	62
	58	65
	63	71
net/minecraft/client/renderer/texture/MissingTextureAtlasSprite	55	61
	32	36
	36	41
	40	45
	41	46
	45	50
	17	19
	49	54
	18	21
	50	55
	51	56
	52	57
	53	58
	55	61
	24	27
	25	28
	26	29
	27	31
	28	32
	29	33
	30	34
net/minecraft/client/model/TridentModel	60	42
	33	32
	34	32
	35	32
	38	33
	39	33
	40	33
	43	34
	44	34
	45	34
	15	18
	48	35
	49	35
	50	35
	20	22
	21	23
	22	24
	54	36
	25	27
	26	28
	59	41
	28	29
	60	42
	29	30
	30	30
net/minecraft/client/renderer/entity/EntityRenderDispatcher	399	401
	57	60
	80	80
	84	92
	85	93
	86	94
	87	95
	88	96
	89	97
	90	98
	91	99
	95	102
	96	103
	97	104
	98	105
	99	105
	101	105
	103	107
	107	112
	108	113
	109	114
	110	115
	111	116
	114	119
	115	120
	118	123
	119	124
	122	127
	123	128
	126	131
	130	135
	131	136
	135	142
	138	145
	139	146
	140	147
	141	148
	143	149
	144	150
	145	151
	147	152
	148	153
	151	156
	153	157
	154	158
	155	159
	156	160
	157	161
	161	165
	162	166
	164	169
	165	170
	166	171
	167	172
	168	173
	170	174
	171	175
	172	176
	173	177
	174	178
	176	179
	178	181
	181	184
	182	185
	183	186
	184	187
	185	188
	186	189
	188	191
	189	192
	190	193
	191	194
	192	195
	194	196
	195	198
	196	206
	199	210
	200	211
	202	212
	206	213
	209	213
	216	217
	217	218
	218	219
	219	220
	220	224
	221	228
	224	231
	225	232
	227	233
	229	234
	230	235
	232	236
	233	237
	235	238
	236	239
	238	240
	239	241
	240	242
	241	243
	242	244
	244	245
	246	247
	247	248
	249	249
	250	250
	251	251
	252	252
	253	253
	254	254
	255	255
	256	256
	258	259
	259	260
	260	261
	261	262
	262	263
	263	264
	264	265
	265	266
	266	267
	268	270
	269	271
	272	274
	273	281
	276	284
	277	285
	278	285
	280	285
	281	286
	285	289
	286	290
	287	291
	289	292
	291	293
	292	294
	293	295
	294	296
	295	297
	296	298
	298	299
	300	300
	301	301
	302	303
	303	304
	304	305
	305	306
	306	308
	307	309
	308	310
	309	311
	313	315
	316	329
	317	330
	318	331
	319	365
	322	332
	323	365
	326	333
	327	334
	328	365
	332	335
	333	336
	334	337
	335	338
	336	339
	340	342
	342	343
	343	344
	344	345
	345	346
	346	347
	348	348
	349	349
	350	350
	351	351
	352	352
	354	353
	355	354
	356	355
	357	356
	359	357
	360	358
	361	359
	362	360
	364	365
	367	368
	368	369
	369	370
	372	373
	373	374
	374	375
	376	377
	379	380
	383	384
	387	388
	391	392
	396	397
	397	399
	398	400
	399	401
com/mojang/blaze3d/platform/MacosUtil	49	44
	32	29
	36	33
	37	34
	40	37
	41	38
	42	39
	44	40
	45	41
	47	42
	49	44
	20	20
	21	21
	24	24
	25	25
	26	25
	28	25
com/mojang/realmsclient/gui/screens/RealmsClientOutdatedScreen	62	62
	13	15
	14	17
	15	17
	16	18
	17	19
	19	22
	20	22
	21	22
	27	27
	28	28
	29	29
	33	34
	34	36
	38	40
	40	41
	41	42
	42	44
	43	45
	46	48
	47	49
	50	52
	51	52
	53	52
	58	57
	59	61
	60	62
	62	58
net/minecraft/client/gui/GuiGraphics	716	665
	512	477
	515	480
	516	512
	518	481
	519	482
	520	483
	523	486
	524	487
	526	488
	527	489
	528	490
	531	493
	532	496
	534	497
	535	498
	537	500
	538	501
	539	502
	541	503
	542	504
	543	505
	544	506
	546	507
	548	510
	549	512
	552	515
	553	516
	556	519
	557	546
	560	520
	562	521
	563	522
	565	523
	566	524
	569	527
	570	528
	571	529
	573	530
	574	531
	575	532
	576	533
	579	536
	580	537
	582	538
	583	539
	584	540
	585	541
	74	73
	75	74
	76	75
	588	544
	77	76
	589	546
	80	79
	592	549
	81	80
	593	550
	596	553
	597	554
	598	555
	87	84
	599	556
	88	85
	600	557
	89	86
	601	558
	90	87
	602	559
	91	88
	92	89
	605	562
	606	563
	96	93
	97	94
	609	566
	610	567
	99	96
	613	570
	614	571
	103	100
	104	101
	617	574
	106	103
	618	575
	109	106
	621	578
	622	618
	113	110
	625	579
	626	580
	627	582
	628	583
	117	114
	629	584
	630	585
	632	588
	121	118
	635	591
	636	592
	638	593
	127	122
	639	594
	128	123
	640	595
	129	124
	130	125
	642	596
	133	128
	645	597
	134	129
	647	598
	137	132
	649	599
	138	133
	139	134
	140	135
	652	600
	653	602
	142	138
	654	603
	143	139
	655	604
	656	605
	146	142
	147	143
	660	608
	661	610
	150	146
	662	611
	151	147
	663	612
	152	148
	664	613
	153	149
	155	152
	667	616
	156	153
	668	618
	159	156
	671	621
	160	157
	672	640
	163	160
	675	622
	164	161
	676	623
	678	624
	167	164
	679	625
	168	165
	169	166
	681	627
	170	167
	682	628
	171	168
	683	629
	684	630
	173	169
	174	170
	175	171
	687	633
	176	172
	688	634
	177	173
	689	635
	179	175
	181	177
	693	640
	184	180
	185	181
	186	182
	699	647
	700	648
	189	185
	701	649
	190	186
	702	650
	703	651
	193	189
	705	653
	194	190
	706	654
	197	193
	198	194
	712	660
	201	197
	713	661
	202	198
	203	199
	715	664
	204	200
	716	665
	205	201
	207	204
	208	205
	209	206
	210	207
	212	210
	213	211
	214	212
	215	213
	216	214
	217	215
	218	216
	219	217
	220	218
	221	219
	222	220
	225	223
	226	224
	229	227
	230	228
	233	231
	234	232
	235	233
	236	234
	239	237
	240	238
	241	239
	242	240
	244	241
	245	242
	246	243
	247	244
	249	245
	250	246
	251	247
	252	248
	253	249
	254	250
	257	253
	258	254
	261	257
	262	258
	263	259
	266	262
	267	263
	270	266
	274	270
	275	271
	278	274
	279	275
	280	276
	284	280
	288	284
	289	285
	290	286
	294	290
	298	294
	302	298
	303	299
	304	300
	306	302
	309	305
	310	306
	314	312
	315	314
	317	317
	320	320
	321	321
	325	327
	326	329
	329	336
	332	339
	333	340
	334	341
	335	342
	336	343
	339	346
	347	347
	350	350
	359	351
	362	354
	371	355
	374	358
	375	359
	378	362
	384	363
	387	366
	388	367
	390	368
	391	369
	392	370
	393	371
	394	372
	395	373
	396	374
	398	375
	399	376
	402	379
	403	380
	404	381
	406	382
	407	383
	408	384
	409	385
	410	386
	411	387
	412	388
	414	389
	416	390
	417	391
	420	394
	421	395
	424	398
	425	399
	428	402
	429	403
	430	404
	431	405
	432	406
	433	407
	434	427
	435	408
	436	409
	437	410
	438	411
	439	427
	440	412
	441	413
	442	414
	443	415
	444	427
	448	417
	450	418
	452	419
	454	420
	456	421
	458	422
	460	423
	462	424
	464	425
	465	427
	468	430
	469	431
	470	433
	471	434
	472	435
	473	436
	474	437
	475	439
	476	440
	477	441
	478	442
	479	443
	481	446
	483	448
	486	451
	487	452
	491	456
	492	457
	495	460
	496	461
	499	464
	500	465
	503	468
	504	469
	507	472
	508	473
	511	476
net/minecraft/client/sounds/Weighted	0	0
net/minecraft/client/renderer/chunk/ChunkRenderDispatcher	756	748
	512	560
	514	563
	515	564
	518	567
	519	568
	520	569
	521	570
	526	577
	528	578
	530	579
	531	580
	533	581
	534	582
	535	583
	536	584
	538	585
	539	586
	541	587
	543	588
	544	589
	545	591
	546	592
	547	593
	548	594
	551	597
	552	598
	553	599
	554	600
	558	604
	559	605
	561	606
	562	607
	563	608
	564	609
	565	610
	567	613
	570	616
	571	617
	572	618
	573	619
	62	65
	574	620
	64	67
	577	623
	578	624
	579	625
	580	626
	584	630
	585	631
	586	632
	587	633
	588	634
	592	638
	593	639
	594	640
	595	641
	85	86
	86	87
	599	645
	90	88
	602	648
	91	89
	92	90
	604	649
	93	91
	96	92
	608	653
	609	654
	98	93
	610	655
	611	656
	100	96
	612	657
	101	97
	103	99
	615	660
	104	100
	106	101
	107	103
	619	664
	108	104
	620	665
	621	666
	110	107
	623	668
	113	110
	114	111
	116	112
	117	113
	118	114
	120	115
	123	118
	124	119
	639	686
	128	122
	640	687
	129	151
	641	688
	132	123
	133	124
	645	692
	134	151
	136	125
	137	126
	138	127
	650	697
	651	698
	140	129
	141	129
	142	131
	654	701
	143	132
	655	702
	144	133
	656	703
	145	134
	146	148
	659	706
	148	136
	660	707
	149	137
	150	138
	663	710
	152	140
	664	711
	665	712
	154	143
	666	713
	155	144
	156	145
	668	714
	157	146
	669	715
	158	148
	670	741
	159	151
	673	716
	674	717
	163	155
	675	718
	164	156
	676	719
	165	157
	677	722
	166	158
	678	723
	167	159
	680	724
	681	725
	682	726
	171	163
	172	164
	173	165
	685	731
	174	166
	687	732
	176	168
	688	733
	177	169
	689	734
	691	737
	181	174
	185	178
	697	747
	698	748
	189	182
	193	186
	707	497
	708	498
	197	190
	709	499
	198	191
	201	194
	206	199
	207	200
	719	508
	209	202
	212	205
	213	206
	216	209
	218	210
	221	213
	733	274
	222	214
	223	215
	225	217
	737	277
	738	278
	227	220
	228	221
	229	222
	230	223
	744	284
	233	226
	234	227
	235	232
	748	288
	237	228
	238	229
	239	230
	240	232
	752	292
	244	236
	756	296
	245	237
	246	238
	247	239
	250	243
	251	244
	252	245
	253	246
	256	250
	257	251
	260	254
	264	258
	265	259
	266	260
	267	261
	281	313
	289	318
	290	319
	292	321
	297	325
	298	326
	299	327
	302	330
	306	336
	308	337
	309	339
	310	340
	311	341
	312	342
	314	338
	318	346
	322	350
	326	354
	327	355
	328	356
	330	358
	331	359
	333	361
	336	364
	337	365
	338	366
	339	367
	340	368
	344	372
	345	373
	348	376
	352	380
	353	381
	354	382
	355	383
	358	386
	359	387
	360	388
	363	391
	367	395
	368	396
	369	397
	370	398
	373	401
	374	402
	375	403
	378	406
	382	410
	386	414
	390	418
	391	419
	392	420
	394	423
	395	424
	397	427
	398	428
	399	429
	403	433
	404	434
	405	435
	406	436
	407	437
	409	440
	410	441
	411	442
	413	445
	417	449
	418	450
	419	451
	420	452
	421	455
	422	456
	423	457
	425	460
	426	463
	430	467
	431	468
	432	469
	435	472
	437	474
	438	475
	439	476
	440	477
	441	478
	442	479
	443	480
	444	482
	445	483
	448	486
	451	487
	452	488
	459	518
	460	519
	461	520
	465	524
	470	529
	471	530
	474	531
	475	532
	476	533
	477	534
	478	535
	481	536
	482	537
	485	539
	486	540
	487	541
	488	542
	490	543
	491	544
	493	545
	494	546
	495	547
	498	549
	499	550
	500	551
	501	552
	503	553
	505	554
	506	555
	507	556
	508	557
	510	558
	511	559
net/minecraft/client/resources/TextureAtlasHolder	48	58
	32	42
	33	43
	34	44
	38	48
	39	49
	40	50
	41	51
	42	52
	43	53
	47	57
	48	58
	20	23
	21	24
	22	25
	23	26
	26	29
	31	40
net/minecraft/client/gui/navigation/package-info	0	0
net/minecraft/client/renderer/entity/CowRenderer	17	19
	17	19
	9	12
	12	15
	13	16
net/minecraft/client/telemetry/events/WorldLoadTimesEvent	27	29
	16	18
	17	19
	18	20
	21	23
	22	24
	23	25
	24	26
	25	27
	27	29
com/mojang/realmsclient/util/task/WorldCreationTask	40	42
	32	34
	33	35
	34	36
	35	37
	36	38
	37	39
	38	40
	40	42
	11	14
	19	21
	20	22
	21	23
	22	24
	23	25
	27	29
	28	30
	31	33
net/minecraft/client/animation/definitions/FrogAnimation	300	469
	10	12
	11	13
	12	17
	13	18
	14	19
	15	20
	16	21
	17	22
	19	25
	20	29
	21	30
	22	31
	23	32
	24	33
	25	34
	26	35
	27	36
	28	37
	29	38
	30	39
	31	40
	32	41
	33	42
	34	43
	35	44
	37	47
	39	48
	40	49
	41	50
	42	54
	43	55
	44	56
	45	57
	46	58
	47	59
	49	62
	50	66
	51	67
	52	68
	53	69
	54	70
	56	73
	57	77
	58	78
	59	79
	60	80
	61	81
	62	82
	64	85
	65	89
	66	90
	67	91
	68	92
	69	93
	71	96
	72	100
	73	101
	74	102
	75	103
	76	104
	77	105
	79	108
	80	112
	81	113
	82	114
	83	115
	84	116
	86	119
	87	123
	88	124
	89	125
	90	126
	91	127
	92	128
	94	131
	95	135
	96	136
	97	137
	98	138
	99	139
	101	142
	102	146
	103	147
	104	148
	105	149
	106	150
	108	153
	110	154
	111	155
	112	159
	113	160
	115	163
	116	167
	117	168
	119	171
	120	175
	121	176
	123	179
	124	183
	125	184
	127	187
	128	191
	129	192
	131	195
	132	199
	133	200
	135	203
	136	207
	137	208
	139	211
	140	215
	141	216
	143	219
	144	223
	145	224
	147	227
	148	231
	149	232
	151	235
	153	236
	154	237
	155	241
	156	242
	157	243
	158	244
	160	247
	161	251
	162	252
	163	253
	164	254
	166	257
	167	261
	168	262
	169	263
	170	264
	172	267
	173	271
	174	272
	175	273
	177	276
	179	277
	180	278
	181	279
	182	283
	183	284
	184	285
	185	286
	187	289
	188	293
	189	294
	190	295
	191	296
	192	297
	193	298
	195	301
	196	305
	197	306
	198	307
	199	308
	200	309
	201	310
	203	313
	204	317
	205	318
	206	319
	207	320
	208	321
	209	322
	211	325
	212	329
	213	330
	214	331
	215	332
	216	333
	217	334
	219	337
	220	341
	221	342
	222	343
	223	344
	224	345
	225	346
	227	349
	228	353
	229	354
	230	355
	231	356
	232	357
	233	358
	235	361
	236	365
	237	366
	238	367
	239	368
	240	369
	241	370
	243	373
	244	377
	245	378
	246	379
	247	380
	248	381
	249	382
	251	385
	253	386
	254	387
	255	388
	256	392
	257	393
	258	394
	260	397
	261	401
	262	402
	263	403
	265	406
	266	410
	267	411
	268	412
	270	415
	271	419
	272	420
	273	421
	275	424
	276	428
	277	429
	278	430
	280	433
	281	437
	282	438
	283	439
	285	442
	286	446
	287	447
	288	448
	290	451
	291	455
	292	456
	293	457
	295	460
	296	464
	297	465
	298	466
	300	469
com/mojang/blaze3d/shaders/BlendMode	165	142
	128	110
	129	111
	130	113
	131	113
	134	113
	138	118
	139	119
	140	120
	141	121
	142	122
	144	123
	145	124
	146	125
	147	126
	148	127
	149	128
	22	22
	150	129
	151	130
	24	23
	152	131
	25	24
	153	132
	154	133
	27	25
	155	134
	28	26
	156	135
	157	136
	30	27
	158	137
	31	28
	159	138
	32	29
	160	139
	161	140
	162	142
	35	32
	163	142
	36	33
	165	142
	39	36
	40	37
	43	40
	44	41
	47	44
	48	62
	51	45
	52	46
	53	47
	54	48
	55	49
	57	52
	60	55
	62	56
	63	57
	65	59
	67	62
	71	66
	72	67
	74	68
	75	69
	78	68
	80	70
	81	71
	83	72
	84	73
	86	74
	87	75
	89	76
	90	77
	92	78
	93	79
	95	81
	96	81
	98	81
	103	87
	104	88
	105	89
	106	90
	107	91
	108	92
	109	93
	110	93
	114	97
	118	101
	120	102
	121	103
	122	104
	123	105
	124	106
	125	107
	126	108
	127	109
net/minecraft/client/model/ZombieModel	13	15
	8	11
	9	12
	13	15
net/minecraft/client/renderer/blockentity/BedRenderer	114	117
	34	37
	35	38
	36	39
	39	42
	40	43
	42	44
	43	44
	44	44
	49	45
	50	47
	51	47
	52	48
	54	50
	55	52
	56	52
	57	53
	60	55
	64	59
	65	60
	67	61
	68	61
	69	61
	73	62
	74	63
	75	63
	76	63
	78	65
	79	67
	80	67
	81	68
	84	70
	89	74
	90	75
	91	76
	92	77
	93	86
	94	88
	95	89
	97	100
	98	101
	100	103
	103	108
	104	109
	105	110
	106	111
	107	112
	108	113
	110	114
	111	115
	113	116
	114	117
net/minecraft/client/gui/screens/inventory/tooltip/ClientTooltipComponent	32	35
	32	35
	18	20
	19	21
	21	23
	29	32
	14	16
net/minecraft/client/renderer/GpuWarnlistManager	178	176
	128	124
	129	125
	130	126
	133	129
	135	130
	144	140
	145	141
	146	142
	147	143
	150	146
	151	148
	152	149
	25	28
	153	151
	26	29
	154	152
	28	30
	157	156
	161	160
	34	36
	163	161
	164	162
	165	163
	38	40
	168	166
	169	167
	42	44
	170	168
	43	45
	173	171
	46	48
	174	172
	47	49
	175	173
	50	52
	178	176
	51	53
	52	54
	55	57
	59	61
	63	65
	64	66
	65	67
	66	68
	70	72
	75	77
	80	82
	85	87
	86	88
	87	89
	92	93
	93	94
	94	95
	96	96
	98	97
	99	98
	100	99
	102	100
	103	101
	104	102
	106	103
	109	106
	110	107
	115	111
	116	112
	119	115
	120	116
	124	120
	126	121
	127	123
net/minecraft/client/renderer/entity/OcelotRenderer	17	19
	17	19
	9	12
	12	15
	13	16
net/minecraft/client/gui/spectator/SpectatorMenuItem	0	0
net/minecraft/client/model/AnimationUtils	100	81
	18	15
	19	16
	21	17
	22	18
	23	19
	24	20
	25	21
	31	24
	32	25
	34	26
	35	27
	36	28
	39	29
	40	30
	41	31
	42	32
	43	33
	44	34
	47	37
	48	38
	49	39
	50	40
	51	41
	52	42
	54	43
	55	44
	56	45
	58	46
	59	47
	61	49
	62	50
	64	51
	65	52
	68	55
	69	56
	72	59
	73	60
	74	61
	77	64
	78	65
	79	66
	85	69
	86	70
	87	71
	88	72
	89	73
	90	74
	92	75
	93	76
	94	77
	96	78
	97	79
	99	80
	100	81
net/minecraft/client/GuiMessageTag	62	61
	35	34
	39	38
	40	39
	41	40
	12	14
	13	15
	45	45
	14	16
	15	17
	20	20
	21	21
	22	22
	54	53
	55	54
	24	23
	56	55
	57	56
	58	57
	27	26
	61	60
	62	61
	31	30
net/minecraft/client/HotbarManager	69	71
	65	66
	66	67
	67	68
	69	71
	16	17
	25	25
	26	26
	28	28
	29	29
	31	31
	35	35
	36	36
	37	37
	41	40
	42	41
	44	43
	45	44
	47	46
	48	47
	50	49
	54	53
	55	55
	56	56
	58	59
	59	60
	60	61
	62	63
net/minecraft/client/renderer/entity/GiantMobRenderer	37	38
	32	34
	33	35
	18	20
	20	21
	37	38
	22	22
	23	23
	24	26
	25	27
	26	28
	28	31
	13	16
net/minecraft/client/model/SilverfishModel	108	93
	64	50
	66	52
	67	53
	68	54
	72	58
	73	60
	74	60
	75	61
	77	63
	78	65
	79	65
	80	66
	82	68
	83	70
	84	70
	21	21
	85	71
	88	73
	93	78
	30	22
	98	83
	99	84
	100	85
	103	88
	104	89
	41	25
	105	90
	42	26
	106	91
	43	27
	107	92
	44	28
	108	93
	47	31
	51	35
	55	39
	56	40
	58	41
	59	42
	60	44
	61	45
	62	47
	63	48
com/mojang/blaze3d/platform/ScreenManager	110	106
	16	17
	21	22
	22	23
	23	24
	24	25
	25	26
	26	27
	27	28
	28	29
	31	32
	34	35
	35	36
	36	37
	37	38
	38	39
	39	40
	40	41
	42	43
	46	47
	47	48
	53	53
	54	54
	55	55
	58	58
	59	59
	60	60
	61	61
	63	62
	64	63
	65	64
	66	65
	68	67
	69	68
	70	69
	71	70
	72	71
	74	72
	75	73
	76	74
	77	75
	79	76
	80	77
	81	78
	82	79
	83	80
	84	81
	85	82
	86	83
	87	84
	90	88
	91	89
	95	93
	96	94
	98	96
	99	96
	101	96
	105	101
	106	102
	107	103
	108	104
	110	106
net/minecraft/client/particle/DragonBreathParticle	100	90
	66	57
	68	58
	69	59
	70	60
	73	63
	74	64
	76	65
	77	66
	79	69
	83	73
	24	23
	88	78
	25	24
	26	25
	27	26
	28	27
	30	28
	31	29
	95	86
	32	30
	96	87
	34	31
	36	32
	100	90
	37	33
	38	34
	40	35
	41	36
	42	37
	46	41
	47	42
	48	43
	50	44
	51	45
	52	69
	55	47
	57	48
	58	49
	59	50
	62	53
	63	54
net/minecraft/client/particle/EndRodParticle	37	36
	32	32
	33	33
	37	36
	8	11
	10	12
	11	13
	12	14
	14	15
	16	16
	18	17
	19	18
	20	19
	24	23
	25	24
	26	25
net/minecraft/client/Screenshot	151	151
	128	126
	129	127
	130	128
	131	129
	133	132
	134	133
	136	136
	138	138
	139	139
	140	140
	141	141
	143	143
	146	146
	147	147
	150	150
	23	25
	151	151
	27	35
	28	36
	31	39
	32	40
	33	40
	34	40
	36	42
	38	44
	41	47
	42	48
	43	49
	46	51
	47	52
	49	54
	52	57
	54	61
	56	64
	57	65
	58	66
	59	67
	60	68
	62	70
	64	72
	65	74
	68	77
	69	78
	71	79
	73	80
	74	81
	77	82
	79	83
	83	87
	85	96
	86	91
	87	92
	88	93
	101	101
	102	102
	103	103
	105	104
	106	105
	108	106
	109	107
	110	109
	111	110
	114	113
	115	114
	116	115
	117	116
	118	117
	119	118
	120	119
	122	120
	123	121
	124	122
	125	123
net/minecraft/client/model/ParrotModel	259	195
	256	195
	257	195
	259	195
	37	30
	38	31
	39	32
	40	33
	41	34
	42	35
	43	36
	44	37
	45	38
	46	39
	49	42
	50	43
	52	44
	53	45
	54	45
	55	45
	57	47
	58	48
	59	48
	60	48
	62	50
	63	51
	64	51
	65	51
	67	53
	68	54
	69	54
	70	54
	72	56
	73	57
	74	57
	75	57
	77	59
	78	60
	79	60
	80	60
	82	62
	83	63
	84	63
	85	63
	87	65
	88	66
	89	66
	90	66
	92	68
	93	69
	94	69
	95	69
	97	71
	98	71
	99	72
	100	73
	102	74
	107	79
	112	83
	113	84
	117	87
	118	88
	121	91
	122	92
	123	93
	124	94
	127	97
	128	98
	129	99
	131	100
	132	101
	134	102
	136	103
	137	104
	139	105
	143	109
	144	110
	145	111
	146	112
	148	113
	149	114
	150	115
	152	116
	153	117
	155	118
	156	119
	157	120
	159	121
	160	122
	161	123
	163	124
	164	125
	166	126
	168	128
	169	129
	174	133
	175	134
	177	135
	178	136
	180	137
	182	138
	183	139
	185	140
	186	141
	188	142
	189	143
	192	145
	195	148
	196	149
	198	150
	199	151
	201	152
	202	153
	204	154
	205	155
	206	156
	207	157
	209	158
	210	159
	212	160
	214	184
	215	185
	218	162
	220	163
	222	164
	223	165
	225	166
	227	167
	228	168
	230	169
	231	170
	233	171
	234	172
	236	173
	237	174
	238	175
	240	177
	241	178
	249	187
	252	190
	253	191
	254	192
	255	193
net/minecraft/client/renderer/entity/ArrowRenderer	79	78
	64	58
	65	59
	66	60
	67	61
	68	62
	69	63
	72	66
	74	67
	75	68
	78	71
	79	78
	16	19
	17	20
	21	23
	23	24
	24	25
	26	26
	28	27
	29	28
	30	29
	31	30
	33	31
	34	32
	35	33
	36	34
	37	35
	38	36
	39	37
	40	38
	41	39
	43	42
	44	43
	46	44
	48	45
	50	46
	51	47
	52	48
	54	49
	55	50
	56	51
	57	52
	59	53
	60	54
	61	55
	62	56
net/minecraft/client/renderer/blockentity/ConduitRenderer	150	128
	130	107
	131	108
	132	109
	133	110
	134	111
	135	112
	136	113
	137	114
	138	115
	139	116
	141	117
	142	118
	143	119
	144	120
	145	121
	146	122
	147	123
	148	124
	149	126
	150	128
	25	28
	26	29
	27	30
	28	31
	29	32
	30	33
	39	41
	40	42
	41	43
	42	44
	43	45
	44	46
	47	49
	48	50
	49	51
	50	52
	51	52
	54	54
	58	58
	59	59
	60	60
	61	60
	62	60
	65	61
	69	65
	70	66
	71	67
	72	67
	73	67
	76	68
	80	72
	81	73
	82	74
	83	74
	84	74
	87	75
	92	79
	94	80
	95	81
	97	82
	98	83
	99	84
	100	85
	101	86
	102	87
	103	128
	106	89
	107	90
	108	91
	110	92
	111	93
	112	94
	113	95
	114	96
	115	97
	117	98
	119	99
	120	100
	122	101
	123	102
	124	103
	125	104
net/minecraft/client/multiplayer/ProfileKeyPairManager	28	27
	20	22
	25	27
	26	27
	28	27
	15	17
net/minecraft/client/renderer/debug/PathfindingRenderer	161	160
	131	128
	132	129
	133	130
	134	131
	135	133
	136	136
	140	141
	143	144
	144	145
	146	146
	19	21
	20	22
	21	23
	150	147
	151	148
	152	149
	153	150
	154	151
	156	152
	158	157
	161	160
	38	34
	39	35
	40	36
	41	37
	45	41
	46	57
	49	42
	50	44
	51	45
	52	46
	53	47
	56	50
	57	51
	58	52
	59	53
	62	57
	65	62
	67	63
	68	64
	69	66
	71	78
	72	79
	73	80
	74	81
	75	82
	76	83
	83	86
	88	96
	89	97
	90	98
	98	99
	105	103
	109	112
	110	113
	118	114
	125	118
com/mojang/blaze3d/vertex/SheetedDecalTextureGenerator	108	104
	64	56
	66	57
	67	65
	68	66
	72	70
	73	71
	74	72
	75	73
	81	78
	87	83
	92	88
	93	89
	94	90
	32	28
	33	29
	34	30
	35	31
	99	95
	36	32
	100	96
	37	33
	40	36
	41	37
	105	101
	42	38
	106	102
	43	39
	107	103
	44	40
	108	104
	45	41
	46	42
	47	43
	48	44
	49	45
	53	49
	54	50
	56	51
	59	52
	60	53
	61	54
	63	55
net/minecraft/client/model/DrownedModel	82	73
	64	56
	67	59
	68	60
	69	61
	72	64
	73	65
	74	66
	75	67
	76	68
	78	69
	79	70
	80	71
	82	73
	20	22
	21	23
	24	26
	25	27
	27	28
	28	29
	29	29
	30	29
	32	31
	33	32
	34	32
	35	32
	38	34
	43	38
	44	39
	46	40
	47	41
	48	42
	49	43
	51	45
	55	49
	56	50
	60	53
	62	54
	63	55
net/minecraft/client/model/SkeletonModel	98	85
	22	24
	23	25
	26	28
	27	29
	29	30
	30	31
	31	31
	32	31
	34	33
	35	34
	36	34
	37	34
	39	36
	40	37
	41	37
	42	37
	44	39
	45	40
	46	40
	47	40
	50	42
	55	46
	56	47
	58	48
	59	49
	60	50
	61	51
	63	53
	67	57
	68	58
	72	61
	74	62
	75	63
	76	64
	77	65
	78	66
	79	67
	80	68
	81	69
	82	70
	83	71
	84	72
	85	73
	87	74
	89	76
	93	80
	94	81
	95	82
	96	83
	97	84
	98	85
net/minecraft/client/renderer/entity/layers/TropicalFishPatternLayer	63	71
	16	20
	17	21
	18	22
	19	23
	20	24
	21	25
	23	26
	24	27
	25	28
	26	29
	27	30
	28	31
	34	36
	35	37
	36	38
	37	39
	41	44
	42	46
	43	47
	44	48
	46	52
	47	53
	48	54
	49	55
	50	56
	51	57
	52	58
	54	59
	55	60
	56	61
	57	62
	58	63
	59	64
	61	67
	62	69
	63	71
net/minecraft/client/gui/screens/packs/TransferableSelectionList	260	260
	260	260
	19	21
	20	22
	21	23
	27	28
	28	29
	29	30
	30	31
	32	32
	33	33
	37	37
	38	38
	39	41
	43	45
	48	50
	53	55
	54	56
	57	59
	58	60
	61	62
	62	63
	64	68
	65	69
	68	65
	69	66
	74	75
	99	98
	100	99
	101	100
	103	101
	104	102
	106	103
	107	104
	108	105
	111	108
	112	109
	113	111
	114	113
	116	115
	120	120
	125	125
	130	130
	131	131
	132	132
	135	135
	137	136
	138	137
	140	138
	141	139
	142	140
	143	141
	145	142
	146	143
	147	144
	150	147
	151	148
	152	149
	154	151
	157	154
	158	155
	159	156
	161	158
	164	162
	165	163
	166	164
	168	166
	171	170
	172	171
	173	172
	175	174
	181	180
	182	181
	183	182
	186	185
	190	189
	194	193
	195	194
	196	195
	197	196
	198	197
	200	199
	203	202
	204	203
	206	205
	209	208
	210	209
	212	211
	215	214
	216	215
	217	216
	219	218
	220	219
	221	220
	222	221
	223	222
	225	224
	227	225
	232	231
	233	232
	236	235
	237	236
	239	237
	240	238
	241	239
	242	240
	243	241
	245	244
	246	245
	247	246
	249	249
	250	250
	251	251
	253	254
	254	255
	255	256
net/minecraft/client/renderer/entity/GuardianRenderer	163	148
	128	110
	130	111
	131	112
	132	113
	134	114
	135	115
	136	116
	137	117
	139	118
	140	119
	141	120
	142	121
	144	122
	145	123
	146	124
	148	127
	149	128
	150	129
	151	130
	24	26
	25	27
	153	131
	27	28
	155	133
	30	31
	158	138
	31	32
	159	145
	34	35
	35	36
	163	148
	39	39
	40	40
	43	43
	44	44
	45	45
	47	46
	48	47
	50	48
	53	52
	57	56
	58	57
	59	58
	60	59
	65	63
	67	64
	68	65
	69	66
	71	67
	72	68
	73	69
	75	70
	76	71
	78	72
	79	73
	81	74
	82	75
	83	76
	86	77
	87	78
	88	79
	89	80
	90	81
	92	82
	94	83
	95	84
	96	85
	97	86
	99	87
	100	88
	102	89
	103	90
	104	91
	105	92
	106	93
	107	94
	108	95
	109	96
	111	97
	112	98
	113	99
	114	100
	116	101
	117	102
	118	103
	119	104
	121	105
	123	106
	124	107
	125	108
	126	109
net/minecraft/client/model/geom/PartNames	0	0
net/minecraft/client/renderer/debug/SupportBlockRenderer	77	105
	65	75
	69	81
	70	82
	71	83
	72	84
	73	85
	74	86
	75	87
	76	89
	77	105
	25	27
	26	28
	30	32
	31	33
	32	34
	33	35
	34	36
	37	39
	38	40
	39	41
	42	44
	43	45
	46	46
	48	49
	51	63
	52	64
	54	65
	55	66
	57	67
	58	68
	59	69
	61	71
	62	72
net/minecraft/client/searchtree/PlainTextSearchTree	24	28
	18	21
	19	23
	20	24
	22	27
	24	28
	10	13
	14	17
	15	18
net/minecraft/client/sounds/SoundManager	313	311
	256	165
	257	166
	260	169
	261	170
	264	173
	265	174
	268	177
	269	178
	272	181
	273	182
	276	185
	277	186
	280	189
	281	190
	284	193
	285	194
	288	197
	289	198
	292	201
	296	205
	41	46
	297	206
	300	209
	45	47
	301	210
	46	48
	47	50
	48	52
	304	213
	305	214
	50	55
	51	55
	52	56
	308	217
	53	57
	312	221
	313	222
	61	64
	62	65
	66	68
	68	69
	69	70
	70	71
	71	72
	73	74
	74	75
	76	78
	77	78
	78	79
	79	81
	80	82
	81	83
	82	84
	83	86
	84	87
	86	90
	87	91
	88	92
	90	95
	92	97
	94	100
	97	103
	98	104
	103	108
	106	109
	107	110
	108	111
	110	112
	111	113
	117	118
	118	119
	119	120
	120	121
	125	126
	126	127
	129	130
	133	226
	134	227
	137	230
	138	231
	141	234
	142	235
	143	236
	144	237
	145	238
	147	241
	148	242
	151	245
	153	247
	154	248
	157	250
	159	252
	163	256
	164	257
	166	259
	169	262
	170	263
	175	267
	176	268
	177	269
	181	272
	182	273
	183	274
	184	275
	185	276
	186	277
	188	279
	189	280
	190	281
	196	287
	197	288
	198	291
	200	289
	201	291
	203	293
	205	295
	208	298
	210	300
	213	303
	214	304
	216	305
	218	307
	219	308
	220	309
	222	311
	226	134
	227	135
	228	136
	229	137
	231	139
	236	145
	240	149
	244	153
	245	154
	248	157
	249	158
	252	161
	253	162
net/minecraft/client/model/LlamaSpitModel	47	48
	32	33
	33	34
	34	35
	35	36
	38	39
	43	44
	47	48
	17	19
	18	20
	21	23
	22	24
	24	25
	25	26
	26	28
	27	29
	28	30
	29	31
	30	32
net/minecraft/client/particle/ParticleRenderType	125	122
	67	68
	68	69
	72	73
	79	79
	16	19
	80	80
	17	20
	81	81
	18	21
	82	82
	19	22
	83	83
	20	23
	21	24
	87	87
	88	88
	25	28
	26	29
	92	92
	30	33
	99	98
	100	99
	37	39
	38	40
	102	100
	39	41
	40	42
	41	43
	42	44
	106	104
	46	48
	110	108
	47	49
	51	53
	117	114
	121	118
	58	59
	59	60
	60	61
	61	62
	125	122
	62	63
	63	64
net/minecraft/client/renderer/entity/MushroomCowRenderer	27	28
	16	19
	17	20
	20	23
	22	24
	23	25
	27	28
	14	17
	15	18
net/minecraft/client/gui/screens/CreditsAndAttributionScreen	65	63
	64	62
	65	63
	16	17
	17	18
	18	19
	19	20
	25	25
	26	26
	27	27
	31	31
	33	32
	34	33
	36	34
	37	35
	38	36
	39	39
	41	40
	43	41
	44	42
	45	43
	49	47
	50	48
	53	51
	54	52
	58	56
	59	57
	63	61
com/mojang/realmsclient/gui/screens/RealmsBackupScreen	351	372
	261	253
	263	254
	265	255
	266	256
	269	259
	270	260
	272	262
	275	265
	276	266
	277	279
	279	267
	280	269
	281	270
	282	271
	283	272
	286	275
	33	34
	289	279
	35	35
	36	36
	292	282
	37	37
	293	283
	294	284
	39	38
	295	285
	40	39
	41	40
	297	287
	299	289
	302	292
	303	294
	304	295
	305	296
	307	307
	308	309
	309	310
	310	311
	313	314
	314	316
	315	317
	316	318
	318	329
	319	331
	64	54
	320	332
	65	55
	321	333
	66	56
	67	57
	68	58
	325	337
	326	338
	72	62
	328	341
	329	342
	74	63
	331	345
	77	66
	79	69
	80	70
	336	350
	81	71
	337	351
	82	72
	338	359
	83	73
	339	360
	84	75
	340	361
	85	76
	341	362
	342	363
	87	78
	343	364
	88	79
	89	80
	346	367
	91	82
	92	83
	94	84
	95	85
	351	372
	96	87
	97	88
	98	92
	99	93
	100	94
	101	95
	102	96
	103	97
	105	99
	106	100
	108	101
	109	102
	112	105
	113	106
	114	107
	117	110
	118	110
	121	110
	125	114
	126	114
	128	114
	133	119
	134	120
	135	121
	137	123
	141	128
	142	129
	143	130
	144	131
	145	132
	146	133
	147	134
	148	135
	149	136
	150	137
	152	139
	153	140
	155	142
	157	144
	160	147
	161	148
	162	149
	163	150
	164	151
	166	153
	168	155
	169	156
	172	159
	173	171
	176	174
	177	175
	178	176
	179	177
	183	181
	185	182
	186	183
	187	184
	189	185
	190	186
	193	189
	195	190
	196	191
	200	196
	201	197
	204	200
	205	201
	209	205
	214	210
	219	215
	220	216
	224	220
	229	225
	230	226
	231	227
	234	230
	235	231
	236	232
	240	235
	242	236
	243	237
	244	238
net/minecraft/client/renderer/PostPass	107	99
	66	64
	67	65
	68	66
	71	69
	72	70
	73	71
	74	72
	76	73
	77	74
	78	75
	79	76
	80	77
	82	78
	85	79
	86	80
	88	81
	89	82
	90	83
	91	84
	92	85
	94	86
	31	32
	32	33
	96	87
	33	34
	97	88
	34	35
	98	89
	99	91
	100	92
	101	93
	38	39
	39	40
	104	96
	42	43
	107	99
	46	47
	47	48
	48	49
	49	50
	50	51
	53	54
	54	55
	57	58
	59	59
	60	60
	61	61
	63	62
net/minecraft/client/renderer/debug/GameEventListenerRenderer	168	163
	128	126
	135	142
	136	143
	137	144
	140	147
	141	147
	142	147
	146	151
	151	155
	156	159
	34	36
	162	163
	35	37
	39	41
	168	132
	41	42
	42	43
	43	44
	45	110
	48	46
	50	47
	51	48
	53	49
	55	51
	56	52
	57	53
	58	54
	59	55
	61	56
	62	57
	63	58
	65	59
	66	60
	69	63
	70	65
	71	66
	72	68
	75	71
	76	72
	77	73
	78	74
	79	75
	80	76
	86	82
	89	85
	90	86
	91	89
	92	91
	93	93
	96	97
	97	98
	98	99
	99	100
	100	101
	101	102
	103	103
	104	104
	105	105
	107	106
	108	107
	110	110
	113	113
	114	114
	115	118
	118	115
	119	116
	120	118
	123	121
	124	122
	127	125
com/mojang/blaze3d/vertex/BufferBuilder	492	456
	19	21
	48	42
	49	43
	52	46
	53	47
	56	50
	57	58
	60	51
	61	52
	62	53
	64	54
	65	55
	67	56
	68	58
	71	61
	73	62
	74	63
	77	66
	78	67
	81	70
	82	71
	83	71
	85	71
	89	75
	90	81
	93	76
	94	77
	95	78
	97	81
	100	84
	104	88
	106	89
	107	90
	108	91
	110	92
	111	93
	112	94
	113	95
	116	98
	117	99
	119	102
	121	103
	122	104
	124	105
	125	106
	126	107
	127	108
	130	111
	131	118
	134	112
	136	113
	137	114
	139	115
	140	116
	141	118
	144	121
	145	123
	146	124
	147	125
	152	130
	153	131
	154	132
	155	133
	156	134
	158	135
	160	137
	161	138
	162	139
	163	140
	165	141
	166	142
	167	143
	169	144
	170	145
	171	146
	173	147
	176	150
	180	154
	181	167
	184	155
	186	156
	187	158
	188	159
	189	160
	190	161
	191	162
	192	163
	193	164
	195	169
	198	172
	206	177
	207	178
	208	179
	209	180
	211	182
	212	183
	213	184
	217	189
	218	190
	219	191
	220	192
	224	196
	225	197
	227	199
	230	202
	231	203
	232	204
	236	207
	237	208
	238	209
	240	210
	241	211
	243	212
	244	213
	246	215
	247	216
	250	219
	251	220
	252	221
	254	222
	255	223
	259	227
	260	228
	261	229
	262	230
	264	231
	265	232
	266	233
	267	234
	271	238
	272	239
	276	243
	277	244
	281	248
	282	249
	286	253
	287	254
	289	257
	290	258
	294	259
	295	260
	296	261
	298	262
	299	263
	300	264
	302	266
	306	270
	307	271
	308	272
	310	273
	311	274
	312	275
	313	276
	316	279
	317	280
	319	282
	323	286
	324	287
	326	289
	331	295
	332	296
	335	299
	337	300
	338	301
	339	302
	341	303
	342	304
	343	305
	344	306
	346	307
	347	308
	350	310
	351	311
	352	312
	353	313
	355	315
	358	318
	359	319
	361	320
	362	321
	363	322
	365	323
	366	324
	367	328
	369	326
	370	328
	373	331
	374	331
	375	332
	378	334
	381	337
	382	338
	384	341
	385	342
	388	345
	389	346
	390	347
	391	348
	395	352
	396	353
	398	355
	402	360
	406	364
	419	452
	420	453
	422	454
	423	455
	424	456
	433	408
	434	409
	435	410
	438	413
	439	414
	440	415
	444	419
	445	420
	446	421
	450	425
	454	429
	458	433
	459	434
	461	437
	462	438
	463	439
	468	373
	472	377
	476	381
	480	385
	484	389
	488	393
	492	397
net/minecraft/client/gui/screens/inventory/AbstractSignEditScreen	231	208
	36	37
	37	38
	40	41
	42	42
	43	43
	44	44
	45	45
	47	46
	48	47
	52	52
	54	54
	55	55
	57	57
	58	58
	59	59
	61	61
	65	65
	67	66
	68	67
	70	69
	73	72
	75	74
	76	75
	81	80
	82	81
	83	82
	84	83
	86	84
	87	85
	88	86
	89	87
	91	89
	92	89
	95	89
	100	95
	101	96
	106	101
	108	102
	109	103
	110	104
	112	105
	114	106
	115	107
	119	111
	120	112
	124	116
	125	117
	126	118
	128	122
	132	126
	140	134
	141	135
	144	138
	146	139
	147	140
	149	141
	150	142
	151	143
	153	144
	154	145
	155	146
	158	149
	159	150
	160	151
	161	152
	163	153
	164	154
	165	155
	167	156
	168	157
	170	159
	171	160
	172	161
	175	162
	176	163
	179	166
	180	167
	183	168
	187	169
	188	170
	190	171
	191	172
	195	178
	196	179
	197	180
	202	181
	203	182
	205	183
	206	184
	209	187
	210	188
	211	189
	212	190
	213	191
	215	192
	216	193
	218	194
	221	198
	224	201
	225	202
	226	203
	227	204
	230	207
	231	208
net/minecraft/client/sounds/SoundBufferLibrary	58	60
	33	35
	34	36
	35	37
	36	38
	38	40
	42	44
	44	46
	45	47
	46	48
	47	49
	49	51
	53	55
	54	56
	55	57
	25	26
	26	27
	58	60
	29	30
	30	32
	31	33
net/minecraft/client/renderer/texture/atlas/sources/package-info	0	0
net/minecraft/client/gui/screens/worldselection/ConfirmExperimentalFeaturesScreen	156	158
	129	130
	133	134
	143	145
	144	146
	145	147
	146	148
	150	152
	151	153
	152	154
	25	28
	26	29
	27	30
	156	158
	37	38
	38	39
	39	40
	40	41
	44	45
	49	50
	51	51
	52	51
	54	52
	55	53
	56	54
	57	55
	59	57
	61	61
	62	62
	64	64
	65	66
	66	67
	67	68
	71	72
	72	73
	76	77
	77	78
	78	79
	82	83
	83	84
	89	91
	90	92
	94	96
	95	97
	99	101
	101	103
	103	105
	104	106
	105	107
	109	111
	111	112
	112	113
	114	114
	115	115
	119	120
	121	122
	122	123
	123	124
	124	125
	125	126
	126	127
net/minecraft/client/renderer/blockentity/EnchantTableRenderer	58	53
	32	31
	34	32
	36	34
	37	35
	39	38
	40	39
	43	42
	45	43
	46	44
	48	45
	17	20
	49	46
	50	47
	52	48
	22	24
	54	49
	23	25
	55	50
	56	51
	57	52
	58	53
	27	28
	28	29
	30	30
com/mojang/realmsclient/dto/PlayerInfo	59	58
	34	33
	35	34
	38	37
	42	41
	43	42
	46	45
	50	49
	51	50
	22	21
	54	53
	26	25
	58	57
	27	26
	59	58
	30	29
net/minecraft/client/gui/font/package-info	0	0
net/minecraft/client/model/LavaSlimeModel	75	68
	64	57
	65	58
	68	61
	69	62
	71	64
	75	68
	20	22
	21	23
	22	24
	25	27
	29	31
	30	32
	32	34
	33	35
	34	36
	35	37
	36	38
	37	39
	38	40
	39	41
	40	42
	42	45
	43	45
	44	45
	49	48
	50	48
	51	48
	54	49
	59	53
	63	56
com/mojang/realmsclient/gui/screens/RealmsGenericErrorScreen	87	85
	65	63
	70	69
	71	71
	72	72
	76	76
	81	81
	83	82
	84	83
	86	84
	23	24
	87	85
	24	25
	25	26
	26	27
	29	30
	30	31
	31	32
	32	33
	35	36
	36	37
	37	38
	38	39
	41	42
	42	43
	43	44
	44	45
	45	46
	48	50
	49	51
	50	52
	51	53
	52	54
	58	59
	59	59
net/minecraft/client/gui/components/tabs/Tab	17	19
	17	19
net/minecraft/client/renderer/entity/EndCrystalRenderer	135	109
	130	105
	135	109
	25	27
	26	28
	27	29
	37	37
	38	38
	40	39
	41	40
	42	41
	43	42
	44	43
	47	46
	48	47
	50	48
	51	48
	52	48
	55	49
	56	49
	57	49
	60	50
	61	50
	62	50
	66	51
	71	55
	73	56
	74	57
	76	58
	78	59
	79	60
	80	61
	81	62
	83	63
	84	64
	87	67
	88	68
	89	69
	91	70
	92	71
	93	72
	94	73
	95	74
	97	75
	98	76
	99	77
	100	78
	102	79
	103	80
	104	81
	106	82
	107	83
	108	84
	109	85
	110	86
	111	87
	112	88
	113	89
	114	90
	115	91
	118	94
	119	95
	122	98
	123	99
	124	100
	125	101
com/mojang/realmsclient/util/RealmsTextureManager	66	62
	64	59
	65	62
	66	62
	20	22
	22	23
	23	24
	26	27
	27	27
	29	27
	33	31
	34	32
	35	33
	38	35
	39	36
	40	37
	41	38
	42	39
	45	41
	46	42
	47	43
	49	44
	57	51
	58	52
	60	55
	61	56
	62	57
net/minecraft/client/Timer	22	24
	16	19
	17	20
	19	21
	20	22
	21	23
	22	24
	11	14
	12	15
	13	16
net/minecraft/client/gui/screens/OptionsScreen	153	166
	131	144
	132	145
	133	146
	134	147
	135	148
	136	149
	138	151
	142	155
	143	156
	147	160
	148	161
	149	162
	150	163
	153	166
	27	29
	28	30
	29	31
	30	32
	31	33
	32	34
	33	35
	34	36
	35	37
	36	38
	46	46
	47	47
	48	48
	49	49
	53	53
	54	54
	56	55
	58	56
	59	57
	61	58
	63	59
	64	60
	65	61
	66	62
	67	63
	68	64
	69	68
	70	73
	71	74
	72	75
	74	76
	75	77
	77	79
	80	81
	81	82
	82	83
	83	84
	86	87
	87	88
	88	89
	91	92
	92	93
	94	94
	95	95
	96	99
	98	102
	99	103
	102	107
	104	108
	105	109
	106	110
	108	111
	109	112
	110	113
	112	114
	114	116
	115	117
	118	122
	123	130
	124	131
	125	132
	126	138
	127	139
net/minecraft/client/renderer/entity/ThrownItemRenderer	60	55
	35	36
	40	41
	41	51
	44	42
	46	43
	48	44
	49	45
	51	46
	53	48
	23	24
	55	49
	24	25
	56	51
	25	26
	26	27
	27	28
	60	55
	30	31
	31	32
com/mojang/blaze3d/platform/MonitorCreator	0	0
net/minecraft/client/particle/FlameParticle	71	74
	64	68
	68	71
	69	72
	70	73
	71	74
	9	12
	10	13
	14	17
	19	22
	20	23
	21	24
	25	28
	26	29
	31	34
	32	35
	33	36
	35	37
	36	38
	37	39
	38	40
	39	41
	41	44
	48	52
	49	53
	53	56
	54	57
	55	58
	63	67
com/mojang/realmsclient/gui/screens/RealmsDownloadLatestWorldScreen	298	288
	256	244
	257	245
	259	248
	262	251
	263	252
	264	253
	269	258
	270	259
	271	260
	275	264
	276	265
	277	266
	278	268
	279	269
	280	270
	281	271
	282	272
	284	275
	29	29
	285	279
	287	276
	290	280
	291	281
	293	283
	294	284
	297	287
	298	288
	62	57
	69	63
	70	64
	71	65
	72	66
	73	67
	74	68
	75	69
	76	70
	77	71
	81	75
	82	76
	83	77
	84	78
	85	79
	86	80
	89	83
	90	96
	93	84
	94	85
	95	86
	96	87
	97	88
	98	89
	99	90
	100	91
	102	93
	104	96
	107	99
	108	100
	113	105
	115	106
	117	107
	118	107
	119	108
	120	109
	123	111
	126	114
	127	115
	128	116
	129	117
	130	118
	131	119
	133	122
	134	123
	136	126
	141	131
	142	132
	143	133
	144	134
	146	136
	150	141
	151	142
	154	145
	155	146
	159	150
	161	151
	163	152
	165	153
	166	154
	169	157
	170	158
	171	159
	174	162
	175	163
	178	166
	179	167
	182	170
	184	171
	185	172
	188	175
	189	176
	192	179
	193	180
	195	181
	196	182
	197	183
	198	184
	200	185
	201	186
	204	189
	205	190
	206	191
	207	192
	208	193
	210	196
	211	197
	213	200
	214	201
	216	203
	218	205
	221	208
	222	209
	223	210
	226	214
	231	220
	232	221
	236	225
	237	226
	241	230
	243	231
	244	232
	245	233
	247	235
	248	236
	249	237
	250	238
	251	239
	255	243
net/minecraft/client/renderer/block/model/multipart/KeyValueCondition	70	72
	67	72
	68	72
	69	72
	70	72
	17	19
	23	24
	24	25
	25	26
	29	30
	30	31
	31	32
	34	35
	35	36
	36	37
	37	38
	40	41
	41	42
	42	43
	46	47
	47	48
	49	51
	50	53
	53	56
	57	60
	58	61
	59	63
	62	66
net/minecraft/client/RecipeBookCategories	69	68
	64	62
	69	68
	14	16
	15	17
	16	18
	17	19
	18	20
	20	21
	21	22
	22	23
	23	24
	25	25
	26	26
	27	27
	29	28
	30	29
	32	30
	34	31
	36	32
	38	33
	41	35
	42	36
	43	37
	44	39
	46	41
	47	43
	48	45
	49	47
	50	49
	56	54
	57	55
	60	58
	61	59
	62	60
	63	61
com/mojang/blaze3d/audio/Channel	181	171
	129	121
	130	122
	133	125
	134	126
	137	129
	138	130
	139	131
	140	132
	141	133
	144	136
	17	18
	148	140
	150	142
	151	143
	152	144
	154	145
	157	148
	158	149
	31	29
	33	30
	161	152
	34	31
	35	31
	164	155
	37	31
	165	156
	166	157
	168	159
	41	35
	42	36
	171	162
	45	39
	173	163
	46	40
	174	164
	47	41
	175	165
	48	42
	176	166
	177	167
	50	44
	178	168
	51	45
	52	46
	181	171
	54	49
	55	50
	58	53
	59	54
	61	56
	64	59
	65	60
	68	63
	69	63
	71	63
	75	67
	76	68
	78	70
	81	73
	82	74
	84	76
	87	79
	88	80
	89	81
	91	83
	94	86
	98	90
	102	94
	103	95
	106	98
	107	99
	110	102
	111	103
	114	106
	115	107
	118	110
	119	111
	122	114
	123	115
	124	116
	125	117
	126	118
net/minecraft/client/renderer/debug/WorldGenAttemptRenderer	54	55
	14	16
	15	17
	16	18
	17	19
	18	20
	19	21
	22	24
	23	25
	24	26
	25	27
	26	28
	27	29
	28	30
	32	34
	34	36
	35	37
	36	38
	38	39
	39	40
	42	43
	43	44
	44	45
	45	46
	46	47
	47	48
	48	49
	49	50
	50	51
	51	52
	54	55
net/minecraft/client/renderer/entity/TurtleRenderer	28	29
	20	21
	21	22
	23	25
	24	26
	11	14
	28	29
	14	17
	15	18
net/minecraft/client/model/ChestBoatModel	54	51
	32	34
	34	35
	36	36
	37	38
	38	38
	39	39
	42	41
	43	43
	44	43
	45	44
	48	46
	49	48
	18	20
	50	48
	19	21
	51	49
	54	51
	23	25
	24	26
	25	27
	26	28
	27	29
	31	33
net/minecraft/client/gui/screens/recipebook/RecipeShownListener	0	0
net/minecraft/client/multiplayer/ClientSuggestionProvider	179	178
	128	128
	129	132
	132	129
	133	130
	138	137
	139	138
	140	142
	143	139
	144	140
	149	147
	154	151
	159	155
	163	159
	164	160
	165	161
	166	162
	168	164
	171	167
	44	48
	172	169
	45	49
	173	172
	46	50
	175	175
	176	176
	50	53
	179	178
	52	55
	53	56
	56	59
	61	63
	62	64
	64	67
	65	68
	66	69
	71	73
	72	74
	74	75
	79	79
	84	83
	89	87
	94	91
	95	92
	100	101
	101	102
	102	103
	103	104
	108	108
	109	109
	111	112
	112	113
	113	114
	114	115
	118	119
	122	123
	127	127
net/minecraft/client/renderer/entity/SpiderRenderer	30	30
	18	21
	20	22
	21	23
	25	26
	11	14
	14	17
	30	30
	15	18
net/minecraft/client/InputType	15	18
	11	14
	15	18
com/mojang/realmsclient/gui/RealmsWorldSlotButton	229	249
	21	22
	22	23
	23	24
	24	25
	25	26
	26	27
	28	28
	29	29
	30	30
	31	31
	40	39
	41	40
	42	41
	43	42
	44	43
	48	47
	70	241
	71	242
	72	243
	73	244
	74	245
	75	246
	76	247
	77	248
	78	249
	83	51
	84	52
	85	79
	90	53
	95	54
	96	60
	97	61
	98	62
	99	63
	100	64
	101	65
	103	67
	104	68
	105	69
	106	70
	107	71
	110	74
	111	75
	112	76
	113	77
	114	79
	117	82
	118	83
	119	84
	122	87
	123	91
	124	92
	127	88
	130	96
	134	102
	135	103
	139	107
	140	108
	141	109
	143	111
	146	114
	150	118
	151	119
	153	121
	156	124
	157	125
	162	130
	163	148
	165	131
	166	148
	169	166
	171	167
	172	168
	175	171
	179	173
	180	174
	182	175
	183	176
	184	177
	185	178
	186	179
	187	180
	188	181
	189	182
	190	183
	191	184
	193	186
	197	189
	198	190
	201	193
	203	194
	204	195
	206	196
	208	197
	209	198
	211	200
	215	203
	216	204
	218	205
	219	206
	222	209
	223	210
	226	213
	227	214
	228	215
	229	216
net/minecraft/client/renderer/item/ItemPropertyFunction	0	0
net/minecraft/client/gui/screens/inventory/SmithingScreen	171	161
	128	119
	131	123
	135	127
	136	128
	138	130
	141	133
	143	134
	144	135
	147	138
	148	139
	149	140
	22	23
	23	24
	151	141
	24	26
	152	142
	25	28
	153	143
	26	29
	27	31
	155	145
	156	146
	157	147
	158	148
	159	149
	164	154
	165	155
	168	158
	41	42
	169	159
	170	160
	171	161
	53	53
	54	54
	55	55
	56	56
	60	60
	61	61
	62	62
	64	63
	65	64
	66	65
	67	66
	69	67
	70	68
	74	72
	76	73
	77	74
	78	75
	79	76
	80	77
	83	80
	84	81
	85	82
	87	83
	92	88
	93	89
	94	90
	98	94
	100	95
	101	96
	102	97
	104	98
	105	99
	109	103
	110	104
	112	106
	115	109
	116	123
	119	110
	120	111
	123	114
	124	115
	125	116
	126	117
net/minecraft/client/gui/screens/reporting/ChatSelectionLogFiller	77	76
	64	62
	67	65
	68	66
	69	67
	70	68
	71	69
	72	70
	74	73
	75	74
	77	76
	30	30
	31	31
	32	32
	33	33
	34	34
	37	37
	38	39
	39	40
	40	41
	43	45
	44	45
	46	46
	47	46
	51	47
	52	48
	53	49
	54	50
	56	53
	57	54
	59	56
	61	59
net/minecraft/client/renderer/entity/SnowGolemRenderer	20	21
	16	18
	20	21
	10	13
	13	16
	15	17
net/minecraft/client/renderer/entity/CatRenderer	55	48
	32	29
	33	30
	34	31
	38	34
	40	35
	41	36
	42	37
	43	38
	46	39
	47	41
	48	41
	49	42
	50	43
	51	44
	20	20
	22	21
	23	22
	55	48
	27	25
net/minecraft/client/particle/DripParticle	316	344
	257	147
	258	148
	259	149
	263	155
	264	156
	265	157
	269	163
	273	169
	274	170
	275	171
	279	177
	23	245
	280	178
	24	246
	281	179
	25	247
	282	180
	26	248
	283	181
	27	249
	287	187
	31	253
	288	188
	32	254
	289	189
	33	255
	290	190
	291	191
	35	257
	295	197
	39	261
	296	198
	40	262
	297	199
	41	263
	298	200
	42	264
	299	201
	300	202
	47	228
	304	208
	48	229
	305	209
	306	210
	307	211
	308	212
	52	233
	53	234
	54	235
	55	236
	312	218
	56	237
	313	219
	314	220
	315	221
	316	222
	63	298
	64	299
	65	300
	69	304
	70	305
	71	306
	73	308
	78	333
	79	334
	83	338
	84	339
	85	340
	86	341
	87	342
	89	344
	94	278
	95	279
	99	283
	100	284
	101	285
	102	286
	103	287
	104	288
	106	290
	111	314
	112	315
	115	318
	116	319
	117	320
	121	324
	122	325
	124	327
	129	270
	130	271
	131	272
	138	24
	139	25
	140	26
	141	27
	142	28
	145	31
	150	36
	155	41
	156	41
	159	41
	164	46
	165	47
	166	48
	168	49
	169	50
	170	67
	173	51
	174	52
	175	53
	176	54
	177	67
	180	55
	181	56
	182	57
	184	58
	185	67
	188	59
	189	60
	190	61
	191	61
	192	62
	195	67
	198	70
	199	71
	201	73
	204	76
	207	81
	208	82
	209	83
	213	89
	214	90
	215	91
	219	97
	223	103
	224	104
	225	105
	229	111
	230	112
	231	113
	235	119
	236	120
	237	121
	238	122
	239	123
	243	129
	244	130
	245	131
	246	132
	250	138
	251	139
	252	140
	253	141
net/minecraft/client/gui/font/glyphs/package-info	0	0
net/minecraft/client/renderer/texture/atlas/sources/PalettedPermutations	137	154
	128	145
	130	147
	136	153
	137	154
	33	36
	35	38
	36	39
	37	40
	38	41
	39	43
	46	50
	47	51
	48	52
	49	53
	53	57
	54	58
	55	61
	56	62
	58	66
	59	67
	60	68
	61	69
	62	70
	65	72
	66	74
	67	75
	68	76
	71	80
	74	83
	75	84
	76	85
	79	88
	80	90
	81	91
	82	92
	83	93
	87	97
	88	98
	89	99
	90	100
	93	103
	94	104
	95	105
	96	106
	101	111
	102	112
	103	113
	104	114
	106	118
	107	121
	108	122
	109	123
	110	124
	116	130
	124	139
	125	141
	126	143
	127	144
net/minecraft/client/gui/screens/inventory/LecternScreen	107	108
	65	65
	69	69
	70	70
	74	74
	75	75
	79	79
	80	80
	81	81
	19	19
	83	83
	20	20
	87	88
	24	23
	88	89
	25	24
	27	26
	92	93
	31	30
	32	31
	96	97
	97	98
	98	99
	36	34
	101	102
	102	103
	41	39
	42	40
	106	107
	43	41
	107	108
	47	45
	48	46
	49	47
	53	51
	54	52
	55	53
	59	57
	60	58
	61	60
	63	63
net/minecraft/client/gui/screens/telemetry/TelemetryInfoScreen	129	118
	128	117
	129	118
	24	24
	25	25
	26	26
	27	27
	36	34
	37	35
	38	36
	39	37
	43	41
	48	46
	49	47
	50	48
	52	49
	53	50
	55	51
	57	52
	58	53
	60	54
	61	55
	62	55
	65	57
	67	58
	68	58
	69	58
	72	59
	74	60
	76	61
	77	64
	78	65
	79	66
	81	67
	83	68
	84	69
	85	71
	86	73
	89	78
	90	79
	91	80
	95	84
	96	85
	99	88
	100	89
	101	90
	103	93
	104	94
	105	95
	108	98
	109	99
	110	100
	114	104
	115	105
	119	109
	120	110
	121	111
	124	114
	125	115
	127	116
net/minecraft/client/animation/definitions/package-info	0	0
com/mojang/realmsclient/package-info	0	0
net/minecraft/client/renderer/blockentity/TheEndPortalRenderer	55	69
	32	33
	33	34
	34	35
	35	36
	38	52
	39	53
	40	54
	41	55
	42	56
	44	58
	13	16
	14	17
	47	61
	16	20
	51	65
	20	23
	22	24
	23	25
	55	69
	26	28
	27	29
	29	30
	30	31
	31	32
net/minecraft/client/multiplayer/chat/LoggedChatEvent	32	33
	32	33
	22	24
	23	25
	24	26
	9	11
	27	29
	14	17
	15	18
net/minecraft/client/renderer/entity/package-info	0	0
net/minecraft/client/gui/screens/FaviconTexture	83	88
	64	69
	65	70
	67	72
	70	75
	75	80
	76	81
	77	82
	14	15
	80	85
	81	86
	83	88
	26	25
	27	26
	28	27
	31	33
	35	39
	39	43
	40	60
	41	61
	44	45
	46	46
	47	47
	49	49
	50	50
	52	53
	53	54
	54	55
	55	56
	56	57
	58	63
	61	66
	62	67
	63	68
net/minecraft/client/renderer/entity/PaintingRenderer	153	156
	128	126
	129	127
	130	128
	131	129
	133	130
	134	131
	135	132
	136	133
	138	134
	139	135
	140	136
	141	137
	143	138
	144	139
	145	140
	146	141
	149	144
	152	149
	25	27
	153	156
	26	28
	30	31
	31	32
	33	33
	35	34
	36	35
	38	36
	40	37
	41	38
	42	47
	44	48
	45	49
	49	52
	53	64
	54	65
	55	66
	57	67
	58	68
	60	69
	63	70
	64	71
	65	72
	66	73
	69	74
	70	75
	71	76
	72	77
	75	78
	76	79
	77	80
	78	81
	80	82
	81	83
	82	84
	83	85
	85	87
	86	88
	87	89
	88	90
	89	91
	90	92
	92	93
	93	94
	94	95
	96	96
	97	97
	98	98
	100	101
	101	102
	103	105
	104	106
	106	109
	107	110
	110	113
	113	114
	114	115
	115	116
	116	117
	118	118
	119	119
	120	120
	121	121
	123	122
	124	123
	125	124
	126	125
net/minecraft/client/gui/components/FittingMultiLineTextWidget	76	84
	67	75
	68	76
	69	77
	70	78
	71	79
	75	83
	76	84
	14	17
	15	18
	16	19
	17	20
	20	23
	21	24
	26	29
	27	30
	28	31
	32	35
	37	40
	42	45
	43	46
	44	47
	45	48
	47	56
	51	60
	52	71
	54	61
	55	62
	56	63
	57	64
	58	65
	59	66
	61	68
	63	71
net/minecraft/client/particle/FireworkParticles	370	357
	257	355
	259	357
	273	74
	274	75
	275	76
	276	77
	277	78
	279	79
	281	80
	282	81
	283	82
	286	85
	30	149
	287	86
	31	150
	32	151
	33	152
	290	89
	34	153
	291	90
	35	154
	37	155
	38	156
	295	94
	39	157
	296	95
	40	158
	298	97
	42	160
	45	162
	302	101
	46	163
	47	164
	304	102
	48	165
	305	104
	49	166
	306	106
	50	167
	307	107
	308	108
	309	109
	310	110
	311	111
	55	172
	312	112
	313	113
	315	116
	59	176
	316	117
	60	177
	318	119
	62	178
	63	179
	64	180
	66	182
	323	42
	67	183
	324	43
	68	184
	325	44
	69	185
	70	186
	329	48
	76	192
	77	193
	334	53
	335	54
	79	195
	336	55
	81	198
	340	59
	84	201
	85	202
	86	203
	88	204
	89	205
	90	206
	91	207
	348	29
	92	208
	349	30
	94	209
	95	210
	353	33
	354	34
	98	213
	355	35
	101	216
	102	217
	104	219
	105	220
	363	127
	107	222
	364	128
	368	132
	369	134
	370	135
	123	238
	125	240
	147	251
	149	253
	153	256
	154	257
	155	258
	156	259
	157	260
	158	261
	160	264
	161	265
	162	266
	163	267
	164	268
	165	269
	167	272
	169	274
	172	277
	173	278
	178	282
	179	283
	180	284
	181	285
	183	286
	184	287
	185	288
	186	289
	188	291
	191	294
	192	295
	193	296
	195	298
	196	299
	197	300
	198	301
	199	302
	200	303
	201	304
	203	305
	205	306
	206	307
	211	312
	214	315
	215	316
	217	317
	219	318
	220	319
	221	321
	222	322
	224	323
	225	324
	227	326
	228	327
	229	328
	231	330
	232	331
	233	332
	235	333
	236	334
	238	336
	239	337
	242	341
	243	342
	246	345
	249	348
	250	349
	252	351
	253	352
	254	353
	255	354
net/minecraft/client/multiplayer/ServerList	176	174
	128	127
	130	129
	131	130
	134	133
	136	135
	139	138
	143	142
	144	143
	145	144
	146	145
	19	20
	147	146
	21	21
	150	149
	151	150
	154	153
	155	154
	29	28
	157	155
	30	29
	158	156
	159	157
	34	33
	162	161
	35	34
	37	35
	38	36
	166	165
	39	37
	167	166
	168	167
	42	40
	170	168
	43	42
	171	169
	44	43
	45	44
	174	172
	47	45
	175	173
	48	46
	176	174
	50	48
	53	51
	54	52
	56	54
	60	58
	61	60
	62	61
	64	62
	65	63
	67	66
	68	67
	70	68
	71	69
	74	72
	75	73
	77	74
	78	75
	80	76
	81	77
	82	78
	83	79
	84	80
	86	82
	89	85
	94	90
	95	91
	96	92
	99	96
	100	97
	101	98
	104	102
	109	107
	110	108
	111	109
	112	110
	113	111
	114	112
	117	116
	121	120
	122	121
	124	123
	127	126
net/minecraft/client/renderer/texture/atlas/SpriteSources	48	42
	32	30
	36	32
	39	33
	42	36
	43	37
	44	38
	45	39
	46	40
	48	42
	17	19
	19	20
	20	21
	21	22
	22	23
	23	24
	25	25
	27	26
	28	27
	31	29
net/minecraft/client/renderer/entity/WitherSkeletonRenderer	23	25
	17	20
	22	24
	23	25
	9	12
	12	15
	13	16
net/minecraft/client/StringSplitter	459	463
	29	28
	30	29
	33	32
	34	33
	37	36
	38	37
	39	38
	40	39
	42	41
	46	45
	47	46
	48	47
	49	48
	51	50
	55	54
	56	55
	57	56
	58	57
	60	59
	68	444
	69	445
	73	448
	74	449
	75	450
	76	451
	78	453
	82	458
	86	462
	87	463
	91	63
	92	64
	93	65
	97	69
	101	73
	102	74
	103	75
	104	76
	105	77
	106	78
	109	81
	110	82
	113	84
	117	88
	118	89
	119	90
	124	95
	125	97
	130	104
	131	105
	132	106
	133	107
	134	108
	135	109
	137	111
	139	114
	143	118
	147	122
	149	123
	154	127
	155	128
	156	129
	157	130
	158	131
	160	134
	162	136
	163	137
	165	140
	167	143
	183	366
	184	367
	188	370
	189	371
	191	373
	193	375
	194	376
	197	378
	198	379
	199	380
	200	385
	201	385
	203	385
	206	381
	207	382
	208	383
	214	391
	215	392
	216	393
	220	397
	224	401
	228	405
	232	409
	233	410
	237	147
	238	148
	239	149
	243	153
	244	154
	245	155
	247	157
	248	158
	249	159
	250	160
	252	163
	253	164
	256	167
	258	168
	259	169
	260	170
	261	171
	262	172
	263	173
	264	174
	265	175
	267	177
	270	180
	271	181
	273	183
	274	184
	280	190
	289	194
	290	195
	291	196
	292	198
	293	199
	294	200
	295	201
	296	202
	297	203
	299	206
	300	207
	302	208
	303	209
	304	210
	305	211
	307	213
	310	216
	311	217
	312	218
	320	419
	321	420
	322	421
	326	424
	331	428
	340	290
	341	291
	342	292
	345	295
	349	299
	350	300
	351	301
	352	302
	353	304
	354	305
	355	306
	356	307
	358	308
	359	309
	360	310
	361	311
	362	312
	364	314
	365	315
	366	316
	368	319
	369	320
	373	324
	374	325
	375	335
	376	336
	378	326
	379	327
	380	328
	382	330
	389	340
	390	341
	395	346
	396	347
	397	348
	398	349
	403	222
	404	223
	405	224
	409	228
	410	233
	411	235
	415	239
	417	240
	418	241
	419	242
	421	245
	424	247
	425	248
	426	249
	427	250
	428	252
	429	253
	430	254
	431	256
	432	257
	433	258
	435	259
	436	260
	438	261
	440	262
	441	263
	442	264
	443	265
	444	266
	445	267
	446	268
	447	269
	449	272
	453	276
	454	277
	455	278
	456	279
	457	280
	459	282
net/minecraft/client/renderer/entity/layers/FoxHeldItemLayer	70	60
	66	57
	67	58
	69	59
	70	60
	18	21
	19	22
	20	23
	24	26
	25	27
	27	28
	30	29
	31	30
	32	31
	33	32
	36	35
	39	36
	40	37
	41	38
	42	39
	45	40
	46	41
	47	42
	49	44
	52	46
	53	47
	55	49
	60	52
	62	53
	63	54
com/mojang/realmsclient/exception/package-info	0	0
net/minecraft/client/gui/spectator/categories/TeleportToPlayerMenuCategory	64	65
	32	33
	64	65
	33	34
	34	35
	35	36
	39	40
	44	45
	49	50
	50	51
	19	21
	20	22
	21	23
	54	55
	26	27
	27	28
	59	60
	60	61
	30	31
	31	32
net/minecraft/client/resources/DownloadedPackSource	231	237
	44	49
	45	50
	50	54
	52	55
	62	64
	63	65
	67	68
	68	69
	70	71
	73	74
	74	76
	75	78
	76	80
	77	82
	78	84
	79	86
	83	91
	84	92
	86	93
	88	96
	90	97
	93	99
	94	100
	96	102
	97	103
	99	104
	100	105
	103	108
	104	108
	105	109
	106	110
	108	113
	110	114
	111	115
	113	117
	114	118
	116	121
	117	122
	118	123
	119	124
	120	125
	121	126
	122	127
	124	130
	125	131
	127	133
	128	134
	129	135
	132	138
	133	139
	134	140
	136	142
	138	144
	139	148
	140	149
	142	151
	148	157
	149	158
	150	159
	152	161
	155	164
	157	167
	158	168
	161	171
	163	172
	164	173
	165	174
	168	177
	169	180
	170	180
	175	185
	176	186
	177	187
	178	188
	181	191
	182	192
	183	193
	185	196
	187	197
	188	198
	190	201
	194	205
	195	221
	199	207
	200	208
	201	209
	202	211
	203	212
	204	213
	205	214
	208	217
	209	218
	211	221
	214	224
	216	225
	217	226
	218	227
	221	230
	222	231
	223	232
	227	236
	228	237
	229	237
	231	237
net/minecraft/client/gui/screens/DemoIntroScreen	68	70
	65	67
	66	68
	67	69
	68	70
	13	15
	16	20
	17	21
	19	16
	20	17
	24	25
	26	26
	27	27
	28	28
	29	29
	30	30
	31	31
	32	32
	33	33
	35	34
	36	35
	37	40
	38	46
	39	47
	40	48
	43	50
	44	51
	48	55
	50	56
	51	57
	52	58
	53	59
	57	63
	59	64
	61	65
	63	66
net/minecraft/client/renderer/block/model/FaceBakery	287	304
	256	273
	258	276
	259	277
	263	281
	264	283
	265	284
	266	285
	268	286
	269	287
	270	288
	272	289
	273	290
	274	291
	276	293
	277	294
	278	295
	279	296
	24	24
	280	297
	25	25
	281	298
	282	299
	283	300
	31	41
	287	304
	32	42
	33	43
	36	46
	37	47
	39	48
	41	49
	42	50
	44	51
	45	52
	46	53
	47	54
	49	55
	50	58
	52	59
	54	60
	55	61
	58	64
	62	68
	64	69
	65	70
	66	71
	67	72
	68	73
	70	74
	71	75
	72	76
	73	77
	74	78
	80	81
	81	82
	82	83
	84	85
	85	86
	91	91
	92	92
	93	93
	95	95
	96	96
	99	99
	100	100
	101	101
	102	102
	103	103
	107	115
	108	117
	109	118
	111	121
	115	125
	116	126
	117	127
	118	128
	119	129
	120	130
	121	131
	122	132
	126	146
	128	147
	129	148
	130	149
	132	150
	133	151
	136	154
	137	155
	138	156
	139	157
	140	158
	141	159
	142	160
	143	161
	146	164
	147	199
	152	167
	154	169
	155	170
	156	171
	158	173
	159	174
	160	175
	162	177
	163	178
	164	179
	165	181
	168	184
	170	185
	171	186
	172	187
	174	189
	176	192
	178	194
	181	197
	182	199
	185	202
	186	205
	189	203
	190	205
	193	208
	194	209
	195	210
	196	211
	199	214
	200	215
	201	216
	202	217
	203	218
	204	219
	205	220
	206	221
	209	224
	210	225
	211	227
	212	228
	213	229
	214	230
	216	231
	217	232
	218	233
	221	237
	222	237
	224	237
	228	241
	229	242
	231	243
	232	244
	233	245
	234	246
	235	247
	236	248
	237	249
	238	251
	239	252
	240	253
	241	254
	242	255
	243	256
	244	257
	246	260
	247	261
	249	264
	250	265
	252	268
	253	269
	255	272
net/minecraft/client/renderer/entity/GoatRenderer	17	19
	17	19
	9	12
	12	15
	13	16
net/minecraft/client/gui/screens/packs/package-info	0	0
net/minecraft/client/gui/screens/inventory/CreativeModeInventoryScreen	992	950
	50	54
	60	63
	61	64
	64	66
	85	807
	86	808
	88	809
	89	811
	90	812
	91	813
	95	817
	96	818
	99	821
	100	822
	104	825
	108	829
	112	833
	116	837
	120	841
	124	845
	125	847
	126	848
	127	849
	128	850
	129	851
	131	853
	135	857
	138	860
	143	864
	144	865
	146	866
	147	867
	151	871
	156	875
	161	879
	166	883
	171	887
	172	888
	176	81
	177	82
	178	83
	179	84
	180	85
	181	86
	182	87
	185	90
	189	94
	190	95
	191	96
	192	97
	193	98
	194	99
	196	101
	201	106
	204	109
	205	110
	206	111
	207	112
	209	114
	214	117
	215	118
	216	119
	220	123
	222	124
	223	137
	226	125
	227	126
	230	131
	231	132
	233	134
	235	137
	239	141
	240	142
	241	143
	244	146
	245	147
	247	148
	248	163
	249	164
	251	167
	252	168
	253	169
	255	171
	257	172
	258	173
	259	174
	260	175
	261	176
	262	177
	263	178
	265	179
	266	180
	267	181
	268	182
	269	183
	271	185
	272	189
	275	191
	277	192
	278	193
	280	194
	281	195
	282	196
	283	197
	286	200
	287	203
	288	204
	289	205
	290	206
	293	209
	294	212
	295	213
	296	214
	297	215
	298	216
	301	219
	304	222
	306	223
	307	224
	308	225
	310	226
	311	227
	315	230
	317	232
	319	235
	320	236
	321	237
	322	238
	326	233
	327	234
	329	240
	330	241
	331	242
	333	243
	334	244
	335	245
	337	247
	338	248
	339	249
	340	250
	341	251
	342	252
	343	253
	344	254
	345	255
	346	256
	348	259
	353	149
	354	150
	355	151
	356	152
	357	153
	359	156
	360	157
	361	158
	362	159
	366	263
	369	266
	374	271
	375	272
	377	273
	378	274
	379	275
	380	276
	381	277
	382	278
	384	279
	385	280
	386	281
	388	282
	389	283
	390	284
	391	285
	392	286
	395	289
	397	291
	401	295
	403	296
	404	297
	405	298
	407	299
	408	300
	411	303
	412	304
	413	305
	417	309
	419	310
	420	311
	422	313
	426	317
	427	318
	429	321
	430	322
	432	325
	433	326
	434	327
	435	328
	437	331
	439	333
	444	339
	445	340
	446	341
	447	342
	448	343
	449	344
	451	346
	455	349
	456	350
	457	351
	460	352
	461	353
	464	356
	465	357
	466	358
	467	359
	470	362
	472	364
	474	364
	476	364
	481	371
	482	372
	486	376
	487	377
	489	378
	490	379
	491	380
	494	383
	495	384
	496	385
	497	386
	499	388
	501	391
	504	394
	505	395
	506	396
	509	399
	512	401
	513	402
	515	404
	516	405
	517	406
	520	409
	521	410
	525	414
	526	415
	528	417
	532	421
	533	422
	534	423
	536	425
	537	426
	538	427
	542	431
	543	432
	544	433
	548	437
	553	442
	554	443
	555	444
	557	445
	559	447
	560	448
	561	449
	562	450
	567	455
	571	459
	575	463
	576	464
	578	465
	579	466
	580	467
	581	468
	582	469
	583	471
	584	472
	585	473
	586	474
	587	475
	588	476
	589	477
	591	478
	592	479
	593	480
	594	481
	596	483
	600	487
	603	490
	604	491
	607	494
	608	495
	610	496
	611	497
	613	500
	614	502
	617	505
	618	506
	619	507
	620	508
	622	509
	623	510
	624	511
	625	512
	626	513
	627	514
	628	515
	629	516
	631	518
	632	519
	633	520
	635	521
	637	522
	638	523
	640	525
	644	529
	645	530
	648	533
	649	534
	650	535
	651	536
	652	537
	653	538
	656	541
	657	542
	658	543
	659	544
	660	545
	661	546
	663	549
	665	551
	666	552
	667	553
	668	554
	671	557
	672	558
	673	559
	677	563
	678	564
	680	567
	681	568
	682	569
	687	574
	688	575
	689	576
	693	580
	694	581
	696	582
	697	583
	698	584
	699	585
	700	586
	706	591
	707	592
	708	593
	710	594
	711	595
	712	596
	714	597
	716	599
	721	605
	722	606
	724	608
	725	609
	730	614
	731	615
	734	618
	735	619
	739	623
	740	624
	741	625
	743	626
	744	627
	745	628
	747	629
	748	633
	750	634
	751	635
	752	636
	753	637
	755	639
	758	642
	759	644
	760	645
	761	646
	765	650
	768	630
	773	655
	774	656
	775	657
	779	661
	781	670
	783	671
	784	672
	785	673
	787	674
	788	675
	791	678
	793	679
	794	681
	796	684
	799	687
	800	688
	801	689
	803	690
	804	691
	806	694
	810	698
	811	699
	812	700
	814	702
	816	705
	820	709
	821	710
	822	711
	826	715
	827	716
	828	717
	829	718
	830	719
	833	721
	837	726
	838	727
	839	728
	840	729
	841	730
	842	731
	843	732
	844	733
	846	734
	847	735
	850	738
	851	739
	853	741
	854	742
	857	745
	859	746
	860	747
	861	748
	862	749
	864	750
	865	751
	866	752
	868	753
	869	754
	872	757
	880	896
	881	897
	882	898
	886	901
	887	902
	891	905
	896	909
	901	913
	906	917
	907	918
	911	921
	912	922
	916	925
	917	926
	921	929
	926	933
	932	938
	937	942
	942	946
	947	950
	953	790
	954	791
	958	794
	959	795
	960	796
	961	796
	963	797
	968	761
	969	762
	970	763
	972	764
	973	765
	974	766
	975	767
	976	768
	977	769
	979	772
	980	773
	981	774
	982	775
	984	778
	985	779
	986	780
	987	781
	988	782
	990	783
	992	785
net/minecraft/client/renderer/entity/TadpoleRenderer	17	19
	17	19
	9	12
	12	15
	13	16
com/mojang/realmsclient/gui/screens/RealmsResetNormalWorldScreen	74	80
	65	75
	67	76
	69	77
	71	78
	73	79
	74	80
	16	18
	27	26
	28	27
	29	28
	30	29
	34	33
	35	34
	36	35
	40	39
	41	40
	42	41
	43	42
	45	43
	46	45
	47	46
	48	47
	50	57
	52	60
	53	61
	55	65
	56	66
	60	70
	61	71
net/minecraft/client/color/item/ItemColor	0	0
net/minecraft/client/resources/language/I18n	28	30
	16	17
	19	20
	21	23
	22	24
	23	25
	8	10
	11	13
	28	30
	15	16
net/minecraft/client/renderer/entity/CreeperRenderer	46	39
	35	34
	37	35
	38	35
	41	35
	12	15
	46	39
	15	18
	17	19
	18	20
	22	23
	24	24
	25	25
	26	26
	27	27
	28	28
	29	29
	30	30
	31	31
net/minecraft/client/model/PlayerModel	207	182
	42	41
	43	42
	45	43
	46	44
	47	45
	48	46
	49	47
	50	48
	51	49
	53	50
	54	51
	57	54
	58	55
	60	56
	61	56
	62	56
	65	57
	66	59
	67	59
	68	60
	71	62
	72	63
	73	64
	74	65
	75	65
	76	65
	78	67
	79	68
	80	68
	81	68
	83	70
	84	72
	85	72
	86	73
	88	75
	89	77
	90	77
	91	78
	94	81
	95	82
	96	82
	97	82
	100	84
	101	86
	102	86
	103	87
	105	89
	106	91
	107	91
	108	92
	112	96
	113	97
	114	97
	115	97
	117	99
	118	101
	119	101
	120	102
	122	104
	123	106
	124	106
	125	107
	127	109
	128	110
	129	110
	133	112
	138	117
	142	121
	143	122
	144	123
	145	124
	146	125
	149	128
	150	129
	154	133
	156	134
	157	135
	158	136
	159	137
	160	138
	162	139
	163	140
	164	141
	165	142
	167	144
	168	145
	171	147
	172	148
	173	149
	175	151
	176	152
	179	154
	183	158
	184	159
	185	160
	186	161
	187	162
	188	163
	189	164
	190	165
	191	166
	195	170
	196	171
	197	172
	198	173
	199	174
	200	175
	202	177
	204	179
	207	182
com/mojang/realmsclient/gui/screens/RealmsPendingInvitesScreen	310	301
	257	247
	258	248
	260	249
	261	250
	263	252
	267	256
	268	257
	277	181
	278	182
	279	183
	283	187
	28	29
	284	188
	30	30
	31	31
	288	192
	33	32
	289	193
	34	33
	35	34
	293	197
	294	198
	295	199
	298	202
	300	203
	301	204
	305	208
	306	210
	51	45
	307	211
	52	46
	308	212
	53	47
	310	215
	57	51
	59	52
	62	55
	64	58
	65	60
	66	62
	67	63
	68	64
	70	66
	72	68
	73	70
	75	71
	77	72
	78	73
	79	74
	80	75
	81	76
	83	77
	84	78
	86	82
	87	83
	88	84
	89	85
	90	86
	92	87
	93	88
	97	92
	98	93
	99	94
	101	96
	105	101
	106	102
	109	105
	110	106
	114	110
	115	111
	116	112
	117	113
	118	114
	120	116
	121	117
	123	119
	126	122
	127	123
	131	127
	132	128
	133	129
	134	130
	135	131
	137	133
	138	134
	140	136
	144	140
	146	141
	148	142
	149	143
	151	144
	152	145
	155	148
	156	149
	159	152
	160	153
	163	156
	164	163
	167	157
	168	158
	169	159
	170	160
	172	161
	173	163
	176	166
	177	167
	178	168
	181	171
	186	264
	187	265
	190	268
	191	269
	195	273
	200	278
	205	283
	206	284
	210	288
	211	289
	212	290
	215	293
	216	294
	217	295
	221	298
	223	299
	224	300
	225	301
	231	221
	232	222
	236	226
	237	227
	239	228
	240	229
	242	231
	246	235
	247	236
	252	242
	253	243
com/mojang/realmsclient/gui/screens/RealmsConfigureWorldScreen	475	541
	30	31
	32	32
	33	33
	34	34
	35	35
	37	36
	38	37
	39	38
	40	39
	41	40
	42	41
	43	42
	76	66
	77	67
	78	68
	79	69
	83	73
	84	74
	87	77
	88	78
	90	79
	91	81
	92	86
	93	89
	94	94
	95	97
	97	102
	98	104
	99	105
	102	108
	103	111
	105	121
	106	124
	107	132
	108	135
	109	140
	110	143
	111	148
	112	149
	113	156
	114	157
	116	159
	118	160
	119	161
	120	162
	122	163
	123	164
	124	165
	126	167
	128	168
	129	169
	131	171
	134	174
	137	177
	138	178
	139	180
	140	181
	141	182
	142	183
	146	187
	147	188
	149	190
	150	191
	152	192
	153	193
	155	195
	160	199
	163	202
	164	204
	168	208
	172	212
	177	217
	178	218
	179	219
	180	220
	181	221
	183	224
	184	225
	188	229
	190	230
	192	231
	194	232
	196	233
	197	234
	198	259
	201	236
	202	237
	203	238
	204	239
	206	240
	208	241
	210	242
	211	243
	213	244
	214	245
	217	255
	218	256
	220	259
	223	262
	228	267
	229	268
	230	269
	232	271
	236	276
	237	277
	239	280
	240	281
	244	286
	246	289
	247	290
	248	291
	249	292
	251	293
	252	294
	254	296
	255	297
	256	298
	258	300
	259	301
	260	302
	261	304
	263	308
	264	309
	267	312
	268	313
	269	314
	271	315
	273	316
	274	317
	275	318
	278	321
	279	322
	281	324
	283	326
	286	330
	287	332
	288	333
	289	334
	292	337
	293	338
	294	339
	295	343
	296	344
	297	347
	300	351
	302	353
	303	360
	306	363
	307	364
	308	365
	309	369
	310	371
	311	377
	312	378
	314	380
	315	381
	316	382
	318	384
	320	386
	321	393
	324	396
	325	397
	326	398
	328	399
	329	400
	332	403
	334	404
	335	405
	338	408
	339	409
	340	410
	341	411
	342	412
	343	413
	344	414
	346	416
	349	419
	352	422
	354	423
	355	424
	357	426
	360	429
	361	430
	363	432
	366	435
	367	436
	368	437
	369	438
	370	439
	372	441
	375	444
	378	447
	380	448
	381	449
	383	451
	386	454
	388	455
	389	456
	391	458
	394	461
	398	465
	399	466
	400	467
	401	468
	404	471
	405	472
	406	473
	409	476
	410	477
	411	478
	414	481
	415	482
	418	485
	419	486
	420	487
	422	488
	425	491
	426	492
	427	493
	428	494
	429	495
	430	496
	433	499
	434	500
	437	503
	439	504
	442	507
	443	508
	444	509
	445	510
	446	511
	447	512
	448	513
	451	516
	452	517
	455	520
	456	521
	459	524
	460	525
	463	528
	464	529
	467	532
	468	533
	470	536
	472	538
	475	541
net/minecraft/client/renderer/debug/GoalSelectorDebugRenderer	69	67
	64	48
	65	49
	68	52
	69	53
	23	63
	24	64
	25	65
	26	66
	27	67
	35	22
	36	23
	39	26
	40	27
	43	30
	44	31
	47	34
	48	35
	52	39
	54	40
	56	41
	57	42
	58	43
	60	44
	61	45
	62	46
	63	47
net/minecraft/client/gui/screens/social/package-info	0	0
net/minecraft/client/renderer/entity/FoxRenderer	39	39
	32	33
	36	36
	37	37
	39	39
	13	17
	14	18
	15	19
	16	20
	19	23
	21	24
	22	25
	26	28
	28	29
	29	30
	30	31
net/minecraft/client/gui/components/AbstractWidget	361	347
	258	250
	259	251
	262	254
	267	259
	271	263
	275	267
	280	272
	288	277
	33	34
	289	278
	34	35
	293	282
	294	283
	296	285
	297	285
	299	285
	304	291
	305	292
	306	293
	308	295
	314	300
	59	56
	315	301
	60	57
	316	302
	61	58
	317	303
	62	59
	63	60
	319	305
	64	61
	322	308
	68	65
	326	312
	73	70
	74	75
	331	317
	332	318
	77	71
	78	72
	80	73
	336	322
	81	75
	84	78
	85	95
	341	327
	342	328
	88	79
	89	80
	90	81
	346	332
	91	82
	347	333
	93	85
	351	337
	96	88
	97	89
	98	90
	99	91
	356	342
	102	95
	360	346
	105	98
	361	347
	106	99
	108	100
	113	104
	114	105
	118	109
	122	113
	123	114
	126	117
	130	121
	136	127
	137	128
	138	129
	139	130
	140	131
	141	132
	142	133
	143	134
	144	135
	145	136
	146	137
	147	138
	149	140
	151	142
	154	145
	155	146
	156	147
	157	148
	160	151
	161	152
	162	153
	163	154
	164	155
	167	158
	168	159
	169	160
	172	163
	175	166
	178	169
	182	173
	183	185
	185	174
	186	175
	187	176
	188	177
	189	178
	190	179
	193	183
	198	191
	199	192
	200	193
	202	195
	206	200
	211	205
	212	206
	213	207
	215	209
	219	214
	225	220
	226	221
	229	223
	230	223
	232	223
	237	229
	241	233
	242	234
	246	238
	250	242
	251	243
	254	246
	255	247
net/minecraft/client/model/geom/builders/CubeListBuilder	86	87
	67	68
	68	69
	72	73
	73	74
	12	14
	13	15
	77	78
	78	79
	82	83
	20	21
	21	22
	22	23
	86	87
	26	27
	30	31
	31	32
	35	36
	36	37
	37	38
	41	42
	42	43
	43	44
	47	48
	48	49
	52	53
	53	54
	57	58
	58	59
	62	63
	63	64
com/mojang/blaze3d/shaders/ProgramManager	47	50
	32	31
	35	33
	39	38
	40	39
	41	40
	42	41
	43	42
	12	13
	44	43
	45	48
	15	16
	47	50
	16	17
	17	18
	20	21
	21	22
	22	23
	24	24
	25	25
	28	28
	29	29
	31	30
net/minecraft/client/renderer/entity/layers/EnergySwirlLayer	35	33
	16	19
	17	20
	33	30
	34	31
	35	33
	21	24
	22	33
	25	25
	26	26
	28	27
	29	28
	31	29
net/minecraft/client/gui/screens/InBedChatScreen	86	82
	64	58
	65	62
	66	63
	67	64
	68	65
	70	68
	72	59
	76	72
	77	73
	78	74
	81	77
	82	78
	19	17
	20	18
	84	80
	86	82
	24	22
	26	23
	27	26
	28	27
	32	31
	33	32
	34	36
	37	34
	38	36
	42	40
	43	41
	47	45
	48	45
	51	45
	57	50
	58	51
	60	54
	61	55
com/mojang/realmsclient/dto/UploadInfo	116	103
	65	60
	67	63
	68	64
	69	65
	70	65
	72	65
	73	66
	74	67
	77	68
	81	73
	82	74
	20	19
	84	76
	85	76
	87	76
	25	22
	91	81
	92	81
	94	81
	33	29
	34	30
	35	31
	99	85
	36	32
	100	86
	101	87
	103	90
	41	37
	42	38
	43	39
	44	40
	108	95
	45	41
	46	42
	47	43
	48	44
	112	99
	49	45
	50	46
	116	103
	53	49
	54	50
	57	53
	63	59
net/minecraft/client/gui/components/ObjectSelectionList	74	68
	64	57
	66	59
	73	67
	74	68
	14	16
	17	19
	18	20
	23	25
	25	26
	28	27
	29	28
	30	29
	31	29
	33	29
	37	30
	38	31
	39	32
	40	33
	42	36
	43	36
	45	36
	47	38
	52	44
	53	45
	54	46
	55	47
	57	49
	58	50
	59	51
	60	52
	63	56
net/minecraft/client/renderer/entity/SlimeRenderer	42	39
	32	31
	34	32
	35	33
	36	34
	37	35
	38	36
	42	39
	13	16
	16	19
	18	20
	19	21
	23	24
	24	25
	25	26
	30	29
	31	30
net/minecraft/client/gui/screens/multiplayer/JoinMultiplayerScreen	306	296
	256	249
	257	250
	259	252
	262	255
	264	256
	265	257
	266	258
	267	259
	268	260
	270	262
	273	265
	274	266
	277	269
	279	270
	280	271
	283	274
	284	275
	285	276
	287	277
	288	278
	289	279
	290	280
	291	281
	36	37
	292	282
	295	285
	298	288
	302	292
	303	293
	306	296
	54	54
	55	55
	56	56
	60	60
	61	61
	63	63
	65	64
	66	65
	68	66
	70	69
	71	70
	72	71
	73	72
	76	75
	77	76
	80	79
	82	81
	83	83
	84	84
	85	85
	86	86
	87	87
	88	88
	89	89
	90	90
	92	91
	93	92
	94	93
	95	94
	97	95
	98	96
	100	97
	102	99
	103	100
	104	101
	105	102
	106	103
	107	104
	108	105
	109	106
	110	107
	111	108
	113	109
	116	112
	117	114
	118	116
	121	117
	122	118
	123	119
	124	120
	125	121
	126	122
	128	123
	130	124
	131	125
	132	126
	133	127
	134	128
	136	129
	137	130
	139	131
	140	132
	144	136
	146	137
	147	138
	148	139
	151	142
	152	143
	156	147
	157	148
	158	149
	160	152
	161	153
	162	154
	165	157
	166	158
	169	161
	170	162
	171	163
	172	164
	173	165
	174	166
	176	169
	177	170
	180	173
	181	174
	182	175
	183	176
	184	177
	185	178
	186	179
	187	180
	189	183
	190	184
	193	187
	194	188
	195	189
	196	190
	197	191
	199	193
	200	194
	202	197
	203	198
	205	201
	206	202
	209	205
	210	206
	211	207
	212	208
	213	209
	214	210
	216	212
	219	215
	221	217
	225	221
	226	222
	229	225
	230	226
	231	227
	234	230
	235	231
	236	232
	237	233
	239	235
	242	238
	247	244
	249	245
	251	246
	252	247
	254	248
net/minecraft/client/renderer/blockentity/HangingSignRenderer	180	158
	128	111
	129	112
	131	114
	132	116
	133	116
	134	117
	136	119
	137	121
	138	121
	139	122
	141	124
	142	124
	143	124
	147	125
	157	136
	158	137
	159	138
	160	139
	161	140
	162	141
	165	144
	166	145
	167	146
	168	147
	170	148
	171	149
	172	150
	173	151
	175	153
	49	42
	179	157
	180	158
	53	46
	54	47
	55	50
	56	50
	58	53
	62	57
	67	62
	72	67
	73	68
	74	69
	75	70
	76	71
	77	72
	78	73
	82	77
	83	78
	84	79
	85	80
	89	84
	90	85
	91	86
	95	90
	100	95
	104	99
	105	100
	107	101
	108	101
	109	101
	112	102
	113	102
	114	102
	117	103
	118	103
	121	104
	122	106
	123	106
	124	107
	126	109
	127	111
com/mojang/realmsclient/gui/screens/RealmsResetWorldScreen	214	266
	128	174
	130	182
	134	186
	139	191
	140	192
	141	193
	143	195
	147	200
	152	205
	154	206
	155	207
	28	29
	156	208
	159	211
	160	212
	163	215
	36	35
	37	36
	165	216
	38	37
	39	38
	167	217
	40	39
	168	218
	41	40
	42	41
	170	219
	171	220
	174	223
	175	224
	178	227
	179	228
	182	231
	183	232
	184	233
	57	52
	58	53
	186	235
	59	54
	60	55
	61	56
	189	238
	62	57
	190	239
	191	240
	65	60
	193	242
	66	61
	196	245
	69	66
	197	246
	70	67
	71	68
	199	248
	72	69
	73	70
	201	250
	76	73
	77	74
	207	257
	80	77
	208	258
	81	78
	209	259
	85	82
	213	263
	86	83
	214	266
	88	85
	91	88
	93	91
	94	92
	95	93
	96	94
	97	95
	98	96
	99	97
	100	98
	101	99
	102	100
	103	101
	104	102
	106	104
	107	105
	109	106
	111	107
	112	113
	115	116
	116	122
	118	126
	119	132
	121	140
	122	146
	124	154
	125	160
	127	168
net/minecraft/client/particle/HugeExplosionSeedParticle	33	36
	33	36
	18	20
	19	21
	20	22
	21	23
	22	24
	24	27
	25	28
	26	29
	12	15
	28	31
	14	16
net/minecraft/client/renderer/entity/WolfRenderer	50	44
	32	31
	35	34
	37	35
	38	36
	40	38
	12	15
	44	41
	13	16
	45	42
	14	17
	47	44
	48	44
	17	20
	50	44
	19	21
	20	22
	24	25
	30	29
	31	30
net/minecraft/client/renderer/texture/package-info	0	0
net/minecraft/client/PeriodicNotificationManager	178	167
	144	134
	145	135
	146	136
	147	137
	150	140
	152	141
	157	146
	158	147
	31	39
	32	40
	160	149
	33	41
	161	150
	34	42
	35	43
	36	45
	165	151
	38	49
	166	152
	168	153
	169	156
	170	157
	172	159
	173	160
	175	163
	49	58
	50	59
	178	167
	51	60
	55	63
	56	64
	57	65
	58	66
	60	67
	65	72
	66	74
	67	75
	68	76
	69	77
	71	78
	72	79
	73	98
	76	80
	77	81
	78	82
	79	98
	82	84
	83	85
	85	86
	86	87
	89	90
	90	91
	92	93
	95	96
	96	98
	100	102
	101	103
	104	106
	105	107
	107	109
	110	112
	111	112
	112	113
	113	114
	115	115
	116	115
	120	119
	121	119
	122	119
	123	119
net/minecraft/client/gui/navigation/ScreenRectangle	93	88
	65	63
	6	9
	70	68
	71	69
	72	70
	9	12
	73	71
	10	13
	74	72
	75	72
	13	16
	77	72
	17	20
	81	76
	18	21
	19	22
	85	80
	24	27
	89	84
	28	31
	29	32
	93	88
	30	33
	35	38
	36	39
	37	39
	39	39
	43	43
	45	44
	46	45
	47	46
	49	47
	53	51
	57	55
	58	56
	59	57
	60	58
	61	59
net/minecraft/client/gui/components/SplashRenderer	35	33
	32	31
	34	32
	35	33
	10	13
	11	14
	12	15
	20	21
	21	22
	24	25
	25	26
	26	27
	28	28
	29	29
	30	30
net/minecraft/client/renderer/entity/UndeadHorseRenderer	25	30
	20	26
	21	27
	25	30
	14	18
net/minecraft/client/gui/screens/advancements/AdvancementTab	197	197
	129	129
	131	130
	132	131
	134	133
	136	135
	139	138
	144	143
	145	144
	147	147
	148	148
	149	152
	150	147
	152	149
	154	155
	158	159
	159	160
	161	163
	162	164
	164	166
	39	43
	167	169
	40	44
	168	173
	41	45
	42	46
	43	47
	171	170
	44	48
	172	171
	45	49
	173	173
	46	50
	47	51
	48	52
	176	176
	49	53
	177	177
	178	178
	179	179
	52	56
	180	180
	181	181
	182	182
	183	183
	56	60
	184	184
	186	186
	187	187
	60	64
	189	189
	64	68
	193	193
	68	72
	197	197
	72	76
	73	77
	76	80
	77	81
	80	84
	81	85
	82	86
	83	87
	86	90
	87	91
	88	92
	90	93
	91	94
	92	95
	93	96
	94	97
	96	99
	97	100
	98	101
	102	105
	103	106
	104	107
	106	108
	107	109
	108	110
	111	113
	112	114
	114	115
	116	116
	117	117
	118	118
	119	119
	120	120
	121	121
	122	122
	123	123
	124	124
net/minecraft/client/player/AbstractClientPlayer	154	154
	129	128
	130	129
	132	132
	134	133
	135	134
	138	137
	139	138
	140	139
	141	140
	142	141
	143	142
	144	143
	146	145
	148	148
	149	149
	150	150
	154	154
	42	40
	43	41
	44	42
	48	45
	49	46
	54	50
	55	51
	59	55
	64	60
	65	61
	67	64
	72	68
	73	69
	74	70
	77	73
	81	77
	82	78
	86	82
	87	83
	92	88
	93	89
	97	93
	102	98
	103	99
	107	103
	109	104
	110	105
	111	107
	112	113
	114	115
	117	118
	121	122
	122	123
	126	127
net/minecraft/client/gui/components/AccessibilityOnboardingTextWidget	51	49
	32	35
	33	36
	34	37
	35	38
	38	39
	39	40
	40	41
	41	42
	44	43
	46	44
	47	45
	18	21
	19	22
	51	49
	20	23
	21	24
	22	25
	26	29
	27	30
	31	34
net/minecraft/client/KeyboardHandler	520	514
	512	505
	514	507
	516	510
	517	511
	520	514
	58	59
	59	60
	67	63
	69	65
	70	66
	71	67
	73	69
	74	70
	75	71
	77	73
	78	74
	79	75
	81	77
	82	78
	84	81
	86	83
	87	84
	88	85
	90	87
	91	88
	92	89
	94	91
	99	96
	100	105
	103	108
	104	109
	107	112
	108	113
	111	116
	112	117
	115	120
	116	121
	119	124
	120	125
	140	128
	142	130
	143	131
	144	132
	146	134
	147	135
	148	136
	149	137
	151	163
	152	164
	154	167
	156	169
	157	170
	158	171
	160	173
	161	174
	162	175
	163	176
	165	178
	166	179
	168	182
	170	190
	171	191
	172	192
	173	193
	175	195
	177	201
	179	240
	180	241
	182	243
	184	246
	186	203
	187	204
	188	205
	189	206
	191	208
	192	209
	195	210
	196	211
	197	212
	198	213
	199	214
	200	215
	201	216
	202	217
	203	218
	204	219
	205	220
	206	221
	207	222
	208	223
	209	224
	210	225
	212	227
	213	228
	214	229
	216	230
	217	231
	219	232
	221	233
	222	234
	224	236
	225	237
	226	238
	228	184
	229	185
	231	188
	233	139
	234	140
	236	142
	237	143
	238	144
	240	147
	241	148
	242	160
	244	248
	249	253
	250	254
	251	296
	254	255
	256	257
	257	258
	259	259
	260	260
	261	261
	262	262
	263	263
	264	264
	266	266
	267	267
	268	268
	269	269
	272	272
	273	273
	278	277
	279	278
	280	279
	281	280
	282	281
	283	282
	284	283
	285	284
	287	286
	288	287
	289	288
	292	291
	293	292
	300	296
	303	299
	304	300
	305	301
	307	304
	308	305
	309	306
	313	310
	314	311
	315	312
	316	313
	317	314
	318	315
	320	317
	322	320
	323	321
	326	324
	327	449
	332	325
	333	326
	334	328
	336	330
	337	332
	338	333
	339	334
	340	335
	347	338
	349	339
	350	340
	351	352
	352	342
	356	356
	357	356
	358	357
	359	358
	360	359
	361	360
	362	363
	363	364
	366	370
	368	372
	374	376
	375	377
	376	378
	377	379
	378	380
	379	381
	380	382
	382	385
	383	386
	389	391
	390	392
	391	393
	393	394
	394	395
	395	396
	396	397
	397	398
	399	400
	400	401
	401	402
	406	406
	407	407
	408	408
	409	409
	411	410
	412	411
	413	412
	415	414
	416	415
	417	416
	421	420
	422	420
	423	421
	427	424
	428	425
	429	426
	430	427
	432	430
	434	431
	437	432
	438	433
	442	436
	443	437
	445	439
	446	440
	449	443
	450	443
	451	444
	456	449
	459	452
	460	464
	462	453
	463	454
	464	464
	466	455
	467	456
	469	458
	470	459
	473	464
	476	468
	477	468
	478	468
	479	470
	482	473
	483	474
	484	475
	486	477
	490	481
	491	482
	493	484
	496	487
	497	488
	498	489
	499	490
	500	491
	501	492
	502	493
	504	496
	505	497
	506	498
	507	499
	508	500
	510	503
	511	504
net/minecraft/client/sounds/AudioStream	0	0
net/minecraft/client/renderer/entity/BoatRenderer	112	98
	66	60
	68	61
	69	62
	70	63
	71	64
	72	65
	73	66
	75	69
	76	70
	79	73
	80	74
	82	75
	85	78
	86	79
	87	80
	90	81
	92	82
	93	83
	95	84
	32	35
	96	85
	33	36
	98	86
	35	37
	99	87
	36	39
	100	88
	37	40
	101	89
	38	40
	39	40
	40	40
	105	93
	43	43
	107	94
	108	95
	46	46
	47	47
	112	98
	49	48
	50	49
	53	51
	57	56
	58	56
	60	56
net/minecraft/client/gui/screens/achievement/StatsScreen	518	536
	512	530
	513	531
	514	532
	518	536
	36	39
	37	40
	50	63
	52	64
	53	65
	54	66
	58	70
	59	71
	60	72
	63	75
	64	76
	65	77
	66	78
	69	82
	70	87
	71	92
	73	97
	75	101
	76	102
	78	105
	79	106
	81	108
	85	112
	86	113
	87	114
	88	115
	90	119
	91	120
	92	121
	94	123
	98	127
	99	128
	100	129
	101	130
	102	131
	104	133
	108	137
	113	142
	117	146
	118	147
	121	150
	122	151
	123	152
	125	154
	129	176
	131	177
	132	178
	133	180
	134	181
	136	183
	140	187
	141	188
	148	196
	149	197
	150	198
	153	201
	158	206
	159	207
	160	208
	161	209
	165	214
	171	157
	189	161
	193	165
	195	166
	196	167
	199	170
	200	171
	213	232
	214	233
	215	234
	216	235
	218	236
	220	237
	221	239
	222	240
	224	242
	225	243
	226	244
	230	248
	231	249
	235	253
	236	254
	238	256
	239	257
	240	258
	244	262
	245	263
	249	267
	250	269
	251	270
	253	272
	257	276
	258	277
	261	280
	262	281
	265	284
	266	285
	267	286
	269	287
	272	290
	273	291
	274	292
	276	294
	280	298
	285	303
	290	308
	291	309
	295	313
	296	315
	297	316
	298	317
	299	318
	300	319
	303	323
	304	324
	305	325
	307	327
	310	330
	315	334
	316	335
	317	336
	319	339
	320	340
	321	340
	323	340
	328	345
	329	370
	332	346
	333	347
	334	348
	335	349
	336	350
	340	353
	341	354
	343	356
	344	357
	345	359
	346	360
	347	361
	348	362
	349	363
	353	367
	355	370
	358	373
	359	383
	362	374
	363	375
	364	376
	365	377
	367	378
	368	379
	370	380
	372	381
	373	383
	376	386
	380	390
	381	391
	382	392
	383	393
	384	394
	386	396
	387	397
	390	400
	391	401
	397	455
	398	456
	402	459
	403	460
	404	461
	405	462
	406	463
	407	464
	408	465
	410	467
	411	468
	412	469
	415	472
	416	473
	419	474
	427	408
	428	409
	431	412
	436	417
	438	419
	440	421
	441	422
	443	424
	445	427
	447	430
	448	431
	450	439
	453	442
	454	443
	455	444
	459	448
	466	482
	468	484
	469	485
	470	488
	473	491
	477	495
	478	496
	488	507
	490	508
	491	509
	492	510
	493	511
	495	513
	496	514
	499	517
	500	518
	501	519
	502	520
	504	522
	505	523
	507	525
	511	529
net/minecraft/client/renderer/entity/layers/WitchItemLayer	35	37
	33	35
	34	36
	35	37
	15	18
	16	19
	20	23
	22	24
	23	25
	24	26
	25	27
	26	28
	27	29
	28	30
	29	31
	30	32
net/minecraft/client/model/ArmorStandModel	136	102
	131	97
	132	98
	133	99
	134	100
	135	101
	136	102
	30	31
	31	32
	32	33
	33	34
	34	35
	36	36
	37	37
	40	40
	41	41
	42	42
	43	43
	44	43
	45	43
	47	45
	48	45
	49	45
	52	46
	53	47
	54	47
	55	47
	57	49
	58	50
	59	50
	60	50
	62	52
	63	53
	64	53
	65	53
	67	55
	68	56
	69	56
	70	56
	72	58
	73	58
	74	58
	77	59
	78	59
	79	59
	82	60
	83	60
	84	60
	87	61
	88	62
	89	62
	90	62
	93	64
	98	68
	99	69
	100	70
	101	71
	105	75
	107	76
	108	77
	109	78
	111	79
	112	80
	113	81
	115	82
	116	83
	117	84
	119	85
	120	86
	121	87
	122	88
	126	92
net/minecraft/client/particle/NoRenderParticle	22	25
	18	21
	22	25
	9	12
	10	13
	13	16
	14	17
net/minecraft/client/multiplayer/resolver/ServerAddressResolver	22	22
	17	18
	18	19
	19	20
	20	21
	22	22
	13	15
net/minecraft/client/telemetry/TelemetryEventLog	38	39
	20	21
	36	37
	21	22
	37	38
	22	23
	38	39
	25	26
	27	28
	28	29
	29	30
	14	16
	31	32
net/minecraft/client/gui/components/AbstractStringWidget	30	33
	18	21
	21	24
	22	25
	26	29
	12	15
	13	16
	14	17
	30	33
net/minecraft/client/gui/screens/inventory/SignEditScreen	65	59
	32	32
	33	33
	65	59
	37	37
	39	38
	40	39
	41	40
	43	42
	47	46
	48	55
	51	47
	20	21
	53	48
	54	49
	56	50
	25	26
	57	51
	26	27
	59	52
	60	53
	61	55
	30	31
net/minecraft/client/renderer/entity/layers/StuckInBodyLayer	51	48
	32	30
	33	31
	34	32
	35	33
	36	34
	37	35
	38	36
	39	37
	40	38
	41	39
	42	40
	43	41
	44	42
	45	43
	15	18
	47	44
	16	19
	49	45
	51	48
	24	26
	25	27
	27	28
	28	48
	31	29
net/minecraft/client/model/ShulkerModel	85	76
	65	56
	66	57
	68	59
	71	62
	72	63
	73	64
	77	68
	81	72
	85	76
	24	25
	25	26
	26	27
	27	28
	28	29
	31	32
	32	33
	34	34
	35	35
	36	35
	37	35
	39	37
	40	38
	41	38
	42	38
	44	40
	45	41
	46	41
	47	41
	50	43
	55	47
	56	48
	57	49
	58	50
	59	51
	60	52
	62	55
net/minecraft/client/renderer/blockentity/BeaconRenderer	134	199
	129	195
	134	199
	20	22
	24	26
	28	29
	30	30
	31	31
	32	33
	33	34
	34	35
	35	36
	37	38
	40	41
	41	42
	44	57
	46	58
	47	59
	49	60
	51	61
	52	62
	54	63
	55	64
	56	65
	58	66
	60	67
	62	68
	63	69
	64	70
	65	71
	67	72
	68	73
	69	74
	70	75
	72	76
	73	77
	74	78
	75	79
	77	81
	79	102
	81	103
	82	104
	83	105
	84	106
	86	107
	87	108
	88	109
	89	110
	91	111
	92	112
	93	113
	94	114
	96	116
	98	118
	99	119
	102	143
	103	144
	104	145
	105	146
	106	147
	107	148
	108	149
	109	150
	112	171
	113	172
	114	173
	115	174
	116	175
	119	180
	120	187
	124	190
net/minecraft/client/gui/components/ChatComponent	488	460
	28	29
	38	36
	50	47
	51	48
	54	51
	55	52
	57	54
	60	57
	61	143
	64	58
	65	59
	67	60
	68	143
	71	61
	73	62
	74	63
	76	64
	77	65
	78	66
	79	67
	81	68
	83	69
	85	70
	86	71
	88	72
	89	73
	90	74
	92	75
	93	77
	94	78
	95	79
	96	80
	99	81
	101	82
	102	83
	103	84
	104	85
	106	86
	108	87
	109	88
	110	89
	111	90
	113	91
	114	92
	115	93
	117	94
	118	95
	119	96
	120	97
	122	98
	123	99
	124	100
	125	101
	129	105
	130	106
	131	107
	136	113
	137	114
	138	115
	139	116
	140	117
	141	118
	142	119
	144	120
	145	121
	146	122
	149	125
	150	126
	152	127
	153	128
	154	129
	155	130
	157	131
	158	132
	159	133
	161	134
	162	135
	163	136
	167	140
	168	143
	171	146
	172	147
	173	148
	176	151
	180	155
	184	159
	185	160
	186	161
	187	162
	188	163
	189	163
	193	167
	194	168
	195	169
	196	170
	197	171
	198	172
	200	174
	203	177
	204	178
	207	181
	208	182
	209	183
	212	186
	213	187
	214	188
	215	189
	217	191
	219	193
	222	196
	223	197
	224	198
	227	201
	229	202
	230	204
	231	205
	232	206
	233	207
	234	208
	237	211
	238	212
	241	215
	242	216
	245	219
	246	220
	248	222
	249	223
	252	226
	255	229
	256	230
	257	232
	258	232
	260	232
	262	234
	265	237
	266	238
	267	239
	269	241
	273	245
	275	246
	276	249
	277	250
	278	251
	279	252
	280	253
	281	254
	282	255
	284	258
	289	262
	293	266
	297	270
	298	271
	299	272
	302	275
	303	277
	304	278
	305	279
	307	281
	310	284
	314	288
	315	289
	317	291
	320	294
	321	295
	322	296
	325	299
	326	300
	328	301
	329	302
	332	305
	333	306
	334	307
	336	309
	339	312
	340	327
	343	313
	344	314
	345	315
	348	317
	349	318
	351	319
	352	320
	353	321
	356	323
	361	333
	362	334
	364	335
	365	336
	366	337
	367	338
	370	340
	375	346
	376	347
	378	348
	379	349
	380	350
	381	351
	382	352
	383	353
	387	357
	391	361
	392	362
	395	365
	396	366
	397	370
	398	371
	399	372
	402	367
	406	376
	410	380
	411	381
	415	385
	416	386
	417	387
	419	390
	420	391
	421	392
	423	395
	425	398
	429	402
	430	417
	433	403
	434	414
	437	404
	439	405
	440	406
	441	407
	442	408
	446	412
	450	422
	454	426
	458	430
	462	434
	466	438
	467	439
	468	440
	472	444
	473	445
	474	446
	478	450
	479	451
	480	452
	484	456
	488	460
com/mojang/blaze3d/pipeline/package-info	0	0
com/mojang/realmsclient/gui/screens/RealmsSelectFileToUploadScreen	220	222
	128	194
	129	200
	132	203
	133	204
	137	208
	142	213
	143	214
	147	217
	149	218
	150	219
	151	222
	27	27
	29	28
	30	29
	31	30
	32	31
	162	134
	163	135
	164	136
	167	140
	168	141
	170	143
	173	146
	174	147
	49	43
	177	150
	50	44
	178	151
	51	45
	52	46
	53	47
	54	48
	182	155
	183	156
	58	51
	59	52
	187	160
	60	54
	188	161
	61	55
	63	57
	64	58
	193	166
	66	60
	194	167
	196	169
	70	64
	199	172
	200	173
	73	67
	201	174
	74	68
	202	175
	75	69
	76	70
	77	71
	206	179
	207	181
	80	74
	208	182
	209	183
	82	76
	211	186
	84	78
	86	79
	87	80
	216	119
	89	82
	90	83
	91	84
	220	123
	93	86
	97	90
	101	94
	102	95
	103	96
	105	98
	109	102
	111	103
	112	104
	114	105
	115	106
	119	110
	120	111
	121	112
	123	114
net/minecraft/client/resources/IndexedAssetSource	51	51
	32	34
	33	35
	34	36
	35	37
	37	38
	38	39
	39	40
	40	41
	42	42
	45	45
	46	46
	47	47
	48	48
	51	51
	21	24
	22	25
	25	28
	27	29
	29	30
	30	32
	31	33
net/minecraft/client/model/HeadedModel	0	0
net/minecraft/client/gui/components/AbstractScrollWidget	175	173
	129	129
	133	133
	134	134
	137	137
	141	141
	145	145
	146	146
	20	20
	21	21
	149	149
	150	150
	151	151
	152	152
	25	25
	26	26
	155	155
	29	28
	157	156
	30	29
	158	157
	159	158
	32	34
	160	159
	33	35
	34	36
	162	160
	163	161
	164	162
	37	38
	167	165
	42	45
	43	46
	171	169
	45	49
	175	173
	50	54
	51	67
	54	55
	55	56
	56	57
	57	58
	59	60
	60	61
	61	62
	63	65
	68	73
	69	74
	72	77
	73	78
	78	83
	79	84
	80	85
	81	86
	82	87
	83	88
	84	89
	87	93
	92	98
	93	108
	96	99
	98	100
	100	101
	101	102
	102	103
	103	104
	105	105
	107	106
	108	108
	111	111
	115	115
	116	116
	118	118
	121	121
	125	125
net/minecraft/client/renderer/entity/CodRenderer	34	33
	16	19
	32	31
	34	33
	20	22
	25	26
	27	27
	12	15
	28	28
	30	29
	15	18
	31	30
net/minecraft/client/color/block/BlockTintCache	165	167
	128	74
	130	76
	131	78
	135	81
	136	82
	138	85
	139	86
	140	87
	143	90
	144	93
	146	93
	19	118
	149	96
	21	120
	150	97
	151	98
	153	101
	26	124
	155	102
	156	103
	28	127
	157	104
	29	128
	158	105
	30	129
	161	109
	33	132
	162	110
	34	135
	36	135
	165	112
	39	138
	41	140
	46	145
	47	146
	48	147
	52	151
	56	155
	57	156
	61	161
	62	167
	79	25
	80	26
	83	29
	84	30
	86	31
	87	32
	88	33
	89	34
	90	35
	92	38
	94	39
	95	40
	96	41
	97	42
	98	43
	99	44
	101	47
	102	48
	103	49
	108	54
	110	56
	111	57
	112	58
	113	59
	114	60
	115	61
	120	66
	121	68
	126	72
	127	73
com/mojang/blaze3d/platform/package-info	0	0
com/mojang/realmsclient/util/task/LongRunningTask	55	57
	32	34
	33	35
	37	39
	38	40
	41	43
	42	44
	13	16
	45	47
	49	51
	18	21
	19	22
	20	23
	52	54
	21	24
	23	26
	55	57
	27	29
	28	30
	29	31
com/mojang/realmsclient/util/task/ConnectTask	37	40
	32	35
	17	20
	18	21
	19	22
	20	23
	36	39
	37	40
	24	27
	25	28
	26	29
	30	33
	31	34
net/minecraft/client/gui/screens/inventory/tooltip/ClientTooltipPositioner	0	0
net/minecraft/client/gui/screens/recipebook/RecipeButton	159	150
	128	122
	129	123
	130	124
	133	127
	138	132
	140	133
	141	134
	142	135
	143	136
	144	136
	147	139
	150	141
	23	24
	154	145
	27	28
	159	150
	38	37
	39	38
	42	41
	43	42
	44	43
	46	44
	47	46
	48	47
	49	48
	50	49
	51	50
	54	53
	57	56
	62	61
	63	62
	66	65
	68	66
	69	67
	70	68
	72	71
	73	72
	74	73
	77	76
	78	77
	79	78
	81	79
	82	80
	83	81
	84	82
	86	83
	89	86
	91	87
	92	88
	94	89
	95	90
	96	91
	97	92
	98	93
	101	96
	103	97
	104	98
	106	100
	109	103
	110	104
	111	105
	113	108
	117	112
	121	116
	122	117
	126	121
net/minecraft/client/gui/screens/reporting/ChatSelectionScreen	454	439
	258	267
	262	271
	267	284
	289	302
	290	303
	291	304
	37	38
	293	307
	38	39
	294	308
	295	309
	296	311
	297	312
	298	313
	300	315
	301	316
	303	319
	304	320
	308	324
	309	325
	55	54
	56	55
	312	328
	57	56
	313	329
	58	57
	314	330
	59	58
	60	59
	316	331
	317	332
	64	63
	320	335
	321	336
	66	64
	322	337
	67	65
	68	66
	69	67
	325	340
	326	341
	71	68
	327	342
	72	68
	73	68
	329	343
	330	344
	75	69
	76	70
	77	71
	333	347
	78	72
	79	73
	336	350
	81	74
	337	351
	82	75
	83	76
	339	352
	340	353
	341	354
	86	79
	342	355
	345	358
	90	83
	346	359
	91	84
	92	85
	350	363
	95	88
	96	89
	99	92
	355	368
	100	93
	104	97
	360	373
	105	98
	361	374
	362	375
	107	99
	364	377
	109	100
	110	101
	111	102
	113	103
	369	383
	114	104
	370	383
	116	105
	372	383
	118	106
	119	107
	377	388
	123	111
	124	112
	382	393
	128	116
	387	398
	391	402
	136	125
	392	403
	137	126
	393	404
	394	405
	396	407
	141	130
	142	131
	143	132
	144	133
	146	135
	150	139
	151	140
	152	141
	408	420
	153	143
	409	421
	154	145
	410	422
	155	146
	411	423
	156	147
	159	151
	415	427
	160	153
	416	428
	417	429
	162	154
	163	155
	419	430
	164	156
	420	431
	421	432
	166	159
	167	160
	171	164
	172	165
	173	166
	174	167
	430	236
	175	168
	431	237
	179	172
	435	241
	436	242
	438	243
	439	244
	184	177
	440	245
	442	246
	443	247
	188	181
	447	251
	193	186
	194	187
	195	188
	196	189
	197	190
	454	439
	200	193
	201	194
	204	197
	205	198
	206	199
	207	200
	208	201
	210	203
	216	209
	221	213
	222	214
	223	215
	224	216
	226	218
	230	222
	231	223
	232	223
	234	223
	238	227
	243	278
	250	259
	254	263
net/minecraft/client/multiplayer/ClientHandshakePacketListenerImpl	175	179
	129	130
	134	134
	135	135
	136	136
	137	137
	138	148
	142	151
	143	152
	145	154
	147	156
	151	159
	156	163
	157	164
	161	167
	163	168
	165	170
	169	173
	42	44
	170	174
	171	175
	174	178
	175	179
	60	68
	61	69
	62	70
	63	71
	64	72
	65	73
	66	74
	67	75
	77	83
	78	84
	80	85
	82	86
	83	87
	85	88
	86	89
	87	90
	88	91
	91	94
	93	95
	94	96
	95	97
	96	98
	97	103
	99	99
	100	100
	104	106
	105	107
	106	108
	107	109
	112	114
	113	116
	114	117
	115	118
	116	119
	117	120
	118	121
	119	122
	120	123
	121	124
	122	125
	125	115
net/minecraft/client/multiplayer/resolver/ServerAddress	96	88
	65	61
	70	66
	71	67
	74	68
	11	12
	15	14
	79	74
	18	17
	19	18
	84	79
	85	80
	22	21
	23	22
	87	82
	88	82
	27	26
	91	82
	28	27
	29	28
	96	88
	34	33
	38	37
	39	38
	43	42
	44	43
	45	43
	47	43
	49	44
	50	45
	51	46
	57	52
	58	53
	59	54
	60	55
	61	56
	63	58
net/minecraft/client/sounds/MusicManager	75	72
	64	64
	65	65
	67	68
	68	69
	71	72
	72	72
	75	72
	23	24
	24	25
	27	28
	29	29
	30	30
	31	31
	32	32
	35	35
	36	36
	37	37
	41	41
	43	42
	44	43
	46	45
	49	48
	50	49
	51	50
	53	53
	54	54
	57	57
	58	58
	60	60
	63	63
net/minecraft/client/color/item/ItemColors	93	107
	65	69
	67	71
	68	72
	71	75
	72	77
	73	78
	75	92
	77	93
	78	94
	80	95
	84	99
	86	100
	26	26
	90	104
	91	105
	29	29
	93	107
	31	31
	32	38
	33	39
	34	40
	35	41
	38	44
	39	45
	40	46
	41	66
	44	47
	45	48
	48	51
	49	52
	50	53
	52	55
	53	56
	54	57
	55	58
	58	61
	59	62
	60	63
	62	64
net/minecraft/client/renderer/entity/SnifferRenderer	18	19
	18	19
	10	12
	13	15
	14	16
net/minecraft/client/gui/screens/inventory/GrindstoneScreen	34	35
	32	33
	34	35
	10	13
	13	16
	14	17
	18	21
	20	22
	21	23
	22	24
	23	25
	27	29
	28	30
	29	31
	31	32
net/minecraft/client/ResourceLoadStateTracker	108	110
	64	68
	66	69
	67	70
	68	71
	69	72
	71	74
	16	18
	84	99
	85	100
	86	101
	24	24
	25	25
	89	104
	26	26
	90	105
	91	106
	28	29
	29	32
	93	107
	94	108
	32	35
	96	110
	33	36
	34	37
	100	79
	37	40
	101	80
	38	41
	102	81
	41	44
	42	45
	107	86
	44	47
	108	87
	46	49
	49	52
	50	53
	51	54
	52	55
	54	57
	60	64
	61	65
com/mojang/blaze3d/vertex/DefaultVertexFormat	108	96
	7	9
	8	10
	9	11
	10	12
	11	13
	12	14
	13	15
	15	16
	17	18
	18	18
	19	18
	20	18
	21	18
	23	21
	24	22
	25	23
	26	24
	27	25
	28	26
	29	27
	30	28
	32	31
	33	32
	34	33
	35	34
	36	35
	37	36
	38	37
	39	38
	40	39
	42	42
	43	43
	44	44
	45	45
	46	46
	47	47
	49	49
	50	49
	51	49
	53	51
	54	51
	55	51
	56	51
	58	54
	59	55
	60	56
	61	57
	62	58
	63	59
	65	62
	66	62
	67	62
	68	62
	69	62
	71	65
	72	65
	73	65
	74	65
	76	68
	77	68
	78	68
	79	68
	80	68
	82	71
	83	71
	84	71
	85	71
	86	71
	88	74
	89	75
	90	76
	91	77
	92	78
	93	79
	95	82
	96	83
	97	84
	98	85
	99	86
	100	87
	102	90
	103	91
	104	92
	105	93
	106	94
	107	95
	108	96
com/mojang/realmsclient/dto/RealmsServerPlayerLists	40	39
	32	31
	33	32
	36	35
	37	36
	40	39
	15	17
	20	21
	21	22
	24	25
	25	26
	27	27
	28	28
	30	29
net/minecraft/client/particle/SplashParticle	28	31
	21	25
	22	26
	8	11
	9	12
	10	13
	26	29
	11	14
	27	30
	12	15
	28	31
	13	16
	15	18
net/minecraft/client/gui/components/CommonButtons	23	26
	17	20
	18	20
	21	21
	22	24
	7	10
	23	26
	8	10
	11	11
	12	14
	13	16
net/minecraft/client/model/HumanoidArmorModel	30	32
	14	16
	15	17
	18	20
	19	21
	20	22
	21	24
	22	24
	23	25
	25	27
	26	29
	27	29
	28	30
	30	32
net/minecraft/client/particle/ReversePortalParticle	49	48
	33	31
	34	32
	35	33
	36	35
	8	11
	10	12
	42	42
	11	13
	43	43
	12	14
	47	46
	16	18
	48	47
	17	19
	49	48
	22	24
	23	25
	24	26
	26	27
	27	28
	28	35
	31	30
net/minecraft/client/gui/screens/inventory/AnvilScreen	142	137
	130	125
	131	126
	133	128
	137	132
	138	133
	139	134
	140	135
	142	137
	18	20
	19	21
	24	26
	25	27
	26	28
	27	29
	31	33
	32	34
	33	35
	37	39
	38	40
	40	41
	41	42
	42	43
	43	44
	44	45
	45	46
	46	47
	47	48
	48	49
	49	50
	50	51
	51	52
	55	56
	56	57
	57	58
	58	59
	62	63
	63	64
	66	67
	67	67
	69	67
	73	71
	74	72
	75	82
	78	73
	79	74
	80	75
	83	78
	84	79
	86	82
	90	86
	92	87
	93	88
	94	89
	96	91
	97	92
	98	93
	99	94
	100	95
	102	97
	103	98
	104	99
	108	103
	109	104
	110	105
	111	106
	112	107
	115	110
	119	114
	120	115
	121	116
	125	120
	126	121
net/minecraft/client/gui/screens/advancements/AdvancementWidget	278	277
	257	253
	258	254
	259	255
	260	256
	261	257
	265	264
	266	265
	267	266
	268	267
	271	270
	274	273
	278	277
	24	26
	37	39
	55	56
	56	57
	57	58
	58	59
	59	60
	60	61
	61	62
	63	63
	64	64
	65	65
	66	66
	67	67
	68	72
	69	73
	71	76
	72	77
	75	80
	79	84
	81	85
	82	86
	84	88
	85	89
	86	90
	87	91
	88	92
	90	95
	91	96
	92	97
	96	101
	102	107
	103	108
	104	110
	105	110
	107	110
	111	114
	112	115
	113	116
	114	117
	115	118
	116	119
	117	120
	118	121
	119	122
	120	123
	121	124
	122	125
	123	126
	124	127
	125	128
	126	129
	128	131
	129	132
	130	133
	134	137
	135	138
	137	140
	140	143
	141	144
	144	146
	145	147
	147	149
	150	152
	151	153
	154	156
	155	157
	157	159
	160	162
	164	166
	165	167
	168	170
	169	171
	172	174
	173	175
	174	176
	175	177
	176	178
	180	179
	182	183
	183	184
	184	185
	185	186
	186	187
	187	188
	188	189
	189	190
	190	191
	191	192
	192	193
	193	194
	194	195
	195	196
	196	197
	198	199
	199	200
	200	201
	202	204
	204	205
	206	206
	208	208
	209	209
	211	211
	214	214
	215	215
	216	216
	217	217
	219	219
	223	223
	224	224
	226	225
	228	226
	229	227
	230	228
	231	229
	234	232
	235	233
	236	234
	240	238
	241	239
	242	240
	245	243
	246	244
	250	248
	251	249
	254	252
	255	259
net/minecraft/client/gui/components/toasts/AdvancementToast	61	62
	20	22
	21	23
	25	27
	26	28
	28	29
	29	30
	30	31
	32	32
	33	33
	34	34
	36	36
	37	37
	38	38
	39	39
	40	40
	42	42
	43	43
	44	45
	45	46
	46	47
	51	52
	52	53
	53	54
	54	55
	58	59
	59	60
	61	62
net/minecraft/client/renderer/block/model/ItemOverride	75	77
	32	35
	66	68
	67	69
	68	70
	38	41
	71	73
	40	42
	41	43
	43	44
	75	77
	47	48
	49	49
	50	51
	51	52
	52	52
	53	52
	23	26
	24	27
	25	28
	57	57
	28	31
net/minecraft/client/renderer/entity/layers/ItemInHandLayer	67	63
	64	60
	66	61
	67	63
	19	22
	20	23
	21	24
	25	27
	27	28
	28	29
	30	30
	31	42
	34	31
	36	32
	37	33
	38	34
	39	35
	42	38
	43	39
	45	40
	46	42
	49	53
	50	63
	53	54
	54	55
	57	56
	58	57
	61	58
	62	59
net/minecraft/client/particle/ParticleProvider	0	0
net/minecraft/client/model/LlamaModel	118	119
	29	30
	30	31
	31	32
	32	33
	33	34
	34	35
	35	36
	36	37
	37	38
	40	41
	41	42
	43	43
	44	45
	45	46
	46	48
	47	50
	48	52
	49	54
	51	56
	52	58
	53	58
	54	59
	56	61
	57	63
	58	63
	59	64
	61	66
	62	68
	63	68
	64	69
	66	71
	67	72
	68	73
	69	73
	70	74
	71	75
	72	76
	73	77
	75	78
	80	82
	81	83
	83	84
	84	85
	85	86
	86	87
	87	88
	88	89
	89	90
	90	91
	94	95
	95	96
	96	97
	97	98
	98	99
	99	100
	100	101
	102	102
	103	103
	104	104
	105	105
	106	106
	107	107
	109	108
	110	109
	111	110
	112	111
	113	113
	114	114
	116	117
	118	119
net/minecraft/client/gui/components/Whence	0	0
net/minecraft/client/renderer/entity/CaveSpiderRenderer	24	25
	19	21
	20	22
	24	25
	9	12
	13	16
	14	17
	15	18
net/minecraft/client/gui/screens/ErrorScreen	35	37
	18	21
	35	37
	20	23
	21	25
	25	29
	27	30
	12	15
	28	31
	13	16
	14	17
	30	32
	31	33
net/minecraft/client/resources/sounds/UnderwaterAmbientSoundInstances	62	62
	14	17
	16	18
	17	19
	18	20
	19	21
	20	22
	21	23
	25	27
	26	28
	28	30
	38	40
	40	41
	41	42
	42	43
	43	44
	44	45
	45	46
	49	50
	50	60
	51	62
	54	51
	55	52
	57	54
	60	57
	61	58
	62	62
net/minecraft/client/PrioritizeChunkUpdates	35	34
	35	34
	20	21
	21	22
	22	23
	9	12
	10	13
	26	26
	11	14
	14	16
	31	30
com/mojang/realmsclient/KeyCombo	44	46
	32	34
	34	37
	38	41
	39	42
	11	14
	43	46
	12	15
	44	46
	13	16
	15	19
	16	20
	19	23
	20	24
	23	27
	24	28
	26	29
	27	30
	28	31
com/mojang/blaze3d/FieldsAreNonnullByDefault	0	0
net/minecraft/client/renderer/entity/layers/CreeperPowerLayer	33	35
	17	19
	33	35
	18	20
	19	21
	23	25
	12	15
	28	30
net/minecraft/client/resources/sounds/AbstractSoundInstance	113	117
	68	72
	73	77
	78	82
	83	87
	88	92
	26	29
	27	30
	93	97
	30	33
	31	34
	32	35
	33	36
	98	102
	37	40
	103	107
	42	45
	43	46
	44	47
	108	112
	46	50
	47	51
	48	52
	113	117
	50	54
	53	57
	58	62
	63	67
net/minecraft/client/gui/screens/Overlay	7	10
	7	10
net/minecraft/client/model/GoatModel	69	73
	65	69
	66	70
	67	71
	69	73
	14	16
	15	17
	18	20
	19	21
	21	22
	22	24
	23	25
	24	27
	25	30
	26	32
	28	34
	29	35
	30	35
	31	35
	33	37
	34	38
	35	38
	36	38
	38	40
	39	42
	40	42
	41	43
	43	45
	44	47
	45	47
	46	47
	47	48
	50	50
	51	53
	52	56
	53	59
	55	62
	60	66
	61	67
	63	68
net/minecraft/client/renderer/texture/MipmapGenerator	133	139
	129	135
	133	139
	8	18
	11	11
	12	12
	13	13
	15	15
	18	21
	19	22
	21	25
	22	26
	24	27
	26	29
	27	30
	28	31
	30	33
	31	34
	33	35
	34	36
	36	38
	37	39
	38	43
	39	44
	40	45
	41	46
	42	47
	48	54
	52	58
	56	62
	57	63
	58	64
	59	65
	63	70
	67	74
	68	75
	69	76
	70	77
	71	78
	73	79
	74	80
	75	81
	76	82
	77	83
	79	86
	80	87
	81	88
	82	89
	83	90
	85	93
	86	94
	87	95
	88	96
	89	97
	91	100
	92	101
	93	102
	94	103
	95	104
	98	107
	99	108
	100	109
	101	110
	103	111
	104	112
	105	113
	106	114
	108	115
	109	116
	111	119
	113	121
	114	122
	115	123
	116	124
	118	125
	123	130
	124	131
	125	132
	126	133
	127	134
net/minecraft/client/model/HoglinModel	146	123
	128	108
	129	109
	130	110
	132	111
	134	112
	137	114
	138	115
	141	118
	142	119
	143	120
	144	121
	145	122
	146	123
	32	32
	33	33
	34	34
	35	35
	36	36
	37	37
	38	38
	39	39
	40	40
	41	41
	42	42
	45	45
	46	46
	48	47
	49	48
	50	48
	51	48
	52	50
	53	52
	54	52
	55	53
	57	55
	58	57
	59	57
	60	58
	62	60
	63	62
	64	62
	65	63
	67	65
	68	67
	69	67
	70	68
	72	70
	73	71
	74	71
	75	71
	77	73
	78	74
	79	74
	80	74
	83	76
	84	77
	85	78
	86	79
	87	79
	88	79
	90	81
	91	82
	92	82
	93	82
	95	84
	96	85
	97	85
	98	85
	100	87
	101	88
	102	88
	103	88
	106	90
	111	95
	116	100
	121	104
	122	105
	123	106
	125	107
net/minecraft/client/particle/SnowflakeParticle	50	50
	32	33
	34	34
	35	35
	36	36
	37	37
	10	13
	11	14
	43	44
	12	15
	44	45
	13	16
	14	17
	15	18
	16	19
	48	48
	49	49
	18	20
	50	50
	20	21
	21	22
	22	23
	26	27
	31	32
net/minecraft/client/model/SnowGolemModel	87	73
	64	54
	65	55
	66	56
	68	57
	69	58
	71	59
	72	60
	74	61
	75	62
	77	63
	78	64
	79	65
	83	69
	87	73
	24	25
	25	26
	26	27
	27	28
	28	29
	29	30
	32	33
	33	34
	34	35
	36	36
	38	37
	39	38
	40	38
	41	38
	43	40
	44	40
	45	41
	46	42
	48	43
	49	44
	50	44
	51	44
	53	46
	54	47
	55	47
	56	47
	59	49
net/minecraft/client/renderer/entity/layers/HorseArmorLayer	53	52
	32	31
	33	32
	34	33
	35	34
	41	38
	42	39
	43	40
	44	41
	45	42
	47	44
	48	45
	49	46
	51	49
	52	50
	21	24
	53	52
	22	25
	23	26
	27	29
	28	30
	29	52
net/minecraft/client/renderer/ScreenEffectRenderer	185	162
	27	29
	30	32
	31	33
	32	34
	33	35
	34	36
	38	40
	39	41
	40	42
	43	45
	44	46
	47	49
	51	53
	52	55
	53	56
	54	57
	55	58
	57	59
	58	60
	59	61
	60	62
	63	66
	67	70
	68	71
	70	72
	72	73
	74	74
	75	75
	76	76
	77	77
	78	78
	80	79
	81	80
	82	81
	83	82
	85	83
	87	84
	88	85
	89	86
	90	87
	91	88
	92	89
	93	90
	96	93
	98	94
	100	95
	103	96
	104	97
	106	98
	107	99
	109	100
	111	101
	112	102
	113	103
	114	104
	115	105
	117	106
	118	107
	120	108
	122	109
	123	110
	124	111
	125	112
	126	113
	127	114
	129	115
	130	116
	131	117
	134	120
	136	121
	138	122
	139	123
	140	124
	142	125
	143	126
	145	127
	146	128
	147	129
	149	130
	150	131
	151	132
	153	133
	155	134
	156	135
	157	136
	158	137
	160	138
	161	140
	162	141
	164	142
	165	143
	166	144
	167	145
	168	146
	169	147
	170	148
	172	149
	174	150
	175	151
	176	152
	177	153
	178	154
	179	155
	180	156
	182	159
	183	160
	184	161
	185	162
com/mojang/realmsclient/gui/RealmsDataFetcher	37	39
	32	32
	33	33
	34	35
	35	37
	36	38
	37	39
	31	31
net/minecraft/client/gui/screens/MenuScreens	117	115
	37	39
	40	43
	41	44
	42	53
	45	46
	46	47
	48	48
	49	53
	51	50
	52	53
	57	57
	62	112
	64	113
	65	114
	66	115
	71	40
	74	63
	75	64
	76	65
	78	67
	81	83
	82	84
	83	85
	84	86
	85	87
	86	88
	88	89
	90	90
	91	91
	92	92
	93	93
	94	94
	95	95
	96	96
	97	97
	98	98
	99	99
	100	100
	101	101
	102	102
	103	103
	104	104
	105	105
	106	106
	107	107
	110	70
	111	72
	112	73
	113	74
	114	75
	117	79
net/minecraft/client/gui/layouts/AbstractLayout	85	89
	66	70
	70	74
	74	78
	75	79
	12	15
	76	80
	13	16
	77	81
	14	17
	78	82
	15	18
	16	19
	81	85
	82	86
	83	87
	20	23
	84	88
	21	24
	85	89
	22	25
	23	26
	24	27
	25	28
	29	32
	30	33
	31	34
	32	35
	33	36
	34	37
	38	41
	43	46
	48	51
	53	56
	61	65
	62	66
	63	67
net/minecraft/client/renderer/entity/AxolotlRenderer	26	28
	16	19
	18	21
	21	24
	22	25
	26	28
	14	17
	15	18
net/minecraft/client/resources/PaintingTextureManager	21	24
	17	20
	21	24
	10	13
	13	16
	14	17
net/minecraft/client/renderer/CubeMap	131	128
	128	124
	129	125
	131	128
	26	26
	27	27
	29	29
	32	32
	33	33
	35	34
	37	35
	38	36
	40	37
	41	38
	42	39
	43	40
	44	41
	46	42
	48	43
	49	44
	50	45
	51	46
	53	48
	54	49
	55	50
	56	51
	57	52
	59	53
	61	54
	62	55
	64	56
	66	58
	67	59
	68	60
	69	61
	70	62
	71	63
	72	64
	73	65
	74	66
	76	69
	77	70
	78	71
	79	72
	80	73
	82	76
	83	77
	84	78
	85	79
	86	80
	88	83
	89	84
	90	85
	91	86
	92	87
	94	90
	95	91
	96	92
	97	93
	98	94
	100	97
	101	98
	102	99
	103	100
	104	101
	106	104
	108	107
	109	108
	111	109
	113	112
	115	113
	117	114
	118	115
	120	116
	121	117
	123	118
	124	119
	127	122
com/mojang/blaze3d/vertex/VertexBuffer	223	219
	30	29
	31	30
	32	31
	33	32
	34	33
	35	34
	38	37
	39	51
	42	38
	45	41
	47	42
	48	43
	50	44
	51	45
	52	46
	54	48
	55	51
	59	54
	60	55
	61	56
	62	57
	64	60
	65	61
	66	62
	69	65
	70	66
	71	67
	74	70
	77	73
	82	78
	83	84
	85	85
	86	86
	89	89
	91	79
	92	80
	94	81
	99	93
	100	94
	101	95
	104	98
	105	99
	106	100
	109	103
	110	104
	113	107
	114	108
	118	112
	119	113
	120	113
	121	113
	123	115
	125	117
	128	120
	129	121
	130	122
	133	125
	134	126
	136	129
	137	130
	139	133
	140	134
	143	137
	144	138
	146	141
	147	142
	149	145
	150	146
	152	149
	153	150
	155	153
	156	154
	158	157
	159	158
	162	161
	163	162
	165	165
	166	166
	169	169
	170	170
	171	171
	174	174
	175	175
	178	178
	180	179
	181	180
	182	181
	183	182
	187	186
	188	187
	189	188
	191	191
	192	192
	193	193
	195	196
	196	197
	197	198
	199	200
	202	203
	206	207
	213	212
	216	213
	222	218
	223	219
net/minecraft/client/gui/screens/TitleScreen	342	437
	256	345
	258	379
	261	346
	262	347
	265	350
	266	351
	269	354
	271	355
	272	356
	274	358
	277	361
	278	362
	281	365
	283	367
	284	368
	285	369
	289	373
	291	374
	292	375
	293	376
	295	379
	299	383
	300	383
	303	383
	48	51
	51	53
	52	54
	53	55
	312	388
	313	389
	315	391
	319	395
	320	396
	321	397
	323	399
	326	402
	71	69
	72	70
	328	408
	329	407
	330	423
	75	73
	331	424
	76	74
	332	425
	79	77
	335	429
	80	78
	336	430
	81	79
	82	80
	340	435
	85	83
	341	436
	342	437
	90	88
	91	89
	93	92
	94	93
	97	96
	98	97
	99	98
	100	99
	101	100
	107	106
	112	111
	117	116
	118	117
	120	120
	121	121
	123	122
	124	123
	126	124
	127	125
	129	127
	132	142
	133	147
	134	152
	135	166
	136	171
	138	173
	140	174
	141	175
	144	178
	145	179
	148	182
	149	183
	151	184
	156	187
	159	191
	160	195
	161	196
	163	197
	164	198
	165	199
	167	200
	168	201
	169	203
	170	209
	174	213
	175	214
	178	216
	179	217
	180	218
	181	219
	183	220
	187	222
	191	228
	193	229
	194	233
	195	234
	197	236
	199	240
	200	245
	201	249
	203	268
	204	255
	205	256
	206	258
	207	261
	208	262
	209	263
	213	283
	214	284
	215	285
	217	287
	218	292
	219	293
	223	302
	224	318
	225	319
	226	320
	227	321
	229	322
	233	327
	234	328
	238	332
	239	333
	241	336
	243	337
	245	338
	246	339
	247	340
	248	341
	250	342
	252	343
	254	344
net/minecraft/client/gui/screens/worldselection/WorldCreationUiState	311	302
	257	245
	259	247
	262	290
	265	293
	266	295
	267	296
	271	302
	276	250
	280	254
	284	258
	285	259
	30	31
	286	260
	289	263
	293	268
	294	269
	295	270
	297	271
	305	278
	306	279
	307	280
	308	281
	54	50
	55	51
	311	284
	56	52
	57	53
	58	54
	59	55
	60	56
	61	57
	62	58
	65	61
	66	62
	69	65
	70	66
	71	67
	73	70
	74	71
	75	72
	77	75
	78	76
	80	78
	83	81
	84	82
	85	83
	86	84
	89	87
	91	90
	95	93
	96	94
	97	95
	102	101
	106	105
	110	109
	111	110
	112	111
	115	114
	116	114
	118	114
	122	118
	123	119
	124	120
	127	123
	128	123
	130	123
	134	127
	138	131
	139	132
	140	133
	143	136
	144	137
	146	138
	147	139
	149	141
	150	141
	152	141
	156	146
	157	147
	158	148
	159	149
	162	152
	166	156
	167	157
	168	158
	171	161
	172	161
	174	161
	178	165
	179	166
	180	167
	183	170
	184	170
	186	170
	190	174
	191	175
	192	176
	193	177
	196	180
	200	184
	201	185
	202	186
	205	189
	206	190
	207	191
	210	192
	211	200
	213	202
	217	207
	221	211
	222	212
	223	213
	224	214
	226	216
	229	219
	234	224
	235	225
	239	229
	243	233
	247	237
	249	238
	250	240
	251	241
	252	242
	253	243
	254	244
net/minecraft/client/renderer/entity/layers/WolfCollarLayer	27	25
	20	21
	21	25
	24	22
	26	23
	11	14
	27	25
	14	17
	15	18
net/minecraft/client/server/LanServerPinger	104	95
	65	61
	66	62
	69	65
	73	69
	74	70
	75	71
	77	74
	78	75
	15	17
	79	75
	16	18
	81	75
	85	79
	86	80
	87	81
	90	84
	91	85
	28	28
	29	29
	93	86
	30	30
	31	31
	32	32
	96	89
	97	90
	34	33
	98	91
	35	34
	100	94
	101	95
	102	95
	39	38
	40	39
	104	95
	42	41
	44	43
	46	44
	47	45
	48	46
	49	47
	50	48
	54	52
	55	53
	58	56
	62	60
net/minecraft/client/model/geom/ModelPart	356	342
	256	239
	257	240
	258	241
	259	242
	260	243
	262	244
	263	245
	264	246
	266	247
	267	248
	268	249
	270	252
	271	253
	274	256
	275	257
	277	260
	278	261
	280	264
	281	265
	283	268
	284	269
	286	271
	289	274
	290	275
	291	277
	292	278
	293	279
	294	280
	295	281
	40	39
	41	40
	297	283
	42	41
	298	284
	299	285
	300	286
	45	44
	301	287
	302	288
	49	48
	305	291
	53	52
	54	53
	57	56
	313	300
	58	57
	315	301
	316	302
	61	60
	317	303
	62	61
	318	304
	63	62
	319	305
	64	63
	320	306
	65	64
	66	65
	322	307
	67	66
	323	308
	68	67
	324	310
	69	68
	325	311
	70	69
	326	312
	327	313
	73	72
	74	73
	75	74
	331	317
	76	75
	332	318
	77	76
	333	319
	78	77
	79	78
	335	321
	80	79
	81	80
	82	81
	85	84
	89	88
	345	331
	90	89
	346	332
	91	90
	93	92
	349	335
	97	97
	353	339
	98	98
	354	340
	99	99
	355	341
	100	100
	356	342
	103	103
	104	104
	105	105
	106	106
	109	109
	110	110
	113	113
	114	128
	116	114
	117	128
	120	115
	121	116
	123	117
	124	118
	127	121
	128	122
	131	125
	132	128
	140	131
	141	132
	144	135
	145	148
	148	136
	149	137
	151	138
	152	140
	153	141
	156	144
	157	145
	158	145
	161	146
	162	148
	165	151
	166	152
	167	153
	169	156
	170	157
	172	159
	175	162
	176	163
	178	165
	181	168
	185	172
	189	176
	190	177
	191	178
	192	179
	195	182
	196	183
	197	184
	198	185
	201	188
	202	189
	203	190
	204	191
	207	194
	220	208
	221	209
	222	210
	223	211
	224	212
	225	213
	226	214
	228	215
	229	216
	230	217
	232	218
	233	219
	234	220
	235	221
	236	222
	237	223
	239	224
	240	225
	241	226
	242	227
	245	230
	246	231
	247	232
	248	233
	250	234
	251	235
	252	236
	253	237
	255	238
net/minecraft/client/renderer/entity/ArmorStandRenderer	74	66
	64	60
	67	62
	68	63
	69	64
	71	66
	72	66
	74	66
	20	22
	23	25
	24	26
	25	29
	26	30
	27	31
	29	34
	30	35
	31	36
	32	37
	36	40
	41	44
	43	45
	44	46
	45	47
	47	49
	51	52
	52	53
	53	54
	54	54
	57	54
	63	59
com/mojang/realmsclient/client/FileUpload	212	214
	128	130
	131	133
	132	134
	133	135
	135	138
	136	139
	137	140
	139	141
	141	143
	142	144
	143	145
	144	146
	145	147
	149	151
	152	154
	156	158
	157	159
	161	163
	162	163
	35	37
	163	163
	164	163
	168	167
	177	177
	178	178
	179	179
	180	180
	181	181
	185	185
	186	186
	59	57
	60	58
	188	189
	61	59
	62	60
	190	191
	63	61
	64	62
	192	192
	65	63
	193	193
	66	64
	194	194
	67	65
	70	68
	198	197
	71	72
	199	199
	200	200
	201	201
	74	69
	75	70
	76	72
	204	205
	205	206
	206	207
	79	75
	207	208
	80	76
	81	77
	82	78
	211	212
	84	80
	212	214
	87	83
	88	84
	89	85
	91	88
	92	89
	93	90
	95	93
	96	94
	97	95
	98	96
	99	97
	101	100
	102	101
	103	102
	104	103
	107	106
	109	109
	113	113
	114	114
	116	116
	117	117
	118	118
	121	121
	124	124
	125	126
	126	128
	127	129
net/minecraft/client/renderer/entity/VindicatorRenderer	29	33
	17	19
	20	24
	21	25
	23	27
	25	30
	12	15
	29	33
	15	18
net/minecraft/client/model/TropicalFishModelB	75	67
	65	56
	70	61
	71	62
	72	63
	74	66
	75	67
	19	21
	20	22
	21	23
	24	26
	25	27
	27	28
	29	29
	30	30
	31	30
	32	30
	34	32
	35	33
	36	33
	37	33
	39	35
	40	37
	41	37
	42	38
	44	40
	45	42
	46	42
	47	43
	49	45
	50	46
	51	46
	52	46
	54	48
	55	49
	56	49
	57	49
	60	51
net/minecraft/client/particle/BreakingItemParticle	77	78
	32	34
	33	35
	34	36
	36	37
	37	38
	38	39
	70	71
	42	43
	77	78
	47	48
	16	18
	17	19
	18	20
	19	21
	20	22
	52	53
	21	23
	22	24
	23	25
	57	58
	27	29
	31	33
	63	64
net/minecraft/client/model/TropicalFishModelA	70	64
	65	58
	66	59
	67	60
	69	63
	70	64
	19	21
	20	22
	21	23
	24	26
	25	27
	27	28
	29	29
	30	30
	31	30
	32	30
	34	32
	35	33
	36	33
	37	33
	39	35
	40	37
	41	37
	42	38
	44	40
	45	42
	46	42
	47	43
	49	45
	50	46
	51	46
	52	46
	55	48
	60	53
net/minecraft/client/renderer/entity/ZoglinRenderer	17	19
	17	19
	9	12
	12	15
	13	16
com/mojang/realmsclient/dto/package-info	0	0
net/minecraft/client/gui/screens/inventory/CartographyTableScreen	117	107
	17	18
	20	21
	21	22
	22	23
	26	27
	27	28
	28	29
	32	33
	34	34
	35	35
	36	36
	38	37
	39	38
	40	39
	41	40
	43	41
	47	42
	48	45
	49	46
	50	47
	51	48
	52	49
	53	50
	55	51
	56	52
	59	56
	60	57
	61	58
	65	62
	66	63
	69	66
	70	67
	73	72
	74	73
	76	74
	77	75
	78	76
	79	77
	80	78
	81	79
	83	80
	85	81
	86	82
	87	83
	89	84
	90	85
	91	86
	92	87
	94	88
	96	89
	97	90
	99	91
	101	93
	102	94
	104	96
	107	99
	108	100
	109	101
	110	102
	112	103
	113	104
	115	105
	117	107
net/minecraft/client/renderer/entity/IllusionerRenderer	53	56
	32	36
	37	40
	38	41
	39	42
	40	44
	41	45
	42	46
	43	47
	44	48
	14	17
	47	51
	17	20
	49	53
	19	21
	53	56
	22	26
	23	27
	25	29
	27	32
	28	33
net/minecraft/client/resources/model/SimpleBakedModel	132	141
	129	137
	66	77
	130	138
	132	141
	71	82
	76	87
	85	106
	86	107
	29	40
	30	41
	31	42
	32	43
	33	44
	97	102
	34	45
	98	103
	35	46
	36	47
	37	48
	101	110
	102	111
	103	112
	104	113
	41	52
	105	114
	106	115
	109	118
	46	57
	110	119
	114	123
	51	62
	115	124
	119	128
	56	67
	121	129
	61	72
	125	133
net/minecraft/client/model/StriderModel	158	136
	128	112
	129	113
	130	114
	131	115
	132	116
	134	117
	136	118
	137	119
	138	120
	140	121
	141	122
	142	123
	144	124
	145	125
	147	126
	148	127
	149	128
	151	129
	152	130
	153	131
	154	132
	158	136
	33	34
	34	35
	35	36
	36	37
	37	38
	38	39
	39	40
	40	41
	41	42
	42	43
	43	44
	46	47
	47	48
	49	49
	50	50
	51	50
	52	50
	54	52
	55	53
	56	53
	57	53
	59	55
	60	56
	61	56
	62	56
	65	58
	66	60
	67	60
	68	61
	70	63
	71	65
	72	65
	73	66
	75	68
	76	70
	77	70
	78	71
	80	73
	81	75
	82	75
	83	76
	85	78
	86	80
	87	80
	88	81
	90	83
	91	85
	92	85
	93	86
	96	88
	101	92
	103	93
	104	94
	105	95
	107	97
	108	98
	111	101
	113	102
	115	103
	116	104
	118	105
	119	106
	121	107
	122	108
	124	109
	125	110
	127	111
com/mojang/blaze3d/platform/GlStateManager	935	923
	34	35
	47	46
	52	51
	53	52
	54	53
	57	56
	58	57
	59	58
	62	61
	63	62
	64	63
	67	66
	68	67
	69	68
	72	71
	73	72
	74	73
	77	76
	78	77
	79	78
	80	79
	82	81
	85	84
	86	85
	87	86
	88	87
	90	89
	93	92
	94	93
	95	94
	98	97
	99	98
	100	99
	103	102
	104	103
	105	104
	106	105
	107	106
	109	108
	112	111
	113	112
	114	113
	115	114
	116	115
	117	116
	118	117
	120	119
	123	122
	124	123
	125	124
	128	127
	129	128
	133	132
	134	133
	135	134
	138	137
	139	138
	140	139
	143	142
	144	143
	148	147
	152	148
	153	150
	154	151
	157	154
	158	155
	159	156
	160	157
	161	158
	163	160
	164	161
	165	162
	166	163
	168	165
	169	167
	173	170
	174	171
	175	172
	178	175
	179	176
	183	180
	184	181
	185	182
	188	185
	189	186
	193	190
	194	191
	195	192
	198	195
	199	196
	200	197
	203	200
	204	201
	208	205
	209	206
	210	207
	213	210
	214	211
	215	212
	218	215
	219	216
	220	217
	223	220
	224	221
	225	222
	228	225
	229	226
	230	227
	233	230
	234	231
	235	232
	238	235
	239	236
	240	237
	243	240
	244	241
	245	242
	248	245
	249	246
	250	247
	253	250
	254	251
	255	252
	258	255
	259	256
	260	257
	263	260
	264	261
	265	262
	268	265
	269	266
	273	270
	274	271
	275	272
	278	275
	279	276
	283	280
	284	281
	288	285
	289	286
	290	287
	293	290
	294	291
	295	292
	298	295
	299	296
	300	297
	303	300
	304	301
	305	302
	309	306
	310	307
	314	311
	315	312
	316	313
	319	316
	320	317
	322	318
	323	319
	324	320
	326	323
	327	324
	330	327
	331	328
	332	329
	335	332
	336	333
	337	334
	340	337
	342	338
	343	339
	346	342
	347	343
	348	344
	351	347
	353	348
	354	349
	357	352
	359	353
	360	354
	363	357
	365	358
	366	359
	369	362
	371	363
	375	367
	377	368
	381	372
	383	373
	384	374
	387	377
	389	378
	390	379
	393	382
	395	383
	399	387
	401	388
	402	389
	405	392
	407	393
	411	397
	412	398
	413	399
	416	402
	417	403
	418	404
	421	407
	422	408
	426	412
	427	413
	431	417
	433	418
	434	419
	435	420
	436	421
	439	424
	441	425
	442	425
	443	425
	444	425
	445	426
	446	427
	449	430
	452	431
	453	431
	454	431
	455	432
	456	433
	459	436
	460	437
	461	438
	464	441
	465	442
	466	443
	469	446
	470	447
	471	448
	474	451
	475	452
	476	453
	479	456
	480	457
	481	458
	484	461
	485	462
	486	463
	487	464
	488	465
	490	467
	494	817
	495	818
	496	819
	497	820
	498	821
	499	822
	500	823
	501	824
	502	825
	503	826
	504	827
	505	828
	506	829
	507	830
	508	831
	509	832
	515	837
	516	838
	520	470
	521	471
	522	472
	525	475
	526	476
	527	477
	530	480
	531	481
	532	482
	533	483
	535	485
	538	488
	539	489
	540	490
	541	491
	543	493
	546	496
	547	497
	548	498
	551	501
	552	502
	553	503
	556	506
	557	507
	561	511
	562	512
	566	516
	567	517
	568	518
	571	521
	572	522
	573	524
	574	525
	575	526
	578	529
	581	532
	582	534
	583	535
	584	536
	585	537
	589	542
	590	543
	593	546
	594	547
	595	548
	596	549
	598	551
	601	554
	605	558
	606	559
	607	560
	610	563
	611	564
	612	565
	615	568
	616	569
	618	571
	620	573
	624	577
	626	578
	627	579
	628	580
	629	581
	630	582
	632	584
	633	586
	637	589
	638	590
	639	591
	642	594
	643	595
	644	596
	645	597
	646	598
	647	599
	648	600
	651	603
	652	604
	653	605
	654	606
	655	607
	656	608
	657	609
	659	611
	662	614
	663	615
	664	616
	665	617
	666	618
	667	619
	669	621
	672	624
	673	625
	674	626
	675	627
	677	629
	680	632
	681	633
	682	634
	683	635
	684	636
	685	637
	687	639
	690	642
	691	643
	692	644
	695	647
	696	648
	697	649
	700	652
	701	653
	702	654
	705	657
	706	658
	708	659
	709	660
	711	662
	714	665
	715	666
	716	667
	719	670
	720	671
	721	672
	724	675
	725	676
	726	677
	729	680
	730	681
	731	682
	734	685
	735	686
	736	687
	739	690
	740	691
	741	692
	744	695
	745	696
	746	697
	749	700
	750	701
	751	702
	754	705
	755	706
	756	707
	759	710
	760	711
	764	715
	765	716
	769	720
	770	721
	782	911
	786	915
	790	919
	794	923
	803	726
	804	727
	805	728
	806	729
	807	730
	811	785
	812	786
	813	787
	817	779
	818	780
	822	843
	823	844
	829	765
	830	766
	834	882
	836	884
	841	890
	842	891
	843	892
	844	893
	848	851
	852	771
	853	772
	854	773
	855	774
	863	739
	864	740
	867	743
	868	744
	871	747
	872	748
	875	751
	876	752
	877	753
	878	754
	879	755
	881	757
	884	760
	889	857
	890	858
	891	859
	892	860
	893	861
	894	862
	895	863
	896	864
	897	865
	898	866
	899	867
	900	868
	901	869
	902	870
	903	871
	909	876
	910	877
	915	793
	916	794
	917	795
	918	796
	919	797
	920	798
	921	799
	922	800
	923	801
	924	802
	925	803
	926	804
	927	805
	928	806
	934	811
	935	812
com/mojang/blaze3d/vertex/VertexSorting	28	32
	16	19
	20	23
	21	24
	22	25
	23	27
	8	11
	24	28
	9	12
	25	27
	27	31
	12	15
	28	32
net/minecraft/client/multiplayer/resolver/package-info	0	0
net/minecraft/client/renderer/chunk/RenderChunk	82	86
	65	68
	66	69
	70	73
	71	74
	72	75
	73	76
	74	77
	77	81
	78	82
	79	83
	80	84
	81	85
	82	86
	30	32
	31	33
	32	34
	33	35
	34	36
	36	38
	37	39
	38	41
	39	42
	42	45
	46	49
	51	53
	52	54
	53	55
	54	56
	55	57
	56	58
	57	59
	59	62
	60	63
	62	66
net/minecraft/client/multiplayer/MultiPlayerGameMode	538	501
	512	475
	516	479
	521	484
	525	488
	529	492
	533	496
	537	500
	538	501
	63	65
	79	80
	80	81
	81	82
	84	85
	85	86
	88	89
	89	90
	90	91
	91	92
	94	95
	95	96
	97	99
	98	100
	99	101
	102	104
	106	108
	107	109
	110	112
	111	113
	112	114
	113	115
	116	118
	118	119
	119	120
	123	123
	124	124
	127	127
	128	128
	130	129
	131	130
	132	131
	138	134
	142	138
	143	139
	146	142
	147	143
	150	146
	151	147
	152	148
	156	149
	157	150
	158	151
	161	153
	162	154
	163	155
	167	156
	169	159
	170	160
	175	161
	176	162
	177	163
	178	164
	180	167
	181	168
	183	170
	184	171
	185	172
	186	173
	187	174
	188	175
	190	178
	193	182
	197	186
	198	187
	199	188
	203	189
	204	190
	205	191
	206	192
	207	193
	209	195
	212	198
	214	199
	215	200
	216	201
	219	204
	220	205
	221	206
	222	207
	226	208
	227	209
	228	210
	230	212
	233	215
	234	216
	236	217
	237	218
	238	219
	241	222
	243	223
	244	224
	245	227
	246	229
	250	239
	252	240
	253	241
	254	242
	258	243
	259	244
	260	245
	263	247
	264	248
	265	249
	268	252
	269	253
	270	255
	272	253
	276	260
	277	261
	278	262
	279	263
	281	265
	284	268
	285	268
	287	268
	291	272
	293	273
	294	274
	296	276
	298	278
	303	281
	304	282
	308	286
	309	287
	310	288
	311	289
	313	291
	316	294
	318	295
	319	296
	322	299
	323	300
	324	301
	325	302
	328	304
	332	308
	333	309
	334	310
	335	311
	339	314
	340	315
	342	316
	343	317
	344	318
	345	319
	347	322
	348	323
	349	324
	353	328
	354	341
	358	329
	360	331
	362	332
	363	333
	364	334
	366	336
	368	339
	372	346
	373	347
	375	350
	377	351
	378	352
	379	353
	380	354
	381	355
	382	356
	383	357
	384	358
	387	361
	390	362
	391	363
	392	364
	394	367
	395	368
	397	370
	401	374
	405	378
	409	382
	410	383
	411	384
	412	385
	413	386
	415	388
	418	391
	419	392
	420	393
	421	393
	423	393
	427	397
	428	398
	429	399
	430	400
	431	400
	433	400
	438	404
	439	405
	440	406
	441	430
	443	408
	444	409
	445	410
	446	412
	447	413
	450	416
	452	417
	453	419
	454	420
	455	421
	456	422
	457	423
	461	427
	462	430
	465	433
	466	434
	469	437
	470	438
	473	441
	474	442
	476	444
	479	447
	480	448
	482	450
	485	453
	486	454
	487	455
	488	456
	491	459
	495	463
	499	467
	503	471
net/minecraft/client/renderer/entity/ItemRenderer	277	281
	256	244
	257	245
	261	258
	262	259
	265	273
	266	277
	269	274
	271	275
	272	277
	276	280
	277	281
	46	48
	47	49
	49	50
	64	57
	65	58
	67	59
	68	60
	77	74
	78	75
	79	76
	80	77
	82	79
	83	80
	84	81
	87	85
	88	86
	91	89
	96	93
	97	94
	98	96
	99	97
	100	98
	102	101
	103	102
	104	103
	107	115
	108	170
	111	116
	113	117
	115	120
	116	121
	117	122
	118	123
	119	124
	122	128
	124	129
	125	130
	126	165
	131	132
	132	133
	133	134
	135	136
	138	139
	141	141
	143	142
	144	143
	145	144
	146	145
	147	146
	148	147
	150	150
	151	151
	153	153
	155	156
	157	157
	158	158
	160	160
	164	163
	166	168
	167	170
	170	173
	174	177
	175	178
	176	179
	177	179
	180	181
	184	185
	185	186
	186	187
	191	192
	192	193
	193	194
	198	199
	199	200
	200	201
	201	201
	202	201
	206	202
	207	202
	208	202
	211	204
	215	209
	216	210
	217	211
	218	211
	221	213
	225	217
	227	218
	229	220
	230	221
	231	222
	232	223
	235	226
	236	227
	237	228
	238	229
	240	231
	245	235
	246	236
	247	237
	248	238
	250	240
	254	243
net/minecraft/client/gui/font/FontSet	190	178
	129	122
	130	122
	133	122
	137	126
	141	130
	142	131
	143	132
	144	133
	148	137
	152	141
	25	27
	156	145
	157	146
	158	147
	159	148
	163	152
	164	153
	165	154
	166	157
	167	158
	168	159
	41	40
	169	160
	42	41
	43	42
	171	161
	46	45
	47	46
	175	165
	176	166
	49	47
	177	166
	50	48
	51	49
	179	166
	53	50
	54	51
	183	170
	56	52
	57	54
	58	55
	187	175
	61	58
	62	59
	190	178
	63	60
	64	61
	65	62
	66	63
	67	64
	68	65
	73	70
	75	71
	76	72
	80	76
	81	77
	82	78
	85	81
	86	82
	88	85
	89	86
	92	89
	93	90
	95	93
	96	94
	99	97
	100	98
	101	102
	104	99
	105	100
	113	107
	115	109
	116	110
	117	111
	121	112
	122	113
	124	116
	125	117
com/mojang/realmsclient/gui/screens/RealmsSubscriptionInfoScreen	172	165
	129	129
	134	135
	136	136
	138	137
	139	138
	140	139
	142	140
	143	141
	144	142
	145	143
	148	146
	150	147
	151	148
	154	151
	155	152
	28	29
	156	153
	157	154
	30	30
	31	31
	32	32
	160	156
	33	33
	161	157
	34	34
	162	158
	35	35
	163	159
	36	36
	37	37
	165	160
	166	161
	167	162
	168	163
	169	165
	170	165
	172	165
	49	47
	50	48
	51	49
	52	50
	53	51
	57	55
	59	56
	60	57
	61	58
	62	59
	63	60
	65	61
	66	62
	67	63
	68	64
	69	65
	70	66
	72	68
	75	72
	76	74
	80	78
	84	82
	85	83
	89	87
	90	88
	91	89
	92	90
	95	94
	96	95
	97	97
	100	100
	101	101
	104	104
	106	107
	107	108
	108	109
	109	110
	110	111
	111	112
	112	113
	114	115
	117	118
	119	119
	120	120
	125	125
	126	126
	127	127
com/mojang/blaze3d/systems/RenderSystem	1470	1023
	1025	670
	1028	673
	1034	674
	1036	675
	1039	678
	1045	679
	1047	680
	1050	683
	1056	684
	1058	685
	1061	688
	1067	689
	1069	690
	48	48
	1072	693
	49	49
	1078	694
	1080	695
	1083	698
	60	57
	63	59
	65	60
	1089	699
	66	61
	67	62
	1091	700
	68	63
	69	64
	70	65
	1094	703
	71	66
	72	67
	73	68
	74	69
	75	70
	76	71
	77	72
	1101	704
	78	73
	1102	705
	79	74
	80	75
	1104	706
	81	76
	83	77
	1107	709
	86	80
	87	81
	1113	710
	1115	711
	94	85
	1118	714
	96	86
	98	87
	1122	715
	100	89
	1124	716
	101	90
	102	91
	1127	719
	104	92
	1131	720
	108	94
	1133	721
	110	95
	1136	724
	116	99
	1140	725
	1142	726
	119	102
	120	105
	1145	729
	122	103
	1146	730
	123	107
	1149	733
	1150	734
	127	110
	1151	735
	1153	738
	1154	739
	1156	741
	133	114
	1159	744
	1160	745
	137	118
	1161	745
	138	119
	1162	745
	139	122
	1164	747
	141	120
	142	124
	1166	749
	1169	752
	146	127
	1170	753
	1171	753
	1172	753
	1174	755
	152	131
	1176	757
	153	132
	155	134
	1179	760
	1180	761
	158	137
	159	140
	1184	766
	161	138
	1185	768
	165	143
	1189	772
	166	146
	1190	773
	1191	774
	168	144
	1192	782
	1195	776
	172	149
	1196	777
	173	150
	1198	778
	175	152
	1199	779
	1200	780
	1201	782
	178	155
	179	156
	1204	785
	181	158
	1205	786
	1206	786
	1207	786
	184	161
	1209	788
	1211	790
	189	165
	1215	794
	1216	795
	195	169
	196	170
	1220	799
	1221	800
	1222	800
	199	173
	1223	800
	200	174
	201	175
	1225	802
	203	176
	1227	804
	204	177
	1230	807
	207	180
	1231	808
	1232	809
	1233	810
	1235	812
	212	184
	213	185
	1238	815
	1239	816
	216	186
	1240	816
	1241	816
	218	187
	219	188
	1243	818
	220	189
	1245	820
	223	192
	224	194
	1248	823
	225	195
	1249	824
	226	196
	1251	826
	228	199
	229	200
	1254	829
	1255	830
	1256	830
	234	203
	1258	830
	235	206
	236	206
	237	207
	238	206
	1262	834
	1263	835
	240	210
	1264	836
	241	211
	1265	837
	1266	838
	1267	839
	245	214
	1269	841
	1270	842
	1272	844
	249	215
	251	216
	1275	847
	1276	848
	1277	849
	254	219
	1278	849
	1279	849
	1281	851
	258	220
	1283	853
	260	221
	1286	856
	263	224
	1287	857
	1288	858
	1289	858
	1290	858
	1292	860
	270	225
	1294	862
	271	226
	273	227
	1297	865
	1298	866
	1299	866
	276	230
	1300	866
	1302	868
	280	231
	1304	870
	282	232
	1307	873
	1308	874
	285	235
	1309	875
	1310	875
	1311	875
	1313	877
	291	236
	1315	879
	293	237
	1318	882
	1319	883
	296	240
	1320	883
	1321	883
	1323	885
	1325	887
	302	241
	304	242
	1328	890
	1329	891
	1330	892
	307	245
	1333	895
	1334	896
	311	246
	1335	896
	1336	896
	313	247
	1338	898
	1340	900
	317	250
	1343	903
	1344	904
	321	251
	1345	905
	323	252
	1348	908
	1349	909
	326	255
	1353	913
	1354	914
	332	256
	334	257
	1358	918
	1359	919
	337	260
	1363	923
	343	261
	1367	927
	1368	928
	345	262
	348	270
	1372	932
	1373	934
	1374	935
	1375	936
	1376	937
	354	271
	356	272
	1381	942
	1382	943
	359	275
	1383	944
	1384	944
	1385	944
	1387	946
	365	276
	1389	948
	367	277
	1392	951
	1393	952
	370	280
	1397	956
	1398	957
	376	281
	378	282
	381	285
	385	286
	387	287
	1411	970
	1412	971
	1413	972
	390	290
	1414	973
	1417	976
	394	291
	396	292
	1421	980
	1422	981
	400	295
	1424	984
	1426	985
	1427	986
	406	296
	1430	989
	1431	1010
	408	297
	1434	990
	411	300
	1435	991
	1437	992
	1438	993
	415	301
	1440	994
	417	302
	1442	995
	1443	996
	420	305
	1444	997
	1447	1000
	424	306
	1449	1001
	426	307
	1450	1003
	1451	1004
	429	310
	1454	1007
	1456	1008
	1457	1010
	435	311
	1460	1013
	437	312
	1462	1015
	440	315
	1465	1018
	444	316
	446	317
	1470	1023
	449	320
	453	321
	455	322
	458	325
	464	326
	466	327
	470	330
	476	331
	478	332
	487	335
	489	336
	492	339
	498	340
	500	341
	503	344
	504	345
	513	348
	515	349
	518	352
	524	353
	526	354
	530	357
	536	358
	538	359
	542	362
	548	363
	550	364
	553	367
	559	368
	561	369
	564	372
	570	373
	572	374
	576	377
	582	378
	584	379
	587	382
	593	383
	595	384
	598	387
	604	388
	606	389
	609	392
	615	393
	617	394
	620	397
	626	398
	628	399
	631	402
	632	403
	635	406
	636	407
	640	411
	641	412
	644	415
	650	416
	652	417
	655	420
	656	421
	659	424
	660	425
	664	429
	670	430
	672	431
	675	434
	676	435
	679	438
	680	439
	684	443
	690	444
	692	445
	695	448
	696	449
	699	452
	700	453
	701	454
	702	455
	703	456
	706	459
	707	460
	711	464
	717	465
	719	466
	722	469
	723	470
	726	473
	727	474
	731	478
	737	479
	739	480
	742	483
	743	484
	744	485
	747	488
	748	489
	749	490
	751	493
	752	494
	754	496
	757	499
	758	500
	759	500
	760	500
	762	502
	764	504
	767	507
	768	508
	769	509
	770	510
	771	511
	774	514
	775	515
	779	519
	783	520
	785	521
	788	524
	789	525
	790	525
	791	525
	793	527
	795	529
	798	532
	799	533
	803	537
	809	538
	811	539
	814	542
	820	543
	822	544
	825	547
	832	548
	834	549
	837	552
	838	553
	842	557
	846	561
	847	562
	851	566
	852	567
	853	568
	854	569
	857	572
	858	573
	859	574
	862	577
	868	578
	870	579
	873	582
	874	583
	878	587
	879	588
	880	589
	881	590
	883	591
	884	592
	886	593
	888	594
	890	595
	891	596
	894	599
	895	600
	896	601
	897	603
	898	604
	899	605
	900	606
	901	607
	902	608
	905	612
	906	613
	909	616
	919	620
	921	621
	930	624
	932	625
	935	628
	936	629
	937	630
	940	633
	946	634
	948	635
	951	638
	957	639
	959	640
	962	643
	968	644
	970	645
	973	648
	979	649
	981	650
	984	653
	990	654
	992	655
	995	658
	1001	659
	1003	660
	1006	663
	1012	664
	1014	665
	1017	668
	1023	669
net/minecraft/client/particle/BaseAshSmokeParticle	49	66
	10	30
	11	31
	12	32
	13	33
	15	34
	16	35
	17	36
	18	37
	19	38
	20	39
	21	40
	23	41
	24	42
	25	43
	26	44
	27	45
	29	46
	30	47
	31	48
	32	49
	33	50
	37	54
	42	59
	47	64
	48	65
	49	66
net/minecraft/client/renderer/block/model/BlockElementRotation	0	0
net/minecraft/client/gui/screens/CreateBuffetWorldScreen	137	137
	131	133
	134	134
	135	135
	137	137
	26	28
	37	37
	38	38
	39	39
	41	40
	44	41
	45	42
	46	43
	50	47
	51	48
	55	52
	56	53
	58	54
	59	55
	60	56
	61	57
	63	59
	65	61
	66	62
	69	65
	70	66
	74	70
	75	71
	76	72
	77	73
	78	74
	79	75
	83	81
	85	88
	87	89
	88	91
	89	92
	90	93
	91	94
	95	97
	97	98
	98	99
	100	102
	101	103
	108	111
	109	112
	111	113
	112	114
	113	115
	115	117
	117	119
	121	123
	126	128
	127	129
net/minecraft/client/renderer/entity/layers/WardenEmissiveLayer	49	54
	32	44
	35	38
	36	39
	37	40
	38	42
	39	44
	42	47
	43	48
	44	49
	45	50
	48	53
	49	54
	23	30
	24	31
	25	32
	26	33
	27	34
	31	37
com/mojang/blaze3d/platform/Monitor	90	96
	65	71
	69	75
	73	79
	77	83
	81	87
	20	23
	21	24
	85	91
	22	25
	23	26
	26	29
	90	96
	27	30
	28	31
	29	33
	30	34
	31	35
	32	36
	33	37
	36	41
	37	42
	38	43
	39	44
	40	45
	41	46
	42	47
	43	48
	46	51
	47	52
	48	53
	50	55
	51	56
	52	57
	56	62
	60	66
	61	67
com/mojang/blaze3d/audio/SoundBuffer	60	64
	20	20
	21	21
	22	22
	25	25
	26	26
	27	27
	29	30
	30	31
	31	32
	32	33
	33	34
	35	37
	36	38
	37	39
	39	42
	40	43
	41	44
	44	47
	48	51
	49	52
	50	53
	51	54
	54	58
	55	59
	58	62
	59	63
	60	64
net/minecraft/client/gui/font/FontTexture	132	128
	129	124
	130	125
	132	128
	23	24
	24	25
	25	26
	26	27
	27	28
	32	32
	36	36
	37	37
	41	41
	42	42
	45	44
	47	45
	48	46
	49	47
	51	48
	52	49
	56	50
	58	51
	60	54
	62	56
	64	57
	65	58
	66	59
	67	60
	71	63
	76	70
	77	71
	78	72
	92	87
	93	88
	94	89
	95	90
	96	91
	100	95
	101	96
	102	97
	103	98
	105	101
	108	103
	109	104
	111	107
	112	108
	114	109
	115	110
	117	113
	118	114
	119	115
	122	118
	123	119
	125	120
	126	121
	127	122
